loan_id,customer_id,has_late_payment,principal_amount,interest_rate,term_months,loan_type,loan_product,monthly_payment_est,annual_income,employment_status,industry_name,debt_to_income,payment_to_income,borrower_age_years,client_tenure_years,accounts_count,cards_count,disbursement_date,payments_total
1,6,0,9359671.45,13.4203,120,MORTGAGE,Mortgage,182671.93,2154655.92,Employed,Construction,4.3439,1.0174,24.3,0.07,1,0,2025-09-11,3
4,22,0,1088267.74,24.0639,12,PERSONAL,Personal Loan,112512.28,7672814.40,Employed,Public Sector,0.1418,0.1760,63.7,0.03,1,1,2025-11-25,1
5,23,0,369542.04,17.2866,60,PERSONAL,Personal Loan,11482.47,2618852.76,Employed,Energy,0.1411,0.0526,33.8,0.02,1,1,2025-08-26,4
6,27,0,6715317.59,10.9088,120,MORTGAGE,Mortgage,117007.69,1285964.04,Employed,Healthcare,5.2220,1.0919,53.8,0.08,1,1,2025-04-13,8
7,28,0,296854.98,18.0720,12,PERSONAL,Personal Loan,29208.55,2732976.60,Self-employed,Retail,0.1086,0.1282,45.3,0.03,1,0,2025-07-23,5
8,28,0,4569604.06,14.6587,180,MORTGAGE,Mortgage,81207.07,2732976.60,Self-employed,Retail,1.6720,0.3566,45.3,0.07,1,0,2025-08-05,4
9,32,1,783818.72,24.4691,36,PERSONAL,Personal Loan,37755.52,1716160.08,Employed,Professional Services,0.4567,0.2640,60.0,0.42,2,1,2025-06-09,6
10,35,1,8438880.77,10.8302,120,MORTGAGE,Mortgage,146486.31,1576653.00,Employed,Healthcare,5.3524,1.1149,57.3,0.07,2,1,2025-03-04,9
11,38,1,1003829.97,22.9905,24,PERSONAL,Personal Loan,61058.38,1037422.08,Self-employed,Transport,0.9676,0.7063,47.8,0.02,1,1,2025-07-01,6
12,41,0,4301970.04,13.1063,300,MORTGAGE,Mortgage,61325.66,5759075.16,Employed,Finance,0.7470,0.1278,52.2,0.10,1,0,2025-11-19,1
13,43,1,7649012.40,13.9951,300,MORTGAGE,Mortgage,114703.95,1749436.44,Employed,Energy,4.3723,0.7868,58.9,0.10,1,1,2025-06-01,5
14,44,0,9022266.23,11.2189,180,MORTGAGE,Mortgage,134473.62,4230955.92,Self-employed,Construction,2.1324,0.3814,32.4,0.08,1,1,2025-09-16,3
16,48,0,793830.36,17.3960,24,PERSONAL,Personal Loan,44584.16,5695265.52,Employed,Finance,0.1394,0.0939,32.3,0.06,1,1,2025-05-17,7
17,49,0,9447921.66,10.1978,120,MORTGAGE,Mortgage,159022.69,2012141.64,Employed,Manufacturing,4.6955,0.9484,48.8,0.05,1,1,2025-04-25,8
19,63,0,692242.25,23.2536,48,PERSONAL,Personal Loan,27835.98,456303.24,Employed,Construction,1.5171,0.7320,61.0,0.02,1,1,2025-09-18,3
20,63,0,5615934.67,10.5308,120,MORTGAGE,Mortgage,96083.03,456303.24,Employed,Construction,12.3075,2.5268,61.0,0.09,1,1,2025-10-16,2
21,71,1,1046062.51,21.5306,12,PERSONAL,Personal Loan,105940.50,1484720.88,Self-employed,Healthcare,0.7046,0.8562,36.1,0.08,1,1,2025-06-06,6
22,72,1,337548.01,22.4381,12,PERSONAL,Personal Loan,34440.61,1688429.88,Employed,Energy,0.1999,0.2448,36.7,0.03,1,1,2025-06-30,6
23,77,1,5209031.53,13.3685,120,MORTGAGE,Mortgage,101439.38,2185889.28,Employed,Healthcare,2.3830,0.5569,32.5,0.09,1,1,2025-05-12,7
25,81,0,1110758.07,21.5472,24,PERSONAL,Personal Loan,66226.36,2029764.60,Employed,Hospitality,0.5472,0.3915,43.1,0.42,2,1,2025-06-05,6
26,81,0,6813185.73,11.3923,180,MORTGAGE,Mortgage,102532.58,2029764.60,Employed,Hospitality,3.3566,0.6062,42.7,0.08,1,1,2025-02-01,10
27,84,0,413280.94,24.7397,36,PERSONAL,Personal Loan,20000.40,1788670.80,Self-employed,Hospitality,0.2311,0.1342,33.8,0.18,1,1,2025-05-14,7
31,93,0,103135.23,18.2121,48,PERSONAL,Personal Loan,3713.91,4657132.68,Employed,Energy,0.0221,0.0096,40.8,0.04,1,1,2025-01-31,11
32,95,1,716803.49,23.6864,36,PERSONAL,Personal Loan,34059.95,2527935.72,Self-employed,Public Sector,0.2836,0.1617,63.0,0.11,1,1,2025-04-06,7
34,98,0,957265.14,24.3555,48,PERSONAL,Personal Loan,39371.92,1973660.28,Employed,Tech,0.4850,0.2394,41.9,0.00,1,1,2025-09-30,3
35,107,0,772462.98,16.3594,12,PERSONAL,Personal Loan,74902.77,1012126.20,Employed,Construction,0.7632,0.8881,29.5,0.02,1,1,2025-02-15,10
36,112,0,770724.76,17.8585,60,PERSONAL,Personal Loan,24315.40,2341765.68,Self-employed,Transport,0.3291,0.1246,41.4,0.10,1,1,2025-06-04,6
37,112,1,2310516.21,14.7863,120,MORTGAGE,Mortgage,47724.29,2341765.68,Self-employed,Transport,0.9867,0.2446,41.4,0.10,1,1,2025-06-02,6
38,115,0,7881433.85,14.0699,180,MORTGAGE,Mortgage,136194.90,1367419.68,Employed,Professional Services,5.7637,1.1952,62.6,0.05,1,1,2025-06-23,6
39,117,0,615411.97,16.0419,12,PERSONAL,Personal Loan,59511.31,3932382.12,Employed,Healthcare,0.1565,0.1816,33.5,0.02,1,1,2025-08-23,4
40,117,0,4219122.31,12.6159,240,MORTGAGE,Mortgage,61936.36,3932382.12,Employed,Healthcare,1.0729,0.1890,33.5,0.05,1,1,2025-09-02,3
43,124,0,912168.53,21.7315,60,PERSONAL,Personal Loan,31721.80,2210244.60,Employed,Retail,0.4127,0.1722,47.8,0.24,1,1,2025-04-17,8
44,127,0,3984933.40,14.5762,120,MORTGAGE,Mortgage,81612.10,1333503.24,Employed,Transport,2.9883,0.7344,42.6,0.11,1,1,2025-09-20,3
45,128,0,8883312.21,14.3120,180,MORTGAGE,Mortgage,155300.04,6042429.48,Employed,Professional Services,1.4702,0.3084,62.5,0.14,2,0,2025-03-28,9
46,130,0,837543.92,23.7877,24,PERSONAL,Personal Loan,51500.37,5040303.84,Employed,Hospitality,0.1662,0.1226,38.4,0.07,2,1,2025-07-18,5
47,135,0,898884.56,16.9957,60,PERSONAL,Personal Loan,27712.39,2690719.68,Employed,Finance,0.3341,0.1236,25.4,0.01,1,1,2025-08-13,4
48,141,1,6089770.58,12.7513,300,MORTGAGE,Mortgage,85009.64,2043325.80,Employed,Finance,2.9803,0.4992,64.3,0.11,2,1,2025-06-03,6
49,142,0,6307888.37,13.1221,240,MORTGAGE,Mortgage,95260.15,1507464.48,Employed,Healthcare,4.1844,0.7583,56.7,0.06,2,1,2025-05-10,7
50,143,0,700197.53,22.1470,12,PERSONAL,Personal Loan,71272.52,832050.84,Employed,Education,0.8415,1.0279,26.1,0.14,1,1,2025-04-19,8
51,147,1,657866.54,16.3791,48,PERSONAL,Personal Loan,22684.94,4760129.40,Employed,Finance,0.1382,0.0572,38.6,0.03,1,1,2025-09-08,3
52,152,1,3957535.22,10.6905,240,MORTGAGE,Mortgage,51746.42,6583786.20,Employed,Public Sector,0.6011,0.0943,53.6,0.11,2,1,2025-06-28,6
53,154,1,416227.24,22.5411,12,PERSONAL,Personal Loan,42504.12,1469429.88,Employed,Education,0.2833,0.3471,33.5,0.01,1,0,2025-09-12,3
54,156,0,247097.59,21.2969,12,PERSONAL,Personal Loan,24976.81,3684437.64,Employed,Tech,0.0671,0.0813,49.6,0.02,1,1,2025-10-04,2
55,160,0,153663.95,18.1518,60,PERSONAL,Personal Loan,4885.46,1873686.96,Employed,Finance,0.0820,0.0313,28.9,0.03,1,1,2025-09-20,3
56,165,0,7226945.47,13.1148,240,MORTGAGE,Mortgage,109095.56,865151.28,Employed,Tech,8.3534,1.5132,29.8,0.12,2,1,2025-10-04,2
57,168,1,558810.64,23.5500,24,PERSONAL,Personal Loan,34250.44,2039221.20,Employed,Manufacturing,0.2740,0.2016,46.7,0.03,1,1,2025-07-16,5
58,168,0,5372822.39,12.9322,180,MORTGAGE,Mortgage,87751.02,2039221.20,Employed,Manufacturing,2.6347,0.5164,46.8,0.09,1,1,2025-08-06,4
59,171,0,1006914.66,16.6173,12,PERSONAL,Personal Loan,97853.06,2055674.88,Employed,Tech,0.4898,0.5712,45.9,0.11,1,1,2025-05-14,7
61,180,0,752772.40,18.1829,60,PERSONAL,Personal Loan,23952.53,1785391.32,Self-employed,Education,0.4216,0.1610,47.8,0.08,1,1,2025-06-01,7
63,189,1,9863192.52,13.3010,180,MORTGAGE,Mortgage,164120.78,1131789.60,Employed,Transport,8.7147,1.7401,47.8,0.05,1,1,2025-02-13,10
64,192,0,977968.46,22.0366,60,PERSONAL,Personal Loan,34258.72,1969119.60,Employed,Public Sector,0.4967,0.2088,59.0,0.21,1,1,2025-03-25,9
65,198,0,1010657.94,24.7085,24,PERSONAL,Personal Loan,62920.62,854012.40,Employed,Transport,1.1834,0.8841,52.4,0.16,1,1,2025-05-20,6
66,212,0,344421.74,18.0394,36,PERSONAL,Personal Loan,14744.91,3258753.72,Self-employed,Finance,0.1057,0.0543,62.2,0.00,1,1,2025-10-20,2
68,217,0,606559.14,16.1897,36,PERSONAL,Personal Loan,25032.21,1703761.08,Self-employed,Education,0.3560,0.1763,62.8,0.01,1,1,2025-09-18,3
69,224,0,776830.92,16.1047,60,PERSONAL,Personal Loan,23372.71,3494786.64,Self-employed,Energy,0.2223,0.0803,37.1,0.36,2,1,2025-05-18,7
71,229,0,5353287.39,10.5459,180,MORTGAGE,Mortgage,76786.51,2184864.48,Employed,Finance,2.4502,0.4217,59.5,0.10,1,1,2025-11-08,1
72,230,1,584453.63,19.2502,48,PERSONAL,Personal Loan,21551.83,1488263.76,Employed,Professional Services,0.3927,0.1738,33.9,0.03,1,1,2025-08-17,4
73,236,0,5476855.82,11.8996,240,MORTGAGE,Mortgage,77130.56,1857123.60,Employed,Education,2.9491,0.4984,23.7,0.08,1,1,2025-09-14,3
74,239,0,9259083.25,12.3251,120,MORTGAGE,Mortgage,172258.30,1382763.84,Employed,Retail,6.6961,1.4949,46.3,0.09,1,1,2025-03-28,9
75,241,0,309136.99,18.6656,36,PERSONAL,Personal Loan,13395.66,2286215.28,Employed,Healthcare,0.1352,0.0703,37.7,0.36,1,1,2025-06-29,6
76,241,0,2452663.09,12.3850,240,MORTGAGE,Mortgage,35532.96,2286215.28,Employed,Healthcare,1.0728,0.1865,37.5,0.11,1,1,2025-03-29,9
77,247,0,965260.07,24.4374,36,PERSONAL,Personal Loan,46469.82,2197235.88,Employed,Hospitality,0.4393,0.2538,43.0,0.01,1,1,2025-08-02,4
78,248,0,7398950.71,11.2049,240,MORTGAGE,Mortgage,99916.05,2068355.52,Employed,Construction,3.5772,0.5797,28.1,0.06,1,1,2025-10-17,1
79,249,0,464308.10,21.3872,36,PERSONAL,Personal Loan,21172.66,905423.52,Employed,Hospitality,0.5128,0.2806,51.1,0.01,1,1,2025-10-14,2
80,249,0,5550793.45,12.1004,300,MORTGAGE,Mortgage,74475.00,905423.52,Employed,Hospitality,6.1306,0.9871,51.2,0.11,1,1,2025-11-19,1
81,252,0,6187095.78,14.2556,180,MORTGAGE,Mortgage,107873.39,2189598.84,Employed,Hospitality,2.8257,0.5912,39.6,0.11,1,1,2025-09-18,2
82,255,0,1049427.30,16.7471,36,PERSONAL,Personal Loan,43796.48,2540089.56,Employed,Finance,0.4131,0.2069,43.9,0.34,1,1,2025-06-24,6
83,256,0,650931.34,16.1181,12,PERSONAL,Personal Loan,62987.43,2175409.56,Employed,Construction,0.2992,0.3475,26.2,0.04,1,1,2025-03-22,9
84,260,0,589235.81,20.1852,12,PERSONAL,Personal Loan,59014.52,2474794.20,Employed,Construction,0.2381,0.2862,45.0,0.02,1,1,2025-08-25,4
85,262,0,413361.57,19.7119,60,PERSONAL,Personal Loan,13679.48,1778929.44,Employed,Professional Services,0.2324,0.0923,35.2,0.30,1,1,2025-04-27,8
86,263,0,9198138.24,11.4397,300,MORTGAGE,Mortgage,118347.08,3598210.20,Employed,Retail,2.5563,0.3947,38.3,0.15,1,1,2025-10-19,2
87,264,0,346628.27,18.3634,24,PERSONAL,Personal Loan,19747.24,1282836.72,Employed,Retail,0.2702,0.1847,42.8,0.02,1,1,2025-07-26,5
88,264,0,7626431.90,14.8074,180,MORTGAGE,Mortgage,136475.42,1282836.72,Employed,Retail,5.9450,1.2766,42.9,0.13,1,1,2025-09-02,3
89,265,1,883100.43,21.5073,36,PERSONAL,Personal Loan,40358.16,1221739.68,Employed,Manufacturing,0.7228,0.3964,51.0,0.05,1,1,2025-04-25,8
90,266,0,1054061.48,21.3915,12,PERSONAL,Personal Loan,106628.42,2832166.32,Employed,Hospitality,0.3722,0.4518,44.1,0.10,1,1,2025-03-23,9
92,273,0,755058.90,17.8423,60,PERSONAL,Personal Loan,23810.97,1806749.64,Employed,Healthcare,0.4179,0.1581,40.1,0.01,1,1,2025-12-01,1
93,279,0,824581.47,23.6664,24,PERSONAL,Personal Loan,50619.96,2038305.84,Employed,Transport,0.4045,0.2980,44.4,0.02,1,1,2025-09-19,3
94,279,0,7997983.41,11.1998,240,MORTGAGE,Mortgage,107971.44,2038305.84,Employed,Transport,3.9238,0.6357,44.5,0.09,1,1,2025-10-14,2
96,286,0,8880677.40,13.7757,180,MORTGAGE,Mortgage,151285.05,5723690.40,Employed,Healthcare,1.5516,0.3172,54.5,0.05,1,1,2025-07-25,5
97,290,0,8993662.39,14.4861,120,MORTGAGE,Mortgage,183516.43,1415400.84,Employed,Manufacturing,6.3541,1.5559,39.8,0.16,1,0,2025-05-18,7
98,291,0,606353.31,21.2288,24,PERSONAL,Personal Loan,35991.52,2440836.72,Employed,Energy,0.2484,0.1769,32.4,0.02,1,1,2025-11-09,1
99,293,0,370841.81,24.3528,24,PERSONAL,Personal Loan,22977.61,2354267.52,Self-employed,Tech,0.1575,0.1171,33.0,0.03,1,1,2025-08-08,4
100,295,0,5744371.28,10.9071,180,MORTGAGE,Mortgage,84125.20,2897355.36,Employed,Tech,1.9826,0.3484,38.1,0.11,1,1,2025-04-28,8
101,297,0,1235149.31,18.3660,36,PERSONAL,Personal Loan,53213.66,3438500.16,Self-employed,Construction,0.3592,0.1857,54.3,0.08,1,1,2025-04-27,7
102,298,0,1072492.96,17.8570,24,PERSONAL,Personal Loan,60646.80,2848257.36,Employed,Finance,0.3765,0.2555,52.5,0.04,1,1,2025-02-20,10
103,301,0,6624612.64,12.3938,120,MORTGAGE,Mortgage,123625.21,4533282.12,Employed,Energy,1.4613,0.3272,56.9,0.04,1,1,2025-08-03,3
105,304,0,235072.17,18.0902,48,PERSONAL,Personal Loan,8441.09,953356.32,Employed,Professional Services,0.2466,0.1062,25.2,0.02,1,1,2025-09-12,3
106,310,0,866879.42,20.0580,12,PERSONAL,Personal Loan,86729.84,1872520.08,Employed,Transport,0.4629,0.5558,46.3,0.24,2,1,2025-05-24,7
107,310,0,6828042.21,10.3697,120,MORTGAGE,Mortgage,115904.31,1872520.08,Employed,Transport,3.6464,0.7428,46.2,0.16,1,1,2025-04-28,8
108,319,0,308648.08,22.0187,24,PERSONAL,Personal Loan,18523.69,2243855.88,Self-employed,Retail,0.1376,0.0991,43.2,0.03,1,1,2025-10-06,2
110,321,0,5713698.78,12.3397,120,MORTGAGE,Mortgage,106368.60,1056351.72,Employed,Construction,5.4089,1.2083,24.6,0.12,1,1,2025-05-13,7
111,328,0,1324380.41,19.0218,12,PERSONAL,Personal Loan,131358.45,1349625.12,Self-employed,Energy,0.9813,1.1680,34.0,0.02,1,1,2025-10-06,2
114,343,0,269773.79,21.9672,12,PERSONAL,Personal Loan,27419.63,447262.68,Student,,0.6032,0.7357,21.5,0.01,1,1,2025-07-18,5
115,344,0,446012.69,19.8607,48,PERSONAL,Personal Loan,16673.70,2042715.96,Employed,Hospitality,0.2183,0.0980,34.3,0.34,1,1,2025-06-18,6
116,344,0,3763786.01,13.3900,240,MORTGAGE,Mortgage,57680.02,2042715.96,Employed,Hospitality,1.8425,0.3388,34.0,0.12,1,1,2025-03-30,9
117,347,0,7348899.64,14.3908,300,MORTGAGE,Mortgage,112626.79,3679493.64,Employed,Transport,1.9973,0.3673,47.4,0.09,1,1,2025-08-12,4
118,350,0,471831.78,21.4992,36,PERSONAL,Personal Loan,21559.78,1461235.68,Self-employed,Finance,0.3229,0.1771,53.3,0.03,2,1,2025-09-14,3
119,352,1,9727036.18,14.7100,300,MORTGAGE,Mortgage,151660.71,3052821.96,Employed,Public Sector,3.1862,0.5961,41.4,0.05,1,1,2025-05-07,7
120,354,0,5263570.17,10.6480,180,MORTGAGE,Mortgage,75947.47,1311803.16,Employed,Hospitality,4.0125,0.6947,39.9,0.04,1,1,2025-09-25,3
122,360,0,9328939.09,11.3658,180,MORTGAGE,Mortgage,140186.49,1481793.36,Employed,Construction,6.2957,1.1353,42.5,0.13,1,1,2025-08-04,4
123,365,0,737878.73,16.8601,12,PERSONAL,Personal Loan,71857.15,2658513.00,Employed,Professional Services,0.2776,0.3243,64.2,0.42,1,0,2025-06-08,5
124,367,0,667836.72,18.1008,36,PERSONAL,Personal Loan,28624.67,1907829.72,Employed,Manufacturing,0.3501,0.1800,28.3,0.03,1,1,2025-10-16,2
126,370,0,1495189.44,19.7332,48,PERSONAL,Personal Loan,55737.17,2461236.84,Self-employed,Professional Services,0.6075,0.2718,50.2,0.04,1,1,2025-07-10,4
127,387,1,140503.94,21.9364,48,PERSONAL,Personal Loan,5495.62,1070599.20,Employed,Energy,0.1312,0.0616,29.2,0.04,1,1,2025-06-14,6
128,392,0,262442.78,21.2413,36,PERSONAL,Personal Loan,11935.60,908517.12,Employed,Retail,0.2889,0.1576,25.8,0.11,1,1,2025-03-24,8
129,395,0,420822.66,18.8597,24,PERSONAL,Personal Loan,24148.10,337099.32,Student,,1.2484,0.8596,22.3,0.15,1,1,2025-04-23,8
130,399,0,833793.84,22.3764,36,PERSONAL,Personal Loan,38708.69,1099130.52,Employed,Energy,0.7586,0.4226,29.5,0.11,1,1,2025-02-16,8
131,401,1,605892.40,17.5570,12,PERSONAL,Personal Loan,59355.74,2016259.92,Employed,Retail,0.3005,0.3533,60.3,0.10,2,1,2025-06-07,6
132,402,0,287948.47,21.6997,60,PERSONAL,Personal Loan,10006.14,1870775.16,Employed,Finance,0.1539,0.0642,60.0,0.02,1,1,2025-08-25,4
133,407,0,5289974.21,11.3663,300,MORTGAGE,Mortgage,67739.44,1776971.52,Employed,Hospitality,2.9770,0.4574,52.7,0.05,1,1,2025-01-26,11
136,421,0,153713.10,19.4130,24,PERSONAL,Personal Loan,8891.41,1681887.12,Employed,Retail,0.0914,0.0634,23.6,0.01,1,1,2025-07-05,5
137,423,0,208222.71,21.9915,48,PERSONAL,Personal Loan,8153.91,747604.20,Self-employed,Professional Services,0.2785,0.1309,46.8,0.03,1,1,2025-10-01,3
138,427,1,523885.16,22.1737,12,PERSONAL,Personal Loan,53337.49,2865172.80,Employed,Energy,0.1828,0.2234,23.5,0.08,1,1,2025-05-26,7
140,436,0,6976124.88,13.1017,120,MORTGAGE,Mortgage,134300.29,4057662.96,Employed,Professional Services,1.7192,0.3972,33.7,0.13,1,1,2025-03-20,8
141,442,0,750201.45,21.4647,12,PERSONAL,Personal Loan,75935.83,7147481.52,Employed,Tech,0.1050,0.1275,39.7,0.26,1,1,2025-04-13,8
142,449,0,7830625.17,11.5903,120,MORTGAGE,Mortgage,140887.96,2253996.60,Employed,Hospitality,3.4741,0.7501,57.5,0.08,1,1,2025-02-15,10
143,450,0,1464816.01,22.2281,12,PERSONAL,Personal Loan,149201.40,4499235.60,Employed,Retail,0.3256,0.3979,50.8,0.01,1,1,2025-09-28,3
144,462,0,121473.87,22.3115,36,PERSONAL,Personal Loan,5632.83,672158.76,Retired,,0.1807,0.1006,70.5,0.02,1,1,2025-09-10,3
145,463,0,9941972.32,12.5572,240,MORTGAGE,Mortgage,145461.00,2051934.48,Employed,Retail,4.8452,0.8507,60.6,0.08,1,1,2025-11-09,1
146,468,0,8255393.85,10.1325,300,MORTGAGE,Mortgage,97224.46,5480213.40,Employed,Construction,1.5064,0.2129,56.5,0.11,1,1,2025-07-08,5
147,469,0,371385.19,17.4817,60,PERSONAL,Personal Loan,11600.12,2109822.00,Employed,Education,0.1760,0.0660,49.0,0.01,1,1,2025-09-11,3
148,469,0,5847417.34,10.0139,240,MORTGAGE,Mortgage,73160.45,2109822.00,Employed,Education,2.7715,0.4161,49.0,0.03,1,1,2025-09-19,3
149,470,0,194699.23,19.6156,24,PERSONAL,Personal Loan,11295.09,430265.16,Student,,0.4525,0.3150,18.6,0.28,1,1,2025-07-01,6
150,474,0,7239063.21,11.2843,300,MORTGAGE,Mortgage,92203.34,1468373.76,Employed,Finance,4.9300,0.7535,33.1,0.13,1,1,2025-11-04,1
151,477,0,9701337.24,10.0217,180,MORTGAGE,Mortgage,134916.23,5201379.60,Employed,Finance,1.8651,0.3113,41.7,0.13,1,1,2025-03-19,9
152,478,1,1068646.82,17.1640,12,PERSONAL,Personal Loan,104339.11,1183855.44,Employed,Tech,0.9027,1.0576,48.2,0.08,1,0,2025-06-26,6
153,480,1,713720.33,21.0374,36,PERSONAL,Personal Loan,32337.91,3040848.24,Employed,Education,0.2347,0.1276,49.5,0.26,2,1,2025-05-12,7
155,489,0,329774.31,22.3198,48,PERSONAL,Personal Loan,13004.05,2387935.56,Employed,Retail,0.1381,0.0653,35.4,0.02,1,1,2025-10-18,2
156,491,0,6331851.10,13.5965,300,MORTGAGE,Mortgage,92848.68,4227099.48,Employed,Education,1.4979,0.2636,52.2,0.05,1,1,2025-07-10,5
158,495,0,128938.72,21.3311,24,PERSONAL,Personal Loan,7664.45,1884614.64,Employed,Construction,0.0684,0.0488,47.2,0.14,1,1,2025-06-03,6
159,498,0,326374.69,17.9000,60,PERSONAL,Personal Loan,10308.00,1078168.32,Employed,Public Sector,0.3027,0.1147,61.1,0.03,1,1,2025-10-03,2
160,500,0,666395.64,19.0618,48,PERSONAL,Personal Loan,24468.83,1375409.76,Employed,Manufacturing,0.4845,0.2135,26.1,0.02,1,1,2025-07-26,5
161,506,0,663532.90,24.3013,60,PERSONAL,Personal Loan,24496.14,1227273.24,Employed,Retail,0.5407,0.2395,55.3,0.13,1,1,2025-04-24,8
162,506,1,4023891.72,12.6617,120,MORTGAGE,Mortgage,75990.19,1227273.24,Employed,Retail,3.2787,0.7430,55.2,0.09,1,1,2025-04-11,8
163,507,0,569781.36,21.3325,24,PERSONAL,Personal Loan,33869.94,1412811.24,Employed,Hospitality,0.4033,0.2877,60.3,0.20,1,1,2025-04-26,8
164,507,1,3478456.22,14.7707,300,MORTGAGE,Mortgage,54410.88,1412811.24,Employed,Hospitality,2.4621,0.4621,60.2,0.10,1,1,2025-03-22,9
166,511,0,578752.56,17.1455,12,PERSONAL,Personal Loan,56498.55,2422938.84,Employed,Transport,0.2389,0.2798,34.3,0.04,1,1,2025-07-09,5
167,513,0,2544402.33,11.1495,120,MORTGAGE,Mortgage,44844.03,1193084.16,Employed,Education,2.1326,0.4510,27.8,0.08,1,1,2025-07-27,5
168,515,0,767224.12,24.9756,60,PERSONAL,Personal Loan,28755.30,1604892.24,Employed,Finance,0.4781,0.2150,34.4,0.04,1,1,2025-10-19,2
169,519,0,3552279.49,14.1410,120,MORTGAGE,Mortgage,71462.98,6403481.04,Employed,Construction,0.5547,0.1339,37.1,0.10,1,1,2025-06-25,6
170,520,0,2603910.11,11.4321,180,MORTGAGE,Mortgage,39272.97,2159060.64,Employed,Transport,1.2060,0.2183,60.3,0.10,1,1,2025-04-22,7
172,528,1,993571.15,21.1537,12,PERSONAL,Personal Loan,100312.35,2844983.16,Employed,Manufacturing,0.3492,0.4231,35.8,0.02,1,1,2025-03-11,9
173,528,0,7646739.12,10.2462,180,MORTGAGE,Mortgage,107773.57,2844983.16,Employed,Manufacturing,2.6878,0.4546,35.9,0.09,1,1,2025-04-04,8
174,533,0,934174.66,22.4399,36,PERSONAL,Personal Loan,43418.28,2437546.08,Employed,Education,0.3832,0.2137,48.7,0.14,1,1,2025-05-25,7
175,534,1,3748302.02,14.4646,180,MORTGAGE,Mortgage,66005.31,1461250.68,Employed,Education,2.5651,0.5420,57.0,0.09,1,1,2025-03-20,9
176,538,0,9832381.45,14.1068,240,MORTGAGE,Mortgage,156554.45,2223649.56,Employed,Professional Services,4.4217,0.8449,56.1,0.06,1,1,2025-04-14,8
177,539,1,8407339.50,14.6300,180,MORTGAGE,Mortgage,149206.92,3027569.40,Self-employed,Manufacturing,2.7769,0.5914,64.2,0.08,1,1,2025-07-08,5
178,541,1,1112484.53,19.9316,36,PERSONAL,Personal Loan,49380.35,3240288.60,Self-employed,Hospitality,0.3433,0.1829,37.4,0.22,1,1,2025-05-01,8
179,542,0,8677414.50,12.6395,300,MORTGAGE,Mortgage,120323.20,1511855.88,Employed,Public Sector,5.7396,0.9550,57.5,0.13,1,1,2025-09-16,3
182,550,0,9884695.74,11.5625,300,MORTGAGE,Mortgage,128192.15,2029172.76,Employed,Public Sector,4.8713,0.7581,62.9,0.12,2,1,2025-06-01,7
183,552,1,713842.04,17.5369,12,PERSONAL,Personal Loan,69918.98,0.00,Self-employed,Energy,,,60.0,0.15,1,1,2025-05-19,7
184,558,0,328636.35,21.5946,60,PERSONAL,Personal Loan,11391.25,1166104.80,Employed,Energy,0.2818,0.1172,38.9,0.03,1,1,2025-07-08,5
185,558,0,8958813.99,10.0939,180,MORTGAGE,Mortgage,125129.00,1166104.80,Employed,Energy,7.6827,1.2877,39.0,0.16,1,1,2025-08-25,4
186,564,0,357799.74,24.0163,12,PERSONAL,Personal Loan,36977.50,2100234.96,Employed,Transport,0.1704,0.2113,24.2,0.03,1,1,2025-05-08,7
187,573,1,955000.48,17.7161,48,PERSONAL,Personal Loan,33994.91,1978659.72,Employed,Transport,0.4827,0.2062,26.2,0.03,1,1,2025-03-09,8
188,576,0,668486.67,24.9582,36,PERSONAL,Personal Loan,32472.59,1218216.96,Employed,Energy,0.5487,0.3199,34.9,0.02,1,1,2025-11-12,1
189,578,0,9025032.20,14.4699,120,MORTGAGE,Mortgage,184034.70,4650910.32,Employed,Healthcare,1.9405,0.4748,46.7,0.11,1,1,2025-04-09,8
191,585,0,1314720.41,16.2868,60,PERSONAL,Personal Loan,39755.83,4699262.40,Employed,Construction,0.2798,0.1015,48.8,0.16,1,1,2025-05-15,7
192,586,1,356953.26,22.1024,48,PERSONAL,Personal Loan,14011.13,3156240.48,Employed,Retail,0.1131,0.0533,43.6,0.28,1,1,2025-07-16,5
193,586,1,5791256.68,10.2575,120,MORTGAGE,Mortgage,97763.65,3156240.48,Employed,Retail,1.8349,0.3717,43.4,0.08,1,1,2025-05-05,7
195,594,0,2525643.01,14.3638,240,MORTGAGE,Mortgage,40755.04,1391347.44,Employed,Retail,1.8152,0.3515,25.3,0.12,1,1,2025-11-19,1
196,597,1,1025037.34,20.3183,36,PERSONAL,Personal Loan,45829.11,2317528.32,Employed,Retail,0.4423,0.2373,60.9,0.11,2,1,2025-04-18,7
197,600,0,2824675.28,10.0712,300,MORTGAGE,Mortgage,33122.14,2380131.72,Employed,Hospitality,1.1868,0.1670,34.3,0.08,1,0,2025-08-23,4
200,612,0,849930.14,16.7919,12,PERSONAL,Personal Loan,82720.80,872181.36,Employed,Manufacturing,0.9745,1.1381,23.4,0.01,1,1,2025-07-24,5
201,617,0,212612.79,18.5507,12,PERSONAL,Personal Loan,21004.50,4302605.40,Employed,Tech,0.0494,0.0586,36.7,0.06,2,1,2025-06-05,6
202,619,0,7122184.95,14.2430,300,MORTGAGE,Mortgage,108275.02,1805166.12,Self-employed,Education,3.9454,0.7198,57.4,0.05,1,1,2025-02-25,9
203,622,0,9934551.60,14.1780,120,MORTGAGE,Mortgage,200164.66,2164524.36,Self-employed,Construction,4.5897,1.1097,47.5,0.12,1,1,2025-07-08,5
204,628,0,968975.15,22.3270,36,PERSONAL,Personal Loan,44944.57,2419078.08,Employed,Retail,0.4006,0.2230,36.7,0.12,1,1,2025-03-11,9
205,635,1,695101.76,23.5969,12,PERSONAL,Personal Loan,71593.69,2906898.48,Employed,Finance,0.2391,0.2955,53.8,0.05,1,1,2025-01-27,11
206,637,0,194344.08,16.6160,24,PERSONAL,Personal Loan,10788.69,2222350.20,Employed,Healthcare,0.0874,0.0583,37.4,0.03,1,0,2025-08-27,4
207,638,0,801160.42,17.5967,36,PERSONAL,Personal Loan,34002.61,1372914.36,Employed,Tech,0.5835,0.2972,33.0,0.04,1,0,2025-05-30,7
208,642,0,1475565.87,19.0047,24,PERSONAL,Personal Loan,84850.82,3602092.20,Employed,Public Sector,0.4096,0.2827,32.7,0.06,1,1,2025-06-08,6
209,643,0,779441.79,20.4797,48,PERSONAL,Personal Loan,29540.65,1818374.76,Employed,Transport,0.4286,0.1949,55.6,0.07,1,1,2025-07-08,5
210,645,1,172986.27,19.2548,60,PERSONAL,Personal Loan,5658.78,627763.20,Student,,0.2756,0.1082,18.7,0.02,1,1,2025-11-12,1
211,646,0,9821324.01,13.4030,300,MORTGAGE,Mortgage,142433.75,2013742.68,Employed,Professional Services,4.8771,0.8488,30.1,0.10,1,1,2025-04-30,8
213,652,0,8212291.35,10.8066,240,MORTGAGE,Mortgage,108173.67,5488291.92,Employed,Public Sector,1.4963,0.2365,57.8,0.10,1,1,2025-11-08,1
214,656,0,268815.04,17.7337,12,PERSONAL,Personal Loan,26373.82,1825344.84,Employed,Finance,0.1473,0.1734,47.2,0.03,1,1,2025-10-01,3
215,660,0,929052.94,17.4449,12,PERSONAL,Personal Loan,90927.11,2212576.08,Employed,Education,0.4199,0.4931,50.2,0.08,1,1,2025-07-05,5
216,668,0,611073.43,23.5668,48,PERSONAL,Personal Loan,24731.57,4584218.52,Employed,Hospitality,0.1333,0.0647,57.9,0.13,1,1,2025-07-15,5
217,676,0,983391.39,20.2285,60,PERSONAL,Personal Loan,32966.97,4149589.08,Employed,Finance,0.2370,0.0953,33.4,0.03,2,1,2025-09-07,3
218,678,1,888754.59,19.2007,60,PERSONAL,Personal Loan,29033.17,1303144.20,Self-employed,Energy,0.6820,0.2674,35.3,0.21,1,0,2025-04-25,8
219,679,0,291663.75,23.8970,60,PERSONAL,Personal Loan,10669.30,1939677.00,Employed,Healthcare,0.1504,0.0660,59.0,0.01,1,1,2025-11-11,1
221,688,0,784311.89,21.9996,36,PERSONAL,Personal Loan,36165.23,4724362.08,Employed,Tech,0.1660,0.0919,38.3,0.02,1,1,2025-09-28,3
222,688,0,8144908.94,12.1375,180,MORTGAGE,Mortgage,127631.85,4724362.08,Employed,Tech,1.7240,0.3242,38.3,0.07,1,1,2025-10-16,2
224,694,0,1336046.78,18.7966,12,PERSONAL,Personal Loan,132264.85,3151569.00,Employed,Retail,0.4239,0.5036,37.6,0.05,1,1,2025-06-29,6
225,694,0,7334981.60,14.8898,300,MORTGAGE,Mortgage,115463.61,3151569.00,Employed,Retail,2.3274,0.4396,37.6,0.06,1,1,2025-07-05,5
227,698,1,740967.23,24.0008,36,PERSONAL,Personal Loan,35402.26,1120751.16,Employed,Healthcare,0.6611,0.3791,36.6,0.03,1,1,2025-06-04,6
228,698,1,9558324.57,14.6292,300,MORTGAGE,Mortgage,148386.62,1120751.16,Employed,Healthcare,8.5285,1.5888,36.7,0.08,1,1,2025-06-22,6
229,699,0,1161805.31,24.8317,36,PERSONAL,Personal Loan,56313.70,2194945.32,Employed,Healthcare,0.5293,0.3079,62.4,0.01,1,1,2025-08-04,4
230,699,1,7610454.52,14.8837,120,MORTGAGE,Mortgage,157813.56,2194945.32,Employed,Healthcare,3.4673,0.8628,62.4,0.07,1,1,2025-08-25,4
231,715,0,8712981.33,12.6561,240,MORTGAGE,Mortgage,128197.72,4457320.44,Employed,Retail,1.9548,0.3451,49.4,0.11,2,1,2025-08-19,4
232,717,0,958372.12,17.2218,24,PERSONAL,Personal Loan,53686.25,3363713.64,Self-employed,Construction,0.2849,0.1915,60.2,0.18,1,1,2025-06-05,6
233,718,0,7810263.67,12.4160,240,MORTGAGE,Mortgage,113352.96,1619357.64,Self-employed,Construction,4.8231,0.8400,63.2,0.13,1,1,2025-07-17,5
234,720,0,410641.14,18.9649,24,PERSONAL,Personal Loan,23599.85,1942978.68,Employed,Tech,0.2113,0.1458,47.0,0.11,1,1,2025-07-08,5
235,721,1,6668465.91,14.3840,240,MORTGAGE,Mortgage,107717.95,2488710.96,Employed,Healthcare,2.6795,0.5194,43.6,0.12,1,1,2025-08-17,4
236,725,0,859106.80,19.5646,60,PERSONAL,Personal Loan,28325.18,1831641.72,Employed,Tech,0.4690,0.1856,24.2,0.12,1,1,2025-06-21,6
237,732,0,963004.13,16.9881,24,PERSONAL,Personal Loan,53758.18,1679730.84,Employed,Finance,0.5733,0.3840,45.0,0.22,1,1,2025-03-27,8
238,735,0,5138020.55,11.9007,120,MORTGAGE,Mortgage,93771.87,1305186.72,Employed,Manufacturing,3.9366,0.8621,34.7,0.08,1,1,2025-07-10,5
239,738,1,1245825.49,23.4809,12,PERSONAL,Personal Loan,128196.38,4642962.24,Employed,Professional Services,0.2683,0.3313,57.2,0.19,1,1,2025-03-25,9
240,744,0,8687730.14,13.9649,180,MORTGAGE,Mortgage,149367.90,1089459.48,Employed,Construction,7.9743,1.6452,37.9,0.16,1,1,2025-05-23,7
241,746,0,5538425.39,14.3789,180,MORTGAGE,Mortgage,97132.75,648398.40,Employed,Tech,8.5417,1.7976,55.0,0.10,1,1,2025-07-09,5
242,750,0,325862.33,20.0562,24,PERSONAL,Personal Loan,19023.90,3046274.76,Employed,Hospitality,0.1070,0.0749,33.9,0.11,1,1,2025-06-01,7
243,758,0,717670.90,17.3802,24,PERSONAL,Personal Loan,40297.34,2114678.28,Employed,Retail,0.3394,0.2287,37.0,0.15,1,1,2025-06-09,5
244,763,1,496905.59,24.5431,12,PERSONAL,Personal Loan,51571.80,2263327.68,Employed,Healthcare,0.2195,0.2734,58.6,0.03,1,1,2025-09-27,3
245,764,0,5256429.89,11.2432,240,MORTGAGE,Mortgage,71151.03,3007397.40,Employed,Education,1.7478,0.2839,51.7,0.10,1,1,2025-11-01,2
246,773,0,355203.92,19.3294,60,PERSONAL,Personal Loan,11641.63,3170859.84,Employed,Public Sector,0.1120,0.0441,64.7,0.01,1,1,2025-09-09,3
247,773,0,4073612.29,12.6248,300,MORTGAGE,Mortgage,56435.82,3170859.84,Employed,Public Sector,1.2847,0.2136,64.8,0.08,1,1,2025-10-06,2
248,775,0,254436.26,24.0458,36,PERSONAL,Personal Loan,12166.11,1973706.36,Employed,Professional Services,0.1289,0.0740,49.1,0.03,1,1,2025-09-22,3
249,776,0,9439931.75,14.2116,240,MORTGAGE,Mortgage,151130.16,4442006.16,Employed,Hospitality,2.1252,0.4083,64.3,0.13,2,1,2025-09-10,3
250,777,0,285100.23,20.2618,48,PERSONAL,Personal Loan,10753.46,2766986.16,Employed,Public Sector,0.1030,0.0466,48.6,0.03,1,1,2025-09-19,3
252,780,0,1116357.24,21.1269,24,PERSONAL,Personal Loan,66169.19,2854172.04,Self-employed,Healthcare,0.3911,0.2782,37.8,0.04,1,1,2025-07-04,5
253,781,1,192648.27,16.1386,24,PERSONAL,Personal Loan,10617.91,711462.96,Retired,,0.2708,0.1791,60.6,0.06,1,1,2025-06-21,6
254,789,0,682737.05,24.6499,12,PERSONAL,Personal Loan,70919.25,1855856.64,Employed,Tech,0.3679,0.4586,34.9,0.25,2,1,2025-04-25,8
255,801,0,4105941.01,12.1089,300,MORTGAGE,Mortgage,55118.49,2158939.44,Employed,Manufacturing,1.9018,0.3064,60.1,0.08,1,1,2025-03-22,9
257,810,1,5014688.64,13.2131,180,MORTGAGE,Mortgage,83075.70,1165867.44,Self-employed,Tech,4.3013,0.8551,32.6,0.06,1,1,2025-06-09,6
260,814,0,187283.35,24.6040,36,PERSONAL,Personal Loan,9042.25,601194.72,Student,,0.3115,0.1805,21.5,0.20,1,1,2025-05-24,7
261,817,0,173409.44,17.8568,36,PERSONAL,Personal Loan,7397.38,4868692.56,Employed,Construction,0.0356,0.0182,64.1,0.08,1,1,2025-04-02,8
262,823,0,137518.67,19.2690,12,PERSONAL,Personal Loan,13668.10,610339.92,Retired,,0.2253,0.2687,67.0,0.31,1,1,2025-06-18,6
263,824,0,568086.29,19.4192,24,PERSONAL,Personal Loan,32863.41,1577296.56,Employed,Healthcare,0.3602,0.2500,64.0,0.01,1,1,2025-09-13,3
264,825,0,999532.95,23.5948,12,PERSONAL,Personal Loan,102947.56,2948638.80,Self-employed,Public Sector,0.3390,0.4190,57.9,0.02,1,1,2025-10-14,2
265,838,0,213781.22,17.2841,60,PERSONAL,Personal Loan,6642.20,4939604.88,Employed,Professional Services,0.0433,0.0161,43.7,0.03,1,1,2025-06-01,7
266,839,0,6206040.46,11.6452,300,MORTGAGE,Mortgage,80912.29,2681656.44,Self-employed,Construction,2.3143,0.3621,33.5,0.08,1,1,2025-06-30,6
267,849,0,727287.83,16.8947,24,PERSONAL,Personal Loan,40543.08,1593278.76,Employed,Manufacturing,0.4565,0.3054,25.6,0.02,1,1,2025-06-22,6
268,853,1,1005108.43,21.0054,12,PERSONAL,Personal Loan,101352.96,2160121.08,Self-employed,Energy,0.4653,0.5630,32.2,0.02,1,1,2025-08-20,4
269,865,1,352847.73,23.2168,48,PERSONAL,Personal Loan,14177.66,2359487.28,Employed,Energy,0.1495,0.0721,52.8,0.10,1,1,2025-02-21,10
270,865,1,5982032.24,11.5521,240,MORTGAGE,Mortgage,82512.66,2359487.28,Employed,Energy,2.5353,0.4196,52.8,0.04,1,1,2025-02-02,8
273,873,0,1407980.20,21.7826,60,PERSONAL,Personal Loan,49024.23,3315374.64,Employed,Healthcare,0.4247,0.1774,52.4,0.12,1,1,2025-07-12,5
274,878,0,6995231.81,13.6477,120,MORTGAGE,Mortgage,137850.95,2247244.08,Employed,Transport,3.1128,0.7361,28.0,0.14,1,1,2025-08-04,4
275,884,1,335231.38,23.5667,60,PERSONAL,Personal Loan,12170.77,2066573.64,Employed,Healthcare,0.1622,0.0707,41.0,0.04,1,1,2025-09-02,3
276,886,0,4835959.63,12.2694,300,MORTGAGE,Mortgage,65565.13,1202135.28,Employed,Public Sector,4.0228,0.6545,29.8,0.05,1,1,2025-10-01,3
277,887,1,5398844.11,13.5804,240,MORTGAGE,Mortgage,83593.90,1602626.76,Employed,Professional Services,3.3687,0.6259,59.7,0.09,1,1,2025-07-05,5
278,890,0,1173092.93,23.1172,48,PERSONAL,Personal Loan,47038.29,2119328.64,Employed,Healthcare,0.5535,0.2663,33.7,0.05,1,1,2025-05-21,7
279,891,0,1464406.56,22.3572,24,PERSONAL,Personal Loan,88300.30,3157453.92,Employed,Energy,0.4638,0.3356,35.4,0.02,1,1,2025-08-28,4
281,898,0,584963.14,21.5615,36,PERSONAL,Personal Loan,26759.55,1406630.76,Employed,Professional Services,0.4159,0.2283,23.6,0.04,1,1,2025-11-06,1
282,899,0,7672810.33,10.5861,300,MORTGAGE,Mortgage,93263.65,1972543.32,Employed,Tech,3.8898,0.5674,37.7,0.15,1,1,2025-05-31,7
283,902,0,9400071.35,12.7987,180,MORTGAGE,Mortgage,152479.86,2337903.84,Employed,Tech,4.0207,0.7826,32.3,0.08,1,1,2025-09-25,3
284,905,0,1488249.24,21.5670,24,PERSONAL,Personal Loan,88757.94,2619789.60,Employed,Energy,0.5681,0.4066,38.3,0.03,1,1,2025-11-14,1
285,909,0,758869.51,23.2648,36,PERSONAL,Personal Loan,35792.16,2313008.52,Employed,Professional Services,0.3281,0.1857,39.8,0.03,1,1,2025-07-08,4
286,909,0,7034456.83,13.9589,180,MORTGAGE,Mortgage,120908.05,2313008.52,Employed,Professional Services,3.0413,0.6273,39.9,0.13,1,1,2025-08-11,4
287,914,0,9795347.33,13.6196,120,MORTGAGE,Mortgage,192801.82,2850643.44,Self-employed,Healthcare,3.4362,0.8116,34.3,0.10,1,1,2025-10-22,2
288,918,0,6045177.85,10.9079,180,MORTGAGE,Mortgage,88534.48,2089597.08,Employed,Professional Services,2.8930,0.5084,37.1,0.02,1,1,2025-08-20,4
289,923,0,877293.47,18.3326,24,PERSONAL,Personal Loan,49956.45,1611000.24,Employed,Manufacturing,0.5446,0.3721,30.8,0.04,1,1,2025-10-20,2
290,927,0,922310.53,19.6242,48,PERSONAL,Personal Loan,34297.81,1587751.56,Employed,Education,0.5809,0.2592,35.0,0.04,1,1,2025-11-01,2
291,932,1,2915538.78,11.6220,240,MORTGAGE,Mortgage,40385.07,2005005.36,Employed,Transport,1.4541,0.2417,35.4,0.10,2,1,2025-07-30,5
292,939,0,4129798.75,10.6950,180,MORTGAGE,Mortgage,59750.16,2515733.28,Employed,Professional Services,1.6416,0.2850,39.7,0.09,1,1,2025-04-06,8
293,950,0,907832.16,18.9753,36,PERSONAL,Personal Loan,39572.88,2096092.56,Employed,Public Sector,0.4331,0.2266,59.1,0.04,1,1,2025-08-07,4
294,950,0,6643893.18,10.9729,240,MORTGAGE,Mortgage,88435.20,2096092.56,Employed,Public Sector,3.1697,0.5063,59.2,0.09,1,1,2025-08-27,4
295,962,0,4301249.30,11.7641,120,MORTGAGE,Mortgage,78010.68,4448046.36,Employed,Hospitality,0.9670,0.2105,52.1,0.12,1,0,2025-09-30,3
296,965,0,403853.48,20.1343,24,PERSONAL,Personal Loan,23603.32,2279252.16,Employed,Finance,0.1772,0.1243,41.9,0.10,1,1,2025-06-04,6
297,972,0,796521.90,20.8588,60,PERSONAL,Personal Loan,27120.77,1382812.92,Employed,Finance,0.5760,0.2354,54.5,0.01,1,1,2025-10-14,2
298,973,0,7557594.39,14.8605,300,MORTGAGE,Mortgage,118783.34,4745980.44,Employed,Healthcare,1.5924,0.3003,43.9,0.08,1,1,2025-07-05,5
299,974,0,671783.06,19.2456,12,PERSONAL,Personal Loan,66755.98,4116266.64,Self-employed,Education,0.1632,0.1946,56.0,0.28,1,1,2025-06-17,5
300,985,0,791454.77,23.4465,12,PERSONAL,Personal Loan,81418.60,2237320.68,Employed,Education,0.3538,0.4367,25.0,0.25,1,1,2025-05-23,7
302,988,0,2624993.34,11.6830,240,MORTGAGE,Mortgage,36493.97,1469851.92,Employed,Hospitality,1.7859,0.2979,53.4,0.04,1,1,2025-09-25,3
303,990,0,728561.44,17.3475,12,PERSONAL,Personal Loan,71245.72,1670668.92,Employed,Construction,0.4361,0.5117,40.3,0.09,1,1,2025-07-08,5
304,990,0,6241933.41,14.6833,240,MORTGAGE,Mortgage,102384.87,1670668.92,Employed,Construction,3.7362,0.7354,40.4,0.12,1,1,2025-07-18,5
305,997,0,875802.79,17.0132,60,PERSONAL,Personal Loan,27013.55,3324153.84,Employed,Finance,0.2635,0.0975,42.7,0.02,1,1,2025-09-15,3
306,1002,0,7287327.05,14.9424,180,MORTGAGE,Mortgage,131226.95,2496948.00,Employed,Retail,2.9185,0.6307,60.0,0.11,1,1,2025-09-02,3
307,1005,0,989189.73,22.4265,36,PERSONAL,Personal Loan,45964.21,4700488.68,Employed,Construction,0.2104,0.1173,40.2,0.41,2,1,2025-07-06,5
308,1005,0,3568921.22,14.1547,120,MORTGAGE,Mortgage,71838.52,4700488.68,Employed,Construction,0.7593,0.1834,39.9,0.09,1,1,2025-03-11,9
309,1019,0,3077853.04,14.1201,180,MORTGAGE,Mortgage,53315.51,4996534.80,Employed,Construction,0.6160,0.1280,33.8,0.14,1,1,2025-05-16,7
310,1021,0,8681277.24,10.3213,120,MORTGAGE,Mortgage,147012.37,2838660.72,Employed,Professional Services,3.0582,0.6215,54.6,0.05,1,1,2025-11-09,1
311,1022,0,773004.54,16.4109,12,PERSONAL,Personal Loan,74988.46,994661.76,Employed,Professional Services,0.7772,0.9047,24.2,0.02,1,1,2025-08-23,4
312,1023,0,167523.37,20.9071,48,PERSONAL,Personal Loan,6408.76,337298.04,Retired,,0.4967,0.2280,73.4,0.20,1,1,2025-06-23,6
313,1026,0,5378282.61,11.9880,240,MORTGAGE,Mortgage,76138.55,3541319.40,Self-employed,Healthcare,1.5187,0.2580,36.3,0.11,1,1,2025-02-16,9
314,1029,1,2332917.03,14.5468,240,MORTGAGE,Mortgage,38000.89,677981.64,Employed,Hospitality,3.4410,0.6726,44.1,0.10,2,1,2025-04-21,8
315,1030,0,393167.62,17.0472,24,PERSONAL,Personal Loan,21967.32,1627039.20,Employed,Manufacturing,0.2416,0.1620,58.6,0.15,2,1,2025-06-18,6
316,1031,0,555489.23,19.7498,36,PERSONAL,Personal Loan,24572.59,2010218.88,Employed,Tech,0.2763,0.1467,28.4,0.16,1,1,2025-06-14,6
317,1037,0,336813.29,17.4747,48,PERSONAL,Personal Loan,11921.70,1061896.44,Employed,Manufacturing,0.3172,0.1347,63.1,0.03,1,1,2025-06-18,6
318,1044,0,1093880.25,20.4835,60,PERSONAL,Personal Loan,36903.42,1040995.92,Employed,Construction,1.0508,0.4254,28.6,0.44,1,1,2025-06-18,5
320,1055,0,879580.72,24.8114,12,PERSONAL,Personal Loan,91484.75,800004.96,Employed,Finance,1.0995,1.3723,60.6,0.05,1,1,2025-06-24,6
321,1056,1,6174002.01,14.1748,120,MORTGAGE,Mortgage,124379.39,2223138.36,Employed,Hospitality,2.7772,0.6714,29.7,0.15,1,1,2025-04-22,8
322,1057,0,1410746.36,20.1296,24,PERSONAL,Personal Loan,82445.90,3222753.96,Employed,Healthcare,0.4377,0.3070,56.5,0.02,1,0,2025-09-20,3
323,1060,0,678665.79,17.5082,36,PERSONAL,Personal Loan,28753.67,1210884.00,Employed,Education,0.5605,0.2850,26.1,0.02,1,1,2025-07-13,5
324,1061,0,8607254.86,12.9971,300,MORTGAGE,Mortgage,121915.31,2663210.64,Employed,Professional Services,3.2319,0.5493,60.4,0.03,1,1,2025-02-25,10
325,1067,1,455197.49,21.7643,48,PERSONAL,Personal Loan,17739.16,1362934.32,Employed,Finance,0.3340,0.1562,60.7,0.02,1,1,2025-09-17,3
326,1070,0,1487789.32,17.1325,12,PERSONAL,Personal Loan,145223.74,2374184.04,Self-employed,Finance,0.6267,0.7340,34.2,0.26,2,1,2025-07-02,5
327,1071,0,3414088.11,10.4732,180,MORTGAGE,Mortgage,48764.18,2613239.64,Self-employed,Construction,1.3065,0.2239,44.0,0.08,1,1,2025-09-15,3
328,1073,0,1084854.22,24.9548,48,PERSONAL,Personal Loan,45161.40,4494852.84,Employed,Public Sector,0.2414,0.1206,44.8,0.31,1,1,2025-07-10,5
329,1074,1,5522514.95,11.5158,120,MORTGAGE,Mortgage,99017.77,1641668.88,Employed,Energy,3.3640,0.7238,29.8,0.07,1,1,2025-02-26,10
330,1075,1,4954031.82,14.1379,240,MORTGAGE,Mortgage,79008.14,927421.08,Employed,Public Sector,5.3417,1.0223,40.4,0.11,2,1,2025-08-12,4
331,1079,1,901714.67,22.5892,60,PERSONAL,Personal Loan,32002.76,2178378.36,Employed,Transport,0.4139,0.1763,41.3,0.22,1,1,2025-06-17,6
332,1085,0,5348010.38,10.8795,240,MORTGAGE,Mortgage,70769.78,2048546.64,Employed,Tech,2.6106,0.4146,43.5,0.07,1,1,2025-05-06,7
333,1086,0,299612.94,22.4030,24,PERSONAL,Personal Loan,18077.40,1905214.92,Employed,Public Sector,0.1573,0.1139,31.1,0.03,1,1,2025-11-11,1
334,1088,1,510254.24,23.8489,24,PERSONAL,Personal Loan,31401.43,2887634.16,Self-employed,Professional Services,0.1767,0.1305,54.3,0.16,1,0,2025-06-13,6
335,1092,0,5721178.15,10.3879,300,MORTGAGE,Mortgage,68596.45,1672013.52,Employed,Energy,3.4217,0.4923,43.8,0.07,1,1,2025-03-25,9
336,1097,0,399293.42,17.5001,24,PERSONAL,Personal Loan,22460.29,1264483.80,Employed,Transport,0.3158,0.2131,38.9,0.03,1,1,2025-09-29,3
337,1097,0,4740996.88,13.8140,240,MORTGAGE,Mortgage,74330.93,1264483.80,Employed,Transport,3.7494,0.7054,38.9,0.09,1,1,2025-10-23,2
338,1104,0,8686827.35,12.4272,300,MORTGAGE,Mortgage,118916.88,3185191.08,Employed,Education,2.7273,0.4480,37.3,0.13,2,1,2025-05-29,7
339,1106,1,377353.66,23.8654,60,PERSONAL,Personal Loan,13793.97,1721751.48,Employed,Professional Services,0.2192,0.0961,53.0,0.33,1,1,2025-07-11,5
340,1108,0,1185136.46,23.0223,12,PERSONAL,Personal Loan,121498.51,2775768.60,Self-employed,Hospitality,0.4270,0.5253,46.0,0.04,1,0,2025-11-26,1
342,1110,0,289984.15,21.2692,12,PERSONAL,Personal Loan,29305.12,715973.28,Employed,Professional Services,0.4050,0.4912,36.8,0.21,1,1,2025-04-08,7
343,1111,1,1487061.24,18.8899,24,PERSONAL,Personal Loan,85369.58,2173983.72,Self-employed,Energy,0.6840,0.4712,59.6,0.28,1,1,2025-05-26,7
344,1121,0,453489.99,16.4874,60,PERSONAL,Personal Loan,13788.89,1798613.28,Employed,Public Sector,0.2521,0.0920,31.2,0.13,1,1,2025-05-02,7
346,1124,0,548971.78,19.9695,48,PERSONAL,Personal Loan,20572.49,6245526.12,Employed,Tech,0.0879,0.0395,54.1,0.03,1,1,2025-09-03,3
347,1124,0,6041365.95,14.0901,240,MORTGAGE,Mortgage,96108.57,6245526.12,Employed,Tech,0.9673,0.1847,54.2,0.15,1,1,2025-10-18,2
348,1126,0,2220020.81,10.7318,300,MORTGAGE,Mortgage,27254.09,1919641.56,Employed,Energy,1.1565,0.1704,36.5,0.15,1,1,2025-10-18,2
349,1128,0,155894.90,23.2879,36,PERSONAL,Personal Loan,7355.80,2713984.44,Employed,Public Sector,0.0574,0.0325,42.7,0.04,2,1,2025-07-10,5
352,1136,1,755392.13,24.5615,60,PERSONAL,Personal Loan,28051.17,2278543.20,Employed,Education,0.3315,0.1477,23.9,0.04,1,1,2025-05-31,7
353,1138,0,241907.24,21.0781,48,PERSONAL,Personal Loan,9288.85,4550097.84,Employed,Education,0.0532,0.0245,43.3,0.03,1,1,2025-11-09,1
355,1144,0,237981.07,21.1520,24,PERSONAL,Personal Loan,14110.69,993504.00,Employed,Public Sector,0.2395,0.1704,28.7,0.04,1,1,2025-07-28,5
356,1146,0,2491390.72,14.9774,180,MORTGAGE,Mortgage,44936.52,973550.88,Employed,Transport,2.5591,0.5539,58.7,0.10,1,1,2025-08-30,4
357,1149,0,543051.95,19.3754,48,PERSONAL,Personal Loan,20081.79,1668942.72,Employed,Professional Services,0.3254,0.1444,62.5,0.04,1,1,2025-10-18,2
358,1158,0,7355632.77,12.0047,300,MORTGAGE,Mortgage,98103.91,1325376.72,Self-employed,Retail,5.5498,0.8882,63.8,0.07,1,1,2025-03-25,9
359,1163,0,487548.83,19.0191,60,PERSONAL,Personal Loan,15853.10,1668747.00,Employed,Education,0.2922,0.1140,47.3,0.02,1,1,2025-11-22,1
360,1165,0,274775.05,23.3748,12,PERSONAL,Personal Loan,28250.26,3924438.24,Self-employed,Manufacturing,0.0700,0.0864,43.4,0.04,1,1,2025-06-04,6
361,1170,0,1251975.51,18.5922,48,PERSONAL,Personal Loan,45480.31,4686658.80,Employed,Energy,0.2671,0.1165,38.1,0.05,1,1,2025-05-24,7
362,1170,0,8660087.95,11.3619,300,MORTGAGE,Mortgage,110862.84,4686658.80,Employed,Energy,1.8478,0.2839,38.2,0.12,1,1,2025-06-17,5
364,1183,0,1074558.58,21.9995,60,PERSONAL,Personal Loan,37609.10,1767381.96,Employed,Hospitality,0.6080,0.2554,33.4,0.04,1,1,2025-05-03,7
365,1184,0,1008844.49,20.4702,36,PERSONAL,Personal Loan,45232.83,5824003.56,Employed,Tech,0.1732,0.0932,61.5,0.08,1,1,2025-05-15,7
366,1184,1,3284762.44,12.4231,180,MORTGAGE,Mortgage,52254.46,5824003.56,Employed,Tech,0.5640,0.1077,61.6,0.08,1,1,2025-05-16,7
367,1191,0,6796928.06,10.1898,180,MORTGAGE,Mortgage,95476.83,1860207.72,Self-employed,Finance,3.6539,0.6159,58.8,0.10,1,1,2025-10-29,2
368,1193,0,324091.15,24.9009,24,PERSONAL,Personal Loan,20228.93,1325388.00,Employed,Energy,0.2445,0.1832,31.0,0.03,1,1,2025-11-06,1
369,1196,0,5813737.88,13.4280,180,MORTGAGE,Mortgage,97354.27,436368.24,Self-employed,Professional Services,13.3230,2.6772,35.2,0.05,1,1,2025-10-25,2
370,1197,0,1038541.26,16.7548,60,PERSONAL,Personal Loan,31809.48,1566302.16,Employed,Hospitality,0.6631,0.2437,45.5,0.03,1,1,2025-09-07,3
371,1198,0,521321.04,21.0262,24,PERSONAL,Personal Loan,30856.21,1653403.80,Employed,Construction,0.3153,0.2239,30.8,0.03,1,1,2025-11-11,1
372,1206,0,730903.82,23.4075,60,PERSONAL,Personal Loan,26438.92,1278227.04,Employed,Hospitality,0.5718,0.2482,35.4,0.15,1,1,2025-05-27,7
373,1213,1,313643.22,24.1675,36,PERSONAL,Personal Loan,15028.96,1436906.40,Employed,Transport,0.2183,0.1255,23.5,0.02,1,1,2025-08-11,4
374,1214,0,362900.68,19.3081,60,PERSONAL,Personal Loan,11887.45,1525024.80,Employed,Finance,0.2380,0.0935,54.5,0.03,1,1,2025-09-22,3
376,1225,0,712580.91,19.2049,12,PERSONAL,Personal Loan,70785.95,1859320.20,Employed,Manufacturing,0.3832,0.4569,23.2,0.03,1,1,2025-08-13,4
377,1232,0,804248.27,23.8949,12,PERSONAL,Personal Loan,83035.22,2108436.84,Employed,Healthcare,0.3814,0.4726,49.8,0.02,1,1,2025-11-06,1
378,1240,0,7684375.94,11.5470,300,MORTGAGE,Mortgage,99557.49,89337.60,Employed,Professional Services,86.0150,13.3728,41.5,0.08,1,1,2025-09-12,3
379,1244,1,2206367.31,11.4792,300,MORTGAGE,Mortgage,28460.67,1509454.20,Employed,Education,1.4617,0.2263,32.8,0.12,1,1,2025-05-28,7
380,1248,0,680513.52,20.5775,60,PERSONAL,Personal Loan,23011.28,5004004.44,Employed,Tech,0.1360,0.0552,58.9,0.03,1,1,2025-11-28,1
381,1252,0,8512910.28,11.1742,240,MORTGAGE,Mortgage,114741.26,1602437.52,Employed,Healthcare,5.3125,0.8593,64.9,0.10,1,1,2025-11-02,1
382,1253,0,201197.48,22.5931,12,PERSONAL,Personal Loan,20554.52,508343.64,Employed,Education,0.3958,0.4852,39.0,0.03,1,1,2025-10-21,2
383,1260,0,344529.97,23.6260,12,PERSONAL,Personal Loan,35494.05,3143646.72,Self-employed,Professional Services,0.1096,0.1355,41.1,0.02,1,1,2025-08-01,5
384,1262,0,2384093.79,14.0933,180,MORTGAGE,Mortgage,41244.76,4212320.76,Employed,Transport,0.5660,0.1175,38.2,0.04,1,1,2025-07-24,5
385,1264,0,4063766.18,12.5342,180,MORTGAGE,Mortgage,65023.19,2532009.36,Employed,Manufacturing,1.6050,0.3082,51.3,0.15,2,1,2025-02-25,10
387,1271,0,114813.28,20.2388,36,PERSONAL,Personal Loan,5125.66,1930375.68,Employed,Construction,0.0595,0.0319,30.2,0.03,1,1,2025-11-24,1
388,1277,0,122633.88,23.5169,36,PERSONAL,Personal Loan,5809.80,1813613.88,Employed,Tech,0.0676,0.0384,38.8,0.09,1,1,2025-06-14,6
389,1277,0,2593134.52,10.0137,300,MORTGAGE,Mortgage,30282.84,1813613.88,Employed,Tech,1.4298,0.2004,38.8,0.15,1,1,2025-07-04,5
390,1281,1,261396.33,18.0309,48,PERSONAL,Personal Loan,9373.43,2066212.68,Employed,Professional Services,0.1265,0.0544,54.5,0.31,1,1,2025-05-06,7
391,1282,0,281740.79,22.5385,36,PERSONAL,Personal Loan,13117.81,1768940.40,Employed,Transport,0.1593,0.0890,44.1,0.03,1,1,2025-07-18,5
392,1283,0,829671.70,19.7816,36,PERSONAL,Personal Loan,36723.30,2380685.40,Employed,Manufacturing,0.3485,0.1851,41.3,0.01,1,1,2025-11-25,1
394,1285,0,728323.28,21.2763,24,PERSONAL,Personal Loan,43260.16,4501729.32,Employed,Energy,0.1618,0.1153,55.8,0.16,1,1,2025-05-11,7
395,1289,0,761004.35,16.2120,36,PERSONAL,Personal Loan,31420.18,1348526.40,Employed,Energy,0.5643,0.2796,41.8,0.10,1,1,2025-05-14,7
396,1289,1,6749034.82,10.2449,180,MORTGAGE,Mortgage,95113.96,1348526.40,Employed,Energy,5.0047,0.8464,41.8,0.11,1,1,2025-05-16,7
397,1290,0,215973.15,18.5701,60,PERSONAL,Personal Loan,6941.75,2569227.72,Employed,Education,0.0841,0.0324,61.9,0.03,1,1,2025-08-13,4
398,1301,0,821799.98,18.0634,60,PERSONAL,Personal Loan,26067.08,1194528.36,Employed,Transport,0.6880,0.2619,58.9,0.26,1,1,2025-04-11,8
399,1317,1,326456.59,19.5803,12,PERSONAL,Personal Loan,32531.48,519763.32,Student,,0.6281,0.7511,19.0,0.02,1,1,2025-09-12,3
400,1319,1,344436.07,18.3952,24,PERSONAL,Personal Loan,19631.48,3541008.12,Employed,Energy,0.0973,0.0665,58.0,0.05,1,1,2025-07-16,5
401,1319,0,6308406.94,12.5124,240,MORTGAGE,Mortgage,92062.79,3541008.12,Employed,Energy,1.7815,0.3120,58.0,0.06,1,1,2025-07-20,5
402,1324,0,5837656.55,13.2801,180,MORTGAGE,Mortgage,97035.31,3580354.56,Employed,Finance,1.6305,0.3252,45.4,0.10,2,1,2025-02-14,10
403,1327,1,134082.42,17.3831,12,PERSONAL,Personal Loan,13115.84,2451568.44,Employed,Energy,0.0547,0.0642,64.4,0.05,1,0,2025-06-24,6
404,1327,0,9344965.27,11.3693,180,MORTGAGE,Mortgage,140454.57,2451568.44,Employed,Energy,3.8118,0.6875,64.5,0.10,1,0,2025-07-12,5
405,1330,0,1162899.17,22.3229,48,PERSONAL,Personal Loan,45859.80,2791521.24,Self-employed,Manufacturing,0.4166,0.1971,47.8,0.25,1,0,2025-07-03,5
406,1334,0,542510.46,21.0124,24,PERSONAL,Personal Loan,32104.14,1062566.64,Employed,Education,0.5106,0.3626,41.0,0.03,1,1,2025-11-09,1
408,1347,0,5106299.18,10.7998,120,MORTGAGE,Mortgage,88508.33,1578973.44,Employed,Hospitality,3.2339,0.6727,64.7,0.11,1,1,2025-08-27,4
409,1348,0,175154.03,24.2715,36,PERSONAL,Personal Loan,8408.10,1742488.32,Employed,Retail,0.1005,0.0579,26.1,0.17,1,1,2025-07-08,5
410,1352,1,4649657.95,11.2274,180,MORTGAGE,Mortgage,69334.41,1618261.56,Employed,Tech,2.8732,0.5141,34.9,0.12,1,1,2025-08-05,4
413,1377,0,1193905.25,20.1323,12,PERSONAL,Personal Loan,119522.15,1855321.92,Self-employed,Public Sector,0.6435,0.7731,36.0,0.02,1,1,2025-06-25,6
414,1379,0,1156911.73,17.1058,60,PERSONAL,Personal Loan,35773.45,2583155.16,Self-employed,Hospitality,0.4479,0.1662,33.3,0.16,2,1,2025-04-03,8
415,1387,0,790304.05,19.9963,12,PERSONAL,Personal Loan,79027.97,2018274.96,Employed,Professional Services,0.3916,0.4699,61.2,0.02,1,1,2025-04-05,8
416,1387,0,4869043.63,13.9999,120,MORTGAGE,Mortgage,97380.47,2018274.96,Employed,Professional Services,2.4125,0.5790,61.4,0.15,1,1,2025-05-20,7
417,1389,0,804092.49,18.9417,12,PERSONAL,Personal Loan,79700.11,1415354.52,Employed,Professional Services,0.5681,0.6757,31.4,0.03,1,1,2025-11-01,1
418,1392,0,2577785.41,12.9821,120,MORTGAGE,Mortgage,49369.10,1605692.52,Employed,Hospitality,1.6054,0.3690,26.8,0.10,1,0,2025-07-23,5
419,1393,0,4234985.72,13.8420,120,MORTGAGE,Mortgage,84142.11,3008884.32,Self-employed,Manufacturing,1.4075,0.3356,48.9,0.13,1,0,2025-07-19,5
420,1398,0,436796.07,21.1573,24,PERSONAL,Personal Loan,25901.02,2932887.24,Employed,Manufacturing,0.1489,0.1060,41.8,0.15,1,1,2025-05-27,7
421,1398,1,7557403.33,14.7286,240,MORTGAGE,Mortgage,124247.49,2932887.24,Employed,Manufacturing,2.5768,0.5084,41.7,0.04,1,1,2025-04-20,8
422,1402,1,4489172.65,14.4774,180,MORTGAGE,Mortgage,79099.47,1920566.28,Employed,Manufacturing,2.3374,0.4942,32.8,0.08,1,1,2025-01-31,11
423,1407,0,315143.53,24.9022,24,PERSONAL,Personal Loan,19670.79,839000.52,Student,,0.3756,0.2813,22.7,0.03,1,1,2025-07-15,5
424,1409,0,9719874.29,12.5497,180,MORTGAGE,Mortgage,155650.56,784810.56,Employed,Public Sector,12.3850,2.3799,44.6,0.10,1,1,2025-11-23,1
425,1410,0,314872.64,16.1203,48,PERSONAL,Personal Loan,10789.71,7140580.32,Employed,Hospitality,0.0441,0.0181,34.8,0.02,1,1,2025-08-24,4
426,1421,0,383500.62,22.2694,24,PERSONAL,Personal Loan,23096.13,1381251.36,Employed,Construction,0.2776,0.2007,26.4,0.06,1,1,2025-04-13,8
427,1430,0,655615.65,24.5066,48,PERSONAL,Personal Loan,27047.75,1279332.00,Employed,Hospitality,0.5125,0.2537,41.2,0.03,1,1,2025-09-07,3
428,1431,0,1187855.97,23.4353,36,PERSONAL,Personal Loan,56194.13,2383230.24,Employed,Construction,0.4984,0.2829,51.8,0.46,1,1,2025-06-29,6
430,1440,0,1103748.85,18.6908,36,PERSONAL,Personal Loan,47851.31,1592130.84,Employed,Transport,0.6933,0.3607,54.8,0.04,1,1,2025-07-10,5
431,1446,0,673156.14,18.2039,12,PERSONAL,Personal Loan,66308.07,451047.00,Employed,Public Sector,1.4924,1.7641,42.8,0.30,1,1,2025-06-07,6
432,1446,0,3468438.32,14.5391,300,MORTGAGE,Mortgage,53584.77,451047.00,Employed,Public Sector,7.6897,1.4256,42.6,0.07,1,1,2025-03-16,9
433,1448,0,239680.45,24.7380,24,PERSONAL,Personal Loan,14927.70,1575740.28,Employed,Healthcare,0.1521,0.1137,25.2,0.01,1,1,2025-07-21,5
434,1450,1,526847.36,22.1002,12,PERSONAL,Personal Loan,53606.81,747236.64,Employed,Energy,0.7051,0.8609,43.4,0.18,1,1,2025-05-14,7
435,1451,0,347940.27,24.8081,12,PERSONAL,Personal Loan,36188.14,1610541.36,Employed,Construction,0.2160,0.2696,41.4,0.17,1,1,2025-03-23,9
437,1462,0,319535.17,22.8932,36,PERSONAL,Personal Loan,14971.96,482060.64,Retired,,0.6629,0.3727,74.4,0.40,2,1,2025-07-03,5
439,1468,0,5735295.53,13.9734,120,MORTGAGE,Mortgage,114578.78,2175766.44,Employed,Energy,2.6360,0.6319,44.6,0.10,1,1,2025-02-13,9
440,1470,0,1105485.01,24.8074,48,PERSONAL,Personal Loan,45884.45,1652825.88,Employed,Hospitality,0.6688,0.3331,56.7,0.02,1,1,2025-09-12,2
442,1474,0,601318.89,16.9728,24,PERSONAL,Personal Loan,33560.01,1920502.68,Employed,Energy,0.3131,0.2097,34.2,0.38,1,1,2025-06-03,5
443,1476,0,153564.12,16.2439,12,PERSONAL,Personal Loan,14875.74,1605696.72,Employed,Finance,0.0956,0.1112,27.9,0.02,1,0,2025-10-22,2
444,1481,0,1125435.18,16.6524,60,PERSONAL,Personal Loan,34374.92,4892272.20,Employed,Tech,0.2300,0.0843,63.6,0.01,1,1,2025-08-20,4
446,1486,0,155534.13,18.9178,12,PERSONAL,Personal Loan,15413.15,1444562.28,Employed,Retail,0.1077,0.1280,28.3,0.33,1,1,2025-07-08,5
447,1488,0,1141541.23,19.2290,36,PERSONAL,Personal Loan,50001.73,1955913.12,Employed,Hospitality,0.5836,0.3068,28.5,0.39,2,1,2025-07-09,5
448,1494,0,305235.75,18.0906,24,PERSONAL,Personal Loan,17319.74,6863081.52,Employed,Education,0.0445,0.0303,58.1,0.02,1,1,2025-10-31,2
449,1500,0,3725926.24,10.6211,180,MORTGAGE,Mortgage,53677.45,2025547.56,Employed,Transport,1.8395,0.3180,38.9,0.08,1,1,2025-11-06,1
450,1505,0,329202.31,17.0420,24,PERSONAL,Personal Loan,18391.98,2499292.20,Employed,Transport,0.1317,0.0883,38.7,0.08,1,1,2025-07-11,5
451,1505,0,6174780.21,13.2009,120,MORTGAGE,Mortgage,119383.72,2499292.20,Employed,Transport,2.4706,0.5732,38.7,0.08,1,1,2025-07-11,5
452,1514,0,305392.91,18.6189,36,PERSONAL,Personal Loan,13221.54,4611556.68,Employed,Hospitality,0.0662,0.0344,32.8,0.02,1,1,2025-09-02,3
453,1515,1,904448.18,19.6776,36,PERSONAL,Personal Loan,39954.70,1343616.84,Employed,Finance,0.6731,0.3568,39.9,0.37,2,1,2025-05-17,7
455,1518,1,418074.57,22.8889,24,PERSONAL,Personal Loan,25394.16,938831.76,Employed,Public Sector,0.4453,0.3246,53.6,0.03,1,1,2025-07-25,5
456,1518,0,9434564.05,14.9602,180,MORTGAGE,Mortgage,170033.38,938831.76,Employed,Public Sector,10.0493,2.1733,53.7,0.07,1,1,2025-08-08,4
457,1526,0,1181038.91,20.3354,12,PERSONAL,Personal Loan,118433.99,3539560.32,Employed,Education,0.3337,0.4015,46.5,0.13,1,1,2025-05-09,7
458,1526,0,2674226.88,13.9805,180,MORTGAGE,Mortgage,46012.67,3539560.32,Employed,Education,0.7555,0.1560,46.5,0.10,1,1,2025-04-27,8
459,1529,0,6290584.56,12.2226,240,MORTGAGE,Mortgage,90283.52,1365207.24,Employed,Public Sector,4.6078,0.7936,36.8,0.07,1,1,2025-11-13,1
461,1532,0,5081975.30,11.5948,300,MORTGAGE,Mortgage,66043.66,1155137.76,Employed,Education,4.3995,0.6861,41.2,0.08,1,1,2025-06-13,6
462,1533,0,450061.19,23.5217,60,PERSONAL,Personal Loan,16322.86,1282259.64,Employed,Healthcare,0.3510,0.1528,37.1,0.21,1,1,2025-04-20,8
463,1544,1,435528.29,18.5710,12,PERSONAL,Personal Loan,43034.19,850406.52,Student,,0.5121,0.6073,18.8,0.12,1,1,2025-04-20,8
465,1552,0,110779.25,18.1402,60,PERSONAL,Personal Loan,3520.95,498390.60,Student,,0.2223,0.0848,22.1,0.04,1,1,2025-08-22,4
466,1558,0,305735.79,21.0661,48,PERSONAL,Personal Loan,11736.71,2417918.28,Employed,Finance,0.1264,0.0582,55.6,0.01,1,1,2025-11-22,1
468,1559,1,8782832.43,12.7040,240,MORTGAGE,Mortgage,129576.05,2201469.24,Employed,Construction,3.9895,0.7063,49.9,0.06,1,1,2025-10-27,2
469,1560,0,629014.87,16.7264,60,PERSONAL,Personal Loan,19251.21,2212484.64,Employed,Hospitality,0.2843,0.1044,39.2,0.12,1,1,2025-02-22,10
470,1561,0,6668666.79,10.8037,120,MORTGAGE,Mortgage,115610.79,2576271.84,Self-employed,Hospitality,2.5885,0.5385,49.4,0.06,1,1,2025-04-29,8
471,1564,0,138952.78,23.2696,60,PERSONAL,Personal Loan,5010.36,5561104.56,Employed,Manufacturing,0.0250,0.0108,61.7,0.03,1,1,2025-07-28,5
472,1567,1,114655.65,16.4213,36,PERSONAL,Personal Loan,4753.87,2200927.80,Employed,Manufacturing,0.0521,0.0259,54.1,0.02,1,1,2025-09-21,3
473,1569,0,1024412.42,20.9758,36,PERSONAL,Personal Loan,46362.46,1917008.88,Employed,Energy,0.5344,0.2902,44.1,0.05,1,1,2025-07-14,5
474,1576,0,126595.42,17.2909,36,PERSONAL,Personal Loan,5340.66,1477259.40,Employed,Transport,0.0857,0.0434,28.0,0.01,1,1,2025-11-26,1
475,1577,0,901241.33,22.4256,12,PERSONAL,Personal Loan,91945.84,1999914.48,Employed,Professional Services,0.4506,0.5517,49.5,0.03,1,1,2025-07-10,5
476,1581,0,132976.82,20.1744,24,PERSONAL,Personal Loan,7776.31,3132660.12,Self-employed,Education,0.0424,0.0298,51.9,0.13,1,1,2025-06-13,5
477,1586,0,413279.20,17.6028,36,PERSONAL,Personal Loan,17542.37,1278275.40,Employed,Transport,0.3233,0.1647,39.8,0.04,1,1,2025-09-16,3
478,1590,0,208385.32,20.2305,60,PERSONAL,Personal Loan,6986.20,583219.68,Retired,,0.3573,0.1437,56.5,0.03,1,1,2025-08-15,4
479,1593,0,1282146.18,22.4040,24,PERSONAL,Personal Loan,77360.43,2658924.12,Employed,Manufacturing,0.4822,0.3491,43.5,0.18,2,1,2025-07-16,5
481,1600,0,1063605.89,23.0891,48,PERSONAL,Personal Loan,42623.21,1136240.88,Employed,Transport,0.9361,0.4501,45.3,0.03,1,0,2025-11-20,1
482,1601,0,5280909.83,10.2848,300,MORTGAGE,Mortgage,62863.95,2584143.60,Employed,Healthcare,2.0436,0.2919,41.7,0.10,1,1,2025-09-10,3
483,1608,0,7670672.07,13.0718,300,MORTGAGE,Mortgage,109126.82,3880987.32,Employed,Tech,1.9765,0.3374,36.4,0.07,1,1,2025-11-08,1
484,1610,1,833486.86,23.2732,12,PERSONAL,Personal Loan,85622.16,4824652.68,Self-employed,Public Sector,0.1728,0.2130,33.9,0.19,1,1,2025-06-15,6
485,1611,0,269255.36,22.3547,12,PERSONAL,Personal Loan,27453.88,1494146.88,Employed,Hospitality,0.1802,0.2205,55.7,0.02,1,0,2025-09-10,3
486,1614,0,8998080.57,10.8154,120,MORTGAGE,Mortgage,156082.21,1268351.64,Employed,Professional Services,7.0943,1.4767,49.5,0.10,1,1,2025-02-25,10
487,1618,0,619113.85,19.9145,24,PERSONAL,Personal Loan,36070.86,5918082.60,Employed,Retail,0.1046,0.0731,57.6,0.02,1,1,2025-10-07,2
489,1620,0,401885.27,17.5527,60,PERSONAL,Personal Loan,12576.56,1705944.24,Employed,Healthcare,0.2356,0.0885,28.4,0.03,1,1,2025-08-28,4
490,1625,0,5532904.83,12.2668,180,MORTGAGE,Mortgage,87297.56,2094724.80,Employed,Construction,2.6414,0.5001,29.9,0.11,1,1,2025-11-06,1
491,1631,1,3425161.74,10.4797,120,MORTGAGE,Mortgage,58455.24,2027761.20,Employed,Energy,1.6891,0.3459,35.7,0.12,1,1,2025-04-30,8
493,1634,0,1419885.34,18.2118,48,PERSONAL,Personal Loan,51129.83,3764973.00,Self-employed,Finance,0.3771,0.1630,59.4,0.01,1,1,2025-10-02,2
494,1636,0,1022980.72,20.7529,24,PERSONAL,Personal Loan,60315.71,2508314.52,Employed,Energy,0.4078,0.2886,38.9,0.04,1,0,2025-06-17,5
495,1637,0,3353862.82,14.6273,120,MORTGAGE,Mortgage,68830.49,1210243.56,Employed,Energy,2.7712,0.6825,46.3,0.10,1,1,2025-07-08,5
496,1639,0,5043984.85,12.5904,240,MORTGAGE,Mortgage,73938.09,3702962.88,Employed,Retail,1.3621,0.2396,39.4,0.13,2,1,2025-03-02,9
497,1641,0,2528596.19,12.1057,240,MORTGAGE,Mortgage,36044.51,1608268.44,Employed,Retail,1.5722,0.2689,31.4,0.11,1,1,2025-10-12,2
499,1664,1,1179730.47,24.4188,24,PERSONAL,Personal Loan,73161.77,1508775.24,Employed,Public Sector,0.7819,0.5819,27.3,0.10,1,1,2025-04-16,8
500,1667,0,674107.71,19.3436,48,PERSONAL,Personal Loan,24910.30,1433215.44,Employed,Healthcare,0.4703,0.2086,56.4,0.12,2,1,2025-07-10,5
501,1671,1,1041028.78,19.5390,24,PERSONAL,Personal Loan,60326.75,710637.00,Employed,Education,1.4649,1.0187,51.9,0.05,1,1,2025-05-29,7
502,1671,0,9977723.48,12.6758,180,MORTGAGE,Mortgage,160828.15,710637.00,Employed,Education,14.0405,2.7158,52.0,0.11,1,1,2025-06-20,6
503,1672,1,9937674.39,11.9527,180,MORTGAGE,Mortgage,154194.34,0.00,Self-employed,Professional Services,,,34.4,0.05,1,0,2025-04-19,8
504,1679,0,1096611.23,17.2610,60,PERSONAL,Personal Loan,34050.69,1047922.80,Employed,Transport,1.0465,0.3899,49.3,0.23,1,1,2025-06-09,6
505,1679,0,5709722.23,10.4154,180,MORTGAGE,Mortgage,81278.21,1047922.80,Employed,Transport,5.4486,0.9307,49.1,0.07,1,1,2025-04-10,8
506,1688,1,887242.93,19.6160,48,PERSONAL,Personal Loan,32987.69,2963661.48,Employed,Healthcare,0.2994,0.1336,63.5,0.05,1,1,2025-07-16,5
507,1688,1,9441099.79,14.3633,180,MORTGAGE,Mortgage,165455.01,2963661.48,Employed,Healthcare,3.1856,0.6699,63.6,0.15,1,1,2025-08-19,4
508,1691,0,1163982.85,21.6932,48,PERSONAL,Personal Loan,45291.74,4554360.36,Employed,Retail,0.2556,0.1193,63.0,0.02,1,1,2025-07-31,5
509,1696,0,574981.83,21.1525,24,PERSONAL,Personal Loan,34092.83,1122047.40,Employed,Professional Services,0.5124,0.3646,27.6,0.02,1,1,2025-10-09,2
511,1705,0,1432698.00,20.2369,24,PERSONAL,Personal Loan,83856.89,4891575.12,Employed,Healthcare,0.2929,0.2057,54.2,0.01,1,1,2025-08-27,4
512,1714,0,1380065.46,23.4237,12,PERSONAL,Personal Loan,141943.99,3369955.80,Employed,Professional Services,0.4095,0.5054,33.2,0.02,1,1,2025-09-01,4
513,1718,0,409135.90,20.1868,36,PERSONAL,Personal Loan,18247.51,2159299.20,Employed,Tech,0.1895,0.1014,35.6,0.01,1,1,2025-10-31,2
514,1718,0,2022771.85,12.2609,120,MORTGAGE,Mortgage,37523.93,2159299.20,Employed,Tech,0.9368,0.2085,35.7,0.10,1,1,2025-12-01,1
515,1720,0,533851.70,24.2856,48,PERSONAL,Personal Loan,21926.00,1286965.68,Employed,Hospitality,0.4148,0.2044,48.0,0.04,1,1,2025-05-28,7
516,1722,0,1267026.08,20.8340,24,PERSONAL,Personal Loan,74790.44,2060508.24,Self-employed,Public Sector,0.6149,0.4356,59.9,0.02,1,1,2025-09-16,3
517,1724,0,7791115.33,13.0106,240,MORTGAGE,Mortgage,116935.55,1931269.56,Employed,Construction,4.0342,0.7266,62.9,0.15,1,0,2025-09-25,3
518,1726,0,718185.67,23.9126,48,PERSONAL,Personal Loan,29273.61,2084524.92,Employed,Education,0.3445,0.1685,60.3,0.01,1,1,2025-10-11,2
520,1728,0,1005586.05,23.0262,24,PERSONAL,Personal Loan,61195.11,1692974.28,Employed,Finance,0.5940,0.4338,53.6,0.01,1,1,2025-09-25,3
522,1749,1,1082128.22,20.9760,36,PERSONAL,Personal Loan,48974.72,3089720.88,Employed,Public Sector,0.3502,0.1902,59.8,0.35,2,1,2025-07-01,6
523,1750,0,8270231.23,12.6654,180,MORTGAGE,Mortgage,133233.88,1817387.76,Employed,Education,4.5506,0.8797,29.2,0.08,1,1,2025-10-11,1
524,1751,0,793423.41,20.6973,48,PERSONAL,Personal Loan,30214.42,3507392.28,Self-employed,Education,0.2262,0.1034,33.3,0.03,1,1,2025-10-23,2
525,1751,1,6852510.25,10.7853,120,MORTGAGE,Mortgage,118692.90,3507392.28,Self-employed,Education,1.9537,0.4061,33.4,0.14,1,1,2025-11-30,1
526,1757,1,914492.44,23.0016,24,PERSONAL,Personal Loan,55632.84,1756304.64,Employed,Education,0.5207,0.3801,46.8,0.16,1,1,2025-05-28,6
527,1757,0,4952849.95,10.8613,300,MORTGAGE,Mortgage,61338.16,1756304.64,Employed,Education,2.8200,0.4191,46.8,0.13,1,1,2025-05-15,7
528,1759,0,5286419.17,12.1048,240,MORTGAGE,Mortgage,75352.62,4503265.20,Employed,Finance,1.1739,0.2008,54.2,0.15,1,1,2025-10-22,2
529,1762,0,1400480.15,24.7906,48,PERSONAL,Personal Loan,58108.96,2663212.92,Self-employed,Retail,0.5259,0.2618,62.6,0.02,1,1,2025-10-23,2
530,1763,0,121448.93,23.6133,48,PERSONAL,Personal Loan,4920.03,397324.44,Retired,,0.3057,0.1486,72.0,0.03,1,1,2025-10-31,2
531,1770,0,1495330.05,23.1346,60,PERSONAL,Personal Loan,53750.39,4248971.64,Employed,Manufacturing,0.3519,0.1518,56.5,0.05,1,1,2025-07-06,5
532,1777,0,476296.96,23.1547,12,PERSONAL,Personal Loan,48881.84,2666343.12,Employed,Public Sector,0.1786,0.2200,49.2,0.02,1,1,2025-07-24,5
533,1779,0,736818.22,20.0524,36,PERSONAL,Personal Loan,32779.65,1874868.36,Employed,Tech,0.3930,0.2098,35.9,0.02,2,1,2025-10-22,2
534,1780,0,1422180.53,23.6601,12,PERSONAL,Personal Loan,146555.82,1336648.44,Self-employed,Manufacturing,1.0640,1.3157,56.7,0.14,1,0,2025-03-08,9
536,1784,1,5300204.11,13.0681,120,MORTGAGE,Mortgage,101888.03,1661608.32,Employed,Hospitality,3.1898,0.7358,26.5,0.06,1,1,2025-10-01,3
537,1791,0,5157413.68,11.8210,240,MORTGAGE,Mortgage,72294.05,1440672.00,Employed,Transport,3.5799,0.6022,45.8,0.08,1,1,2025-05-15,7
539,1795,0,5349723.65,12.9260,300,MORTGAGE,Mortgage,75457.85,1602216.72,Employed,Manufacturing,3.3390,0.5652,31.6,0.07,1,1,2025-07-11,5
540,1796,0,5309750.34,14.1528,180,MORTGAGE,Mortgage,92121.81,2007469.08,Employed,Education,2.6450,0.5507,41.6,0.04,1,1,2025-06-20,5
543,1800,0,4791968.15,11.4368,120,MORTGAGE,Mortgage,85603.72,3836020.92,Employed,Hospitality,1.2492,0.2678,48.5,0.10,1,1,2025-07-25,5
544,1801,1,102465.99,21.8798,24,PERSONAL,Personal Loan,6137.70,2355883.08,Employed,Public Sector,0.0435,0.0313,37.4,0.17,1,1,2025-03-06,9
545,1803,0,1300188.19,20.5139,48,PERSONAL,Personal Loan,49313.86,4221863.40,Employed,Public Sector,0.3080,0.1402,53.1,0.04,1,1,2025-03-30,9
546,1805,0,789356.40,18.9507,60,PERSONAL,Personal Loan,25621.65,5129646.36,Employed,Manufacturing,0.1539,0.0599,42.3,0.47,1,1,2025-06-29,6
547,1805,0,5186728.49,14.9792,180,MORTGAGE,Mortgage,93559.36,5129646.36,Employed,Manufacturing,1.0111,0.2189,41.9,0.08,1,1,2025-02-08,10
548,1807,1,891916.22,20.1013,12,PERSONAL,Personal Loan,89266.91,547029.60,Employed,Finance,1.6305,1.9582,44.6,0.33,1,1,2025-06-02,6
551,1817,0,6729849.70,14.6222,120,MORTGAGE,Mortgage,138086.42,3287817.60,Employed,Finance,2.0469,0.5040,32.8,0.10,1,1,2025-09-18,3
552,1825,0,4740341.80,11.0475,240,MORTGAGE,Mortgage,63392.20,4034917.20,Employed,Energy,1.1748,0.1885,54.5,0.10,1,1,2025-06-21,6
553,1832,0,769773.49,21.3100,24,PERSONAL,Personal Loan,45743.79,1630455.84,Employed,Finance,0.4721,0.3367,25.4,0.19,1,1,2025-05-20,7
554,1833,0,795106.29,23.4440,48,PERSONAL,Personal Loan,32098.44,1532948.52,Employed,Energy,0.5187,0.2513,31.3,0.30,2,1,2025-05-16,7
555,1840,0,1362845.51,16.8246,12,PERSONAL,Personal Loan,132678.23,5139355.68,Employed,Manufacturing,0.2652,0.3098,51.6,0.03,1,1,2025-11-09,1
556,1846,0,4087819.05,10.8747,180,MORTGAGE,Mortgage,59754.94,3042314.28,Employed,Hospitality,1.3437,0.2357,48.0,0.13,1,1,2025-06-20,6
558,1852,0,1062696.10,19.2736,48,PERSONAL,Personal Loan,39207.82,1649065.92,Employed,Education,0.6444,0.2853,33.8,0.35,1,1,2025-07-01,6
559,1861,0,282688.98,18.4104,60,PERSONAL,Personal Loan,9048.50,1707873.60,Employed,Construction,0.1655,0.0636,28.7,0.42,1,1,2025-07-07,5
560,1862,0,7844180.97,14.7158,180,MORTGAGE,Mortgage,139773.28,878738.16,Employed,Hospitality,8.9266,1.9087,28.4,0.09,1,1,2025-09-15,3
562,1867,0,516138.13,16.4510,60,PERSONAL,Personal Loan,15678.13,1447703.64,Employed,Manufacturing,0.3565,0.1300,48.9,0.03,1,0,2025-07-28,5
563,1867,0,6331161.17,12.0849,240,MORTGAGE,Mortgage,90139.38,1447703.64,Employed,Manufacturing,4.3732,0.7472,48.9,0.08,1,0,2025-08-15,4
564,1869,0,353422.24,21.9541,60,PERSONAL,Personal Loan,12356.26,483780.48,Retired,,0.7305,0.3065,74.8,0.01,1,1,2025-07-20,5
565,1870,1,886878.42,24.6330,36,PERSONAL,Personal Loan,42840.91,1390266.72,Employed,Transport,0.6379,0.3698,39.5,0.10,1,1,2025-06-22,6
566,1884,0,3784527.05,10.8571,120,MORTGAGE,Mortgage,65778.55,3176465.28,Employed,Energy,1.1914,0.2485,41.7,0.07,1,1,2025-02-20,9
567,1887,1,848675.45,18.2589,36,PERSONAL,Personal Loan,36487.55,1816258.44,Employed,Tech,0.4673,0.2411,24.2,0.27,2,1,2025-07-07,5
568,1888,0,785894.37,17.5388,24,PERSONAL,Personal Loan,44231.97,7574861.88,Employed,Manufacturing,0.1038,0.0701,64.7,0.22,2,1,2025-04-29,8
569,1889,0,311451.21,17.9318,36,PERSONAL,Personal Loan,13305.49,3684895.92,Self-employed,Retail,0.0845,0.0433,33.1,0.28,2,1,2025-06-29,6
570,1892,0,3552971.46,12.9967,180,MORTGAGE,Mortgage,58219.48,1723576.08,Employed,Education,2.0614,0.4053,62.6,0.08,1,1,2025-06-02,6
571,1910,0,3870396.43,11.4654,240,MORTGAGE,Mortgage,53106.35,4822392.00,Employed,Healthcare,0.8026,0.1321,40.0,0.10,1,1,2025-03-18,9
572,1911,0,936200.12,18.7749,60,PERSONAL,Personal Loan,30250.89,1432054.68,Employed,Finance,0.6537,0.2535,34.4,0.01,1,1,2025-11-12,1
574,1917,1,7512351.09,13.4620,120,MORTGAGE,Mortgage,146878.98,2141525.28,Employed,Professional Services,3.5079,0.8230,63.1,0.09,1,1,2025-07-09,5
575,1918,0,4504875.29,13.0441,120,MORTGAGE,Mortgage,86509.00,1543943.76,Employed,Public Sector,2.9178,0.6724,45.1,0.11,1,1,2025-06-28,6
576,1919,0,160000.42,20.5500,60,PERSONAL,Personal Loan,5406.68,521081.04,Student,,0.3071,0.1245,21.3,0.17,1,1,2025-07-02,5
577,1922,0,7968898.97,13.7452,300,MORTGAGE,Mortgage,117841.42,5115793.56,Employed,Energy,1.5577,0.2764,44.2,0.05,1,1,2025-11-19,1
578,1925,1,3475810.28,13.7887,300,MORTGAGE,Mortgage,51525.12,1492497.12,Employed,Transport,2.3289,0.4143,46.9,0.10,2,1,2025-06-28,6
579,1933,0,4324469.97,13.6347,120,MORTGAGE,Mortgage,85172.96,3635697.48,Employed,Tech,1.1894,0.2811,33.1,0.04,1,1,2025-08-24,4
580,1938,0,5459773.02,14.8755,120,MORTGAGE,Mortgage,113178.82,2301252.72,Employed,Manufacturing,2.3725,0.5902,42.1,0.06,1,1,2025-05-23,7
581,1941,0,366806.11,18.3445,24,PERSONAL,Personal Loan,20890.98,1432494.36,Employed,Hospitality,0.2561,0.1750,32.0,0.19,1,1,2025-05-08,7
582,1947,0,4286426.81,13.0388,240,MORTGAGE,Mortgage,64435.00,1113163.68,Employed,Energy,3.8507,0.6946,36.0,0.07,1,0,2025-08-15,4
583,1954,0,6576941.30,10.9235,240,MORTGAGE,Mortgage,87273.27,1964831.28,Employed,Tech,3.3473,0.5330,42.5,0.15,1,1,2025-10-24,2
584,1964,0,7259119.44,13.2467,300,MORTGAGE,Mortgage,104329.88,1044594.48,Employed,Education,6.9492,1.1985,45.5,0.11,1,1,2025-10-05,2
586,1966,0,5756198.62,12.0224,180,MORTGAGE,Mortgage,89648.32,1791397.20,Employed,Manufacturing,3.2132,0.6005,25.1,0.05,1,1,2025-07-17,4
587,1969,0,5907245.58,13.9283,240,MORTGAGE,Mortgage,93178.43,1801699.80,Employed,Retail,3.2787,0.6206,54.1,0.16,1,1,2025-04-06,8
589,1974,1,8813790.94,13.5511,120,MORTGAGE,Mortgage,172978.73,1688961.00,Employed,Public Sector,5.2185,1.2290,37.9,0.08,1,1,2025-07-14,5
590,1982,1,9685284.47,13.2610,120,MORTGAGE,Mortgage,187741.17,3161403.12,Self-employed,Public Sector,3.0636,0.7126,42.6,0.11,1,1,2025-10-05,2
591,1985,0,4374725.35,11.8043,300,MORTGAGE,Mortgage,57616.23,2226556.68,Employed,Manufacturing,1.9648,0.3105,57.8,0.10,1,1,2025-02-19,10
592,1989,0,605916.53,22.7959,48,PERSONAL,Personal Loan,24133.60,3918194.16,Employed,Hospitality,0.1546,0.0739,64.8,0.19,1,1,2025-04-03,8
594,1992,0,3397724.05,14.5884,180,MORTGAGE,Mortgage,60182.38,2071668.84,Employed,Professional Services,1.6401,0.3486,41.3,0.12,1,1,2025-05-06,7
595,1993,0,1082649.82,20.3915,48,PERSONAL,Personal Loan,40952.58,1627875.96,Employed,Construction,0.6651,0.3019,63.9,0.15,2,1,2025-06-15,6
596,2000,1,5296794.78,10.2552,120,MORTGAGE,Mortgage,89406.36,2404392.24,Employed,Professional Services,2.2030,0.4462,23.8,0.05,1,1,2025-02-23,10
597,2005,1,393533.92,24.0809,12,PERSONAL,Personal Loan,40691.70,896451.48,Employed,Energy,0.4390,0.5447,25.2,0.15,1,1,2025-05-02,7
598,2010,0,182319.74,19.7267,48,PERSONAL,Personal Loan,6795.47,2778989.52,Self-employed,Manufacturing,0.0656,0.0293,49.6,0.03,1,1,2025-08-06,4
599,2010,0,2421012.12,14.8830,240,MORTGAGE,Mortgage,40114.15,2778989.52,Self-employed,Manufacturing,0.8712,0.1732,49.7,0.12,1,1,2025-09-08,3
600,2012,0,345111.89,24.9682,12,PERSONAL,Personal Loan,35940.01,260324.16,Student,,1.3257,1.6567,20.5,0.07,2,1,2025-06-29,6
601,2014,0,271350.59,17.3711,12,PERSONAL,Personal Loan,26540.60,1692573.48,Employed,Construction,0.1603,0.1882,24.7,0.29,1,1,2025-06-17,6
603,2017,0,788397.74,21.0968,12,PERSONAL,Personal Loan,79560.37,2105014.92,Employed,Healthcare,0.3745,0.4535,49.9,0.23,1,1,2025-07-04,5
605,2027,0,195267.84,21.4484,12,PERSONAL,Personal Loan,19762.47,1445018.88,Employed,Finance,0.1351,0.1641,34.3,0.02,1,1,2025-11-04,1
606,2033,1,353279.85,19.7150,12,PERSONAL,Personal Loan,35244.08,583723.20,Student,,0.6052,0.7245,20.2,0.10,1,1,2025-03-10,9
607,2036,1,2741551.32,10.3260,240,MORTGAGE,Mortgage,35014.18,1621751.28,Employed,Manufacturing,1.6905,0.2591,63.4,0.08,1,1,2025-06-11,6
608,2037,0,5559357.16,14.6908,240,MORTGAGE,Mortgage,91223.49,2195727.72,Employed,Tech,2.5319,0.4986,48.8,0.05,1,1,2025-08-02,4
609,2043,0,151930.89,17.3985,12,PERSONAL,Personal Loan,14863.72,6501583.44,Employed,Healthcare,0.0234,0.0274,42.8,0.10,1,1,2025-05-17,7
610,2043,1,5666948.32,10.5613,240,MORTGAGE,Mortgage,73487.57,6501583.44,Employed,Healthcare,0.8716,0.1356,42.9,0.13,1,1,2025-05-31,7
611,2046,0,1409471.82,21.4536,48,PERSONAL,Personal Loan,54562.53,3857736.00,Employed,Education,0.3654,0.1697,45.7,0.04,1,1,2025-11-14,1
613,2050,0,1112860.27,22.2376,12,PERSONAL,Personal Loan,113361.14,2902776.12,Employed,Public Sector,0.3834,0.4686,52.2,0.09,1,1,2025-05-15,7
614,2051,0,847374.80,16.5228,12,PERSONAL,Personal Loan,82282.07,1883875.44,Employed,Professional Services,0.4498,0.5241,58.0,0.03,1,1,2025-11-01,2
615,2051,0,5925578.92,11.4273,120,MORTGAGE,Mortgage,105807.63,1883875.44,Employed,Professional Services,3.1454,0.6740,58.0,0.11,1,1,2025-11-28,1
616,2054,0,495140.69,17.2800,12,PERSONAL,Personal Loan,48391.75,1011250.92,Employed,Manufacturing,0.4896,0.5742,25.7,0.01,1,1,2025-10-31,2
617,2058,0,178881.14,18.3641,60,PERSONAL,Personal Loan,5718.84,391858.56,Retired,,0.4565,0.1751,66.2,0.11,1,1,2025-04-30,8
619,2065,0,1037762.24,18.5960,12,PERSONAL,Personal Loan,102562.04,2194740.36,Employed,Retail,0.4728,0.5608,56.9,0.02,1,1,2025-10-27,2
621,2069,1,1014607.01,21.5369,60,PERSONAL,Personal Loan,35119.69,5262113.88,Self-employed,Tech,0.1928,0.0801,43.8,0.02,1,1,2025-08-09,4
622,2074,0,381850.19,17.8420,12,PERSONAL,Personal Loan,37498.33,886173.72,Employed,Hospitality,0.4309,0.5078,45.5,0.26,1,1,2025-07-03,4
623,2075,0,946499.68,16.1082,48,PERSONAL,Personal Loan,32424.08,1707991.68,Employed,Energy,0.5542,0.2278,36.3,0.05,1,1,2025-07-14,5
624,2079,0,1330888.53,17.1483,48,PERSONAL,Personal Loan,46745.57,1212739.68,Employed,Energy,1.0974,0.4625,55.2,0.14,1,1,2025-05-07,7
625,2079,0,8439164.72,13.1103,120,MORTGAGE,Mortgage,162526.36,1212739.68,Employed,Energy,6.9588,1.6082,55.2,0.13,1,1,2025-05-06,7
626,2083,0,8049699.00,14.0883,300,MORTGAGE,Mortgage,121337.81,2193694.32,Employed,Hospitality,3.6695,0.6637,47.8,0.11,1,1,2025-10-07,2
627,2087,0,282789.28,18.6561,24,PERSONAL,Personal Loan,16179.34,394010.28,Retired,,0.7177,0.4928,73.2,0.05,1,1,2025-06-26,6
628,2088,0,232389.66,18.0385,12,PERSONAL,Personal Loan,22859.11,1194373.68,Employed,Construction,0.1946,0.2297,54.2,0.10,1,1,2025-05-28,7
629,2089,0,2194758.72,12.3441,300,MORTGAGE,Mortgage,29892.80,5221467.60,Employed,Public Sector,0.4203,0.0687,46.4,0.10,1,1,2025-03-01,10
630,2090,0,6025403.53,11.2677,300,MORTGAGE,Mortgage,76661.71,1810507.44,Employed,Healthcare,3.3280,0.5081,55.3,0.07,1,1,2025-10-09,2
631,2094,0,1083697.79,23.9371,36,PERSONAL,Personal Loan,51719.87,2365332.36,Employed,Transport,0.4582,0.2624,33.4,0.02,1,1,2025-06-11,6
632,2100,0,332894.62,18.4998,36,PERSONAL,Personal Loan,14379.14,2668092.24,Employed,Professional Services,0.1248,0.0647,27.6,0.26,2,1,2025-05-03,7
633,2102,1,296421.79,24.7489,48,PERSONAL,Personal Loan,12288.88,1956159.24,Employed,Finance,0.1515,0.0754,60.4,0.06,1,1,2025-03-26,9
634,2102,0,7695949.92,12.0111,180,MORTGAGE,Mortgage,119785.96,1956159.24,Employed,Finance,3.9342,0.7348,60.4,0.09,1,1,2025-04-06,8
635,2103,1,6037931.88,14.2014,240,MORTGAGE,Mortgage,96613.95,1163381.28,Employed,Energy,5.1900,0.9965,51.1,0.09,1,1,2025-09-23,3
636,2125,0,541192.80,23.0917,12,PERSONAL,Personal Loan,55513.62,1048342.44,Employed,Finance,0.5162,0.6354,62.1,0.02,1,0,2025-09-11,3
637,2126,0,7782230.12,14.7161,300,MORTGAGE,Mortgage,121377.50,6653907.00,Employed,Transport,1.1696,0.2189,47.7,0.13,1,1,2025-11-08,1
638,2130,0,647909.61,16.9315,12,PERSONAL,Personal Loan,63134.20,848864.52,Employed,Energy,0.7633,0.8925,31.0,0.03,1,1,2025-09-18,3
639,2140,0,8467362.25,12.4911,120,MORTGAGE,Mortgage,158700.24,1824882.72,Employed,Finance,4.6399,1.0436,51.5,0.14,1,1,2025-09-07,3
640,2147,0,1174361.41,21.4872,12,PERSONAL,Personal Loan,118891.57,1727542.68,Employed,Education,0.6798,0.8259,32.6,0.10,2,1,2025-07-14,5
641,2149,0,223736.83,19.5355,24,PERSONAL,Personal Loan,12964.71,2022812.88,Employed,Finance,0.1106,0.0769,30.9,0.02,1,1,2025-08-07,4
642,2150,1,9253215.27,14.9379,300,MORTGAGE,Mortgage,146030.39,1481695.68,Employed,Education,6.2450,1.1827,48.1,0.10,2,1,2025-02-19,10
643,2155,0,796118.87,17.7644,12,PERSONAL,Personal Loan,78128.72,3829026.48,Employed,Transport,0.2079,0.2449,43.4,0.01,1,1,2025-09-21,3
644,2161,0,731494.06,17.7607,60,PERSONAL,Personal Loan,23018.11,1880782.92,Employed,Transport,0.3889,0.1469,44.8,0.03,1,1,2025-08-19,4
645,2165,0,8447837.19,14.5392,180,MORTGAGE,Mortgage,149286.42,4765393.08,Employed,Retail,1.7727,0.3759,32.6,0.11,1,1,2025-11-29,1
647,2171,0,782796.18,23.8002,12,PERSONAL,Personal Loan,80758.60,1426130.64,Employed,Tech,0.5489,0.6795,36.8,0.03,1,1,2025-11-07,1
648,2173,0,983210.96,21.7584,60,PERSONAL,Personal Loan,34214.43,1951079.16,Self-employed,Public Sector,0.5039,0.2104,56.9,0.03,1,1,2025-07-09,5
649,2174,0,9086777.19,13.5854,180,MORTGAGE,Mortgage,153355.01,2089663.56,Employed,Finance,4.3484,0.8806,45.3,0.06,1,1,2025-09-24,3
650,2175,0,7121002.82,12.0916,300,MORTGAGE,Mortgage,95490.27,2358295.80,Employed,Education,3.0196,0.4859,46.0,0.08,1,1,2025-08-21,4
651,2178,0,7431742.11,11.0012,240,MORTGAGE,Mortgage,99097.33,4377810.96,Employed,Energy,1.6976,0.2716,40.9,0.11,1,1,2025-08-20,4
652,2179,0,704740.61,20.4547,36,PERSONAL,Personal Loan,31588.84,1267800.00,Employed,Tech,0.5559,0.2990,23.0,0.02,1,1,2025-09-15,3
653,2185,0,602807.62,22.1902,36,PERSONAL,Personal Loan,27891.67,4946066.40,Employed,Construction,0.1219,0.0677,57.0,0.13,2,1,2025-07-01,6
654,2186,0,938083.65,21.5634,12,PERSONAL,Personal Loan,95030.53,1514231.40,Employed,Public Sector,0.6195,0.7531,38.2,0.02,1,1,2025-11-11,1
655,2187,0,529253.53,18.2611,60,PERSONAL,Personal Loan,16874.85,1330585.08,Employed,Healthcare,0.3978,0.1522,39.0,0.10,1,1,2025-07-16,5
656,2190,1,330878.26,16.6632,24,PERSONAL,Personal Loan,18381.17,3375813.72,Employed,Hospitality,0.0980,0.0653,31.4,0.03,1,1,2025-07-22,5
657,2192,0,4546654.63,13.4794,120,MORTGAGE,Mortgage,88960.60,845324.88,Employed,Public Sector,5.3786,1.2629,31.3,0.13,1,1,2025-11-11,1
659,2203,0,1241775.19,17.4676,60,PERSONAL,Personal Loan,38771.95,4646248.44,Employed,Professional Services,0.2673,0.1001,57.4,0.31,2,0,2025-05-25,7
660,2203,1,8794328.31,10.8875,300,MORTGAGE,Mortgage,109104.64,4646248.44,Employed,Professional Services,1.8928,0.2818,57.3,0.15,1,0,2025-03-28,9
661,2211,0,2588507.48,12.4243,180,MORTGAGE,Mortgage,41180.93,2490135.72,Self-employed,Retail,1.0395,0.1985,41.5,0.07,1,1,2025-06-29,6
662,2216,0,708690.68,18.3995,24,PERSONAL,Personal Loan,40395.07,1998455.64,Employed,Manufacturing,0.3546,0.2426,52.4,0.01,1,1,2025-10-31,2
663,2216,0,8023482.69,10.6456,120,MORTGAGE,Mortgage,138041.35,1998455.64,Employed,Manufacturing,4.0148,0.8289,52.4,0.07,1,1,2025-11-22,1
664,2223,1,772004.19,21.4213,36,PERSONAL,Personal Loan,35225.67,1456878.72,Employed,Transport,0.5299,0.2901,53.0,0.03,1,1,2025-06-18,6
665,2223,0,3868601.50,13.6105,240,MORTGAGE,Mortgage,59997.17,1456878.72,Employed,Transport,2.6554,0.4942,53.1,0.13,1,1,2025-07-24,5
666,2225,0,4155506.47,11.4034,180,MORTGAGE,Mortgage,62575.23,3307226.52,Self-employed,Retail,1.2565,0.2270,43.5,0.08,1,1,2025-08-20,4
667,2229,1,864473.38,24.9478,48,PERSONAL,Personal Loan,35982.12,2355897.96,Employed,Finance,0.3669,0.1833,52.3,0.20,2,1,2025-04-05,8
668,2229,1,9395519.85,13.2522,300,MORTGAGE,Mortgage,135077.82,2355897.96,Employed,Finance,3.9881,0.6880,52.2,0.08,2,1,2025-02-22,10
669,2236,0,914218.59,20.2752,60,PERSONAL,Personal Loan,30683.61,2216205.12,Employed,Finance,0.4125,0.1661,41.9,0.03,1,1,2025-08-20,4
670,2236,0,8777600.63,14.6749,180,MORTGAGE,Mortgage,156106.46,2216205.12,Employed,Finance,3.9606,0.8453,42.0,0.09,1,1,2025-09-11,3
671,2237,0,9195463.21,12.9279,180,MORTGAGE,Mortgage,150150.93,1088708.40,Student,,8.4462,1.6550,16.9,0.12,1,1,2025-06-22,6
672,2239,0,342729.98,24.8138,12,PERSONAL,Personal Loan,35647.86,2426313.60,Employed,Education,0.1413,0.1763,28.5,0.03,1,1,2025-07-11,5
673,2239,0,9709515.05,11.8518,120,MORTGAGE,Mortgage,176808.65,2426313.60,Employed,Education,4.0018,0.8745,28.6,0.12,1,1,2025-08-12,4
674,2241,0,205404.68,24.6569,48,PERSONAL,Personal Loan,8499.80,1246031.28,Employed,Hospitality,0.1648,0.0819,52.7,0.02,1,1,2025-09-21,2
675,2243,1,989056.47,21.6146,12,PERSONAL,Personal Loan,100236.42,1857871.80,Employed,Tech,0.5324,0.6474,46.1,0.08,1,1,2025-03-14,9
676,2249,0,1338512.88,20.7986,36,PERSONAL,Personal Loan,60380.24,4618989.24,Employed,Transport,0.2898,0.1569,38.0,0.02,1,1,2025-10-14,2
677,2250,1,1113512.22,16.3766,24,PERSONAL,Personal Loan,61592.63,2031589.56,Self-employed,Hospitality,0.5481,0.3638,42.1,0.03,1,0,2025-10-09,2
678,2256,0,3818773.57,11.3714,120,MORTGAGE,Mortgage,68010.45,1525449.48,Self-employed,Tech,2.5034,0.5350,32.7,0.10,1,1,2025-10-28,2
679,2259,0,1047438.46,21.5721,12,PERSONAL,Personal Loan,106116.08,3582459.00,Employed,Public Sector,0.2924,0.3555,52.2,0.03,1,1,2025-11-04,1
680,2259,0,2017314.58,13.9489,120,MORTGAGE,Mortgage,40260.39,3582459.00,Employed,Public Sector,0.5631,0.1349,52.2,0.07,1,1,2025-11-18,1
681,2263,0,415663.79,16.3997,48,PERSONAL,Personal Loan,14340.30,2776108.56,Employed,Manufacturing,0.1497,0.0620,60.8,0.21,2,1,2025-05-01,8
682,2263,0,4614002.34,10.2667,180,MORTGAGE,Mortgage,65108.83,2776108.56,Employed,Manufacturing,1.6620,0.2814,60.6,0.08,2,1,2025-03-15,9
685,2275,0,509525.97,17.5532,48,PERSONAL,Personal Loan,18068.30,2205471.36,Employed,Manufacturing,0.2310,0.0983,63.9,0.33,2,1,2025-07-06,5
686,2275,0,4760396.93,14.3010,180,MORTGAGE,Mortgage,83178.68,2205471.36,Employed,Manufacturing,2.1584,0.4526,63.6,0.08,1,1,2025-04-06,8
687,2276,1,5311964.86,10.9630,120,MORTGAGE,Mortgage,92795.60,2153392.80,Employed,Finance,2.4668,0.5171,33.2,0.08,1,1,2025-05-23,7
688,2277,0,5048924.82,10.9993,300,MORTGAGE,Mortgage,63108.62,5599762.08,Employed,Education,0.9016,0.1352,43.3,0.08,1,1,2025-11-15,1
689,2281,1,1167100.76,18.9832,60,PERSONAL,Personal Loan,37914.44,2242461.60,Employed,Construction,0.5205,0.2029,39.6,0.22,2,1,2025-05-22,7
690,2283,0,480288.69,21.6319,48,PERSONAL,Personal Loan,18663.98,1278477.36,Employed,Tech,0.3757,0.1752,38.9,0.01,1,1,2025-08-01,5
691,2284,0,7708093.14,11.8001,120,MORTGAGE,Mortgage,140031.00,3424453.92,Employed,Hospitality,2.2509,0.4907,44.7,0.06,1,0,2025-06-21,5
692,2287,1,660003.36,22.2882,60,PERSONAL,Personal Loan,23258.63,976573.44,Employed,Education,0.6758,0.2858,23.9,0.12,1,1,2025-07-14,5
693,2289,0,1018817.87,22.3738,48,PERSONAL,Personal Loan,40221.06,1577261.28,Employed,Education,0.6459,0.3060,34.1,0.02,1,1,2025-07-16,5
694,2316,0,116365.11,17.6860,48,PERSONAL,Personal Loan,4139.30,2123771.88,Employed,Tech,0.0548,0.0234,48.3,0.02,1,1,2025-11-07,1
695,2326,0,327816.04,23.2702,36,PERSONAL,Personal Loan,15462.96,1304165.40,Employed,Energy,0.2514,0.1423,44.9,0.31,1,1,2025-06-02,6
696,2329,0,730767.02,16.3882,24,PERSONAL,Personal Loan,40428.59,1842969.72,Employed,Tech,0.3965,0.2632,37.7,0.03,1,1,2025-07-04,5
697,2330,0,237111.22,16.9401,36,PERSONAL,Personal Loan,9933.66,796588.44,Student,,0.2977,0.1496,20.4,0.07,1,1,2025-03-20,9
698,2332,0,1053443.71,16.8888,24,PERSONAL,Personal Loan,58719.65,4601471.76,Employed,Tech,0.2289,0.1531,54.0,0.17,1,1,2025-06-30,6
701,2339,0,770959.92,21.2190,24,PERSONAL,Personal Loan,45755.83,1265805.72,Employed,Hospitality,0.6091,0.4338,30.0,0.25,2,1,2025-05-29,7
702,2348,0,276068.85,19.3513,36,PERSONAL,Personal Loan,12120.49,1210670.16,Employed,Public Sector,0.2280,0.1201,30.8,0.02,1,1,2025-09-12,3
703,2349,0,7941065.54,14.7093,120,MORTGAGE,Mortgage,163515.14,827950.56,Self-employed,Healthcare,9.5912,2.3699,60.8,0.16,1,1,2025-06-20,6
704,2360,0,1175406.17,17.9911,60,PERSONAL,Personal Loan,37212.48,1917613.32,Employed,Finance,0.6130,0.2329,64.8,0.19,1,1,2025-05-31,7
705,2369,0,9179924.72,12.3856,180,MORTGAGE,Mortgage,145748.64,3461950.92,Employed,Tech,2.6517,0.5052,53.5,0.07,1,1,2025-08-09,4
706,2376,0,332816.22,16.0832,48,PERSONAL,Personal Loan,11394.30,1496877.48,Employed,Retail,0.2223,0.0913,34.4,0.09,1,1,2025-06-07,6
707,2376,0,7094720.93,14.9425,120,MORTGAGE,Mortgage,147466.73,1496877.48,Employed,Retail,4.7397,1.1822,34.4,0.11,1,1,2025-06-13,5
708,2377,0,822749.06,17.9252,36,PERSONAL,Personal Loan,35144.09,1181614.44,Employed,Manufacturing,0.6963,0.3569,31.9,0.07,1,1,2025-06-12,6
709,2378,1,6911502.80,12.4906,180,MORTGAGE,Mortgage,110337.92,2704424.28,Employed,Manufacturing,2.5556,0.4896,61.4,0.09,1,1,2025-02-24,10
710,2382,0,247622.28,20.0776,48,PERSONAL,Personal Loan,9301.85,4249002.60,Employed,Transport,0.0583,0.0263,56.6,0.25,2,1,2025-05-09,7
711,2386,0,174329.17,23.4820,60,PERSONAL,Personal Loan,6316.82,4034711.52,Self-employed,Energy,0.0432,0.0188,48.8,0.27,2,1,2025-06-10,6
712,2391,0,6860004.09,11.1321,300,MORTGAGE,Mortgage,86505.22,824197.68,Employed,Healthcare,8.3233,1.2595,46.7,0.14,2,1,2025-10-28,2
713,2396,0,418349.80,22.0501,48,PERSONAL,Personal Loan,16402.83,1299121.20,Employed,Transport,0.3220,0.1515,40.7,0.01,1,1,2025-08-13,4
714,2396,0,3911644.96,13.2811,180,MORTGAGE,Mortgage,65023.82,1299121.20,Employed,Transport,3.0110,0.6006,40.8,0.16,2,1,2025-10-07,2
715,2400,0,619609.31,22.5823,60,PERSONAL,Personal Loan,21986.99,1192477.08,Employed,Tech,0.5196,0.2213,30.4,0.08,1,1,2025-06-15,6
716,2403,0,2806808.46,14.2502,300,MORTGAGE,Mortgage,42687.35,1149304.20,Self-employed,Manufacturing,2.4422,0.4457,47.6,0.11,1,1,2025-07-19,5
717,2405,0,494501.56,24.4367,48,PERSONAL,Personal Loan,20372.10,859587.48,Employed,Finance,0.5753,0.2844,25.8,0.03,1,1,2025-08-07,4
718,2412,1,563740.17,22.9895,12,PERSONAL,Personal Loan,57778.43,1499149.44,Employed,Public Sector,0.3760,0.4625,27.7,0.37,1,1,2025-06-12,6
719,2419,0,400500.57,22.6384,60,PERSONAL,Personal Loan,14230.59,903182.88,Student,,0.4434,0.1891,18.2,0.07,1,1,2025-07-01,6
720,2424,0,982977.56,17.2145,12,PERSONAL,Personal Loan,96016.02,1887317.16,Employed,Transport,0.5208,0.6105,37.0,0.27,3,1,2025-05-18,7
722,2427,0,2558146.45,12.1206,120,MORTGAGE,Mortgage,47156.45,2168078.16,Employed,Retail,1.1799,0.2610,41.7,0.06,1,1,2025-07-26,5
724,2430,0,680494.00,18.1321,60,PERSONAL,Personal Loan,21623.89,2195849.28,Employed,Education,0.3099,0.1182,61.4,0.05,1,1,2025-04-04,8
725,2435,0,1024985.97,22.9794,60,PERSONAL,Personal Loan,36711.07,2088557.04,Employed,Construction,0.4908,0.2109,41.1,0.01,1,1,2025-07-17,5
726,2436,0,707028.05,23.4158,60,PERSONAL,Personal Loan,25580.16,1849190.52,Employed,Education,0.3823,0.1660,60.9,0.20,1,1,2025-06-11,6
727,2443,0,1258329.97,18.5885,60,PERSONAL,Personal Loan,40464.22,2008161.96,Self-employed,Construction,0.6266,0.2418,52.5,0.04,1,1,2025-05-30,7
728,2443,0,4797061.79,13.7759,300,MORTGAGE,Mortgage,71060.08,2008161.96,Self-employed,Construction,2.3888,0.4246,52.6,0.10,1,1,2025-06-21,6
729,2448,0,745609.47,20.6454,12,PERSONAL,Personal Loan,74961.96,2148081.48,Employed,Energy,0.3471,0.4188,48.9,0.02,1,1,2025-09-02,3
730,2459,0,255803.77,23.7106,12,PERSONAL,Personal Loan,26371.36,5588025.96,Employed,Public Sector,0.0458,0.0566,43.7,0.02,1,1,2025-08-23,4
731,2467,1,236773.61,18.8118,12,PERSONAL,Personal Loan,23442.92,1608931.80,Employed,Finance,0.1472,0.1748,23.4,0.11,1,1,2025-04-21,8
732,2471,0,4733458.53,13.1103,180,MORTGAGE,Mortgage,78011.21,1984585.56,Employed,Hospitality,2.3851,0.4717,25.9,0.07,1,1,2025-01-31,11
733,2472,0,1283650.56,18.8219,60,PERSONAL,Personal Loan,41528.13,4113545.88,Employed,Tech,0.3121,0.1211,51.2,0.21,1,1,2025-06-16,6
734,2474,0,870428.46,16.3048,12,PERSONAL,Personal Loan,84362.51,1054042.80,Employed,Manufacturing,0.8258,0.9604,30.3,0.26,2,1,2025-07-02,5
736,2480,0,899042.03,20.5258,12,PERSONAL,Personal Loan,90298.13,2754811.44,Employed,Transport,0.3264,0.3933,24.3,0.16,1,1,2025-05-20,7
737,2480,0,5010576.14,10.6432,300,MORTGAGE,Mortgage,61142.39,2754811.44,Employed,Transport,1.8188,0.2663,24.2,0.08,1,1,2025-04-22,7
738,2486,1,668929.71,20.5789,48,PERSONAL,Personal Loan,25407.57,1201619.28,Employed,Tech,0.5567,0.2537,53.2,0.02,1,1,2025-11-08,1
740,2490,0,9363682.33,13.0589,180,MORTGAGE,Mortgage,153919.95,3800380.44,Employed,Retail,2.4639,0.4860,37.1,0.13,1,1,2025-03-31,9
741,2493,0,1158862.59,22.4661,12,PERSONAL,Personal Loan,118267.82,1780241.40,Employed,Construction,0.6510,0.7972,38.4,0.01,1,1,2025-07-14,5
742,2494,0,5438876.28,11.7468,240,MORTGAGE,Mortgage,75903.14,5149896.00,Employed,Public Sector,1.0561,0.1769,50.8,0.16,1,1,2025-10-09,2
743,2496,0,733691.30,18.4434,12,PERSONAL,Personal Loan,72417.41,1396028.16,Employed,Tech,0.5256,0.6225,53.1,0.08,1,1,2025-05-30,7
744,2501,0,299403.12,20.3473,36,PERSONAL,Personal Loan,13393.46,3729590.52,Employed,Public Sector,0.0803,0.0431,45.4,0.03,1,1,2025-08-03,4
745,2509,1,700683.71,23.2830,36,PERSONAL,Personal Loan,33058.45,2420039.16,Self-employed,Finance,0.2895,0.1639,47.1,0.03,1,1,2025-02-20,9
746,2510,0,774779.19,22.9503,48,PERSONAL,Personal Loan,30959.08,1789311.00,Employed,Energy,0.4330,0.2076,50.3,0.19,1,1,2025-06-28,6
747,2510,1,2667913.20,14.0546,120,MORTGAGE,Mortgage,53479.65,1789311.00,Employed,Energy,1.4910,0.3587,50.1,0.05,1,1,2025-05-05,7
748,2512,0,333844.87,23.6982,24,PERSONAL,Personal Loan,20503.14,1781573.04,Employed,Professional Services,0.1874,0.1381,26.4,0.36,1,1,2025-05-17,7
749,2513,1,144953.00,21.7459,36,PERSONAL,Personal Loan,6653.25,2858312.16,Employed,Education,0.0507,0.0279,32.9,0.08,1,1,2025-06-18,6
750,2515,1,4875750.84,13.7423,120,MORTGAGE,Mortgage,96467.95,1844697.36,Employed,Professional Services,2.6431,0.6275,40.7,0.07,1,1,2025-10-09,2
751,2517,0,313652.50,22.3279,36,PERSONAL,Personal Loan,14548.57,512474.28,Employed,Energy,0.6120,0.3407,32.1,0.01,1,1,2025-08-22,4
752,2522,0,3707356.88,14.7439,300,MORTGAGE,Mortgage,57908.61,3646382.04,Employed,Professional Services,1.0167,0.1906,42.0,0.09,1,1,2025-08-01,5
753,2533,1,3334240.45,10.4548,180,MORTGAGE,Mortgage,47572.57,2179696.92,Employed,Healthcare,1.5297,0.2619,41.0,0.11,1,1,2025-02-24,9
754,2537,1,861316.63,24.4193,60,PERSONAL,Personal Loan,31882.57,2059659.48,Self-employed,Healthcare,0.4182,0.1858,39.4,0.02,1,0,2025-09-11,3
755,2540,0,714347.27,21.3919,12,PERSONAL,Personal Loan,72263.31,554252.16,Employed,Tech,1.2888,1.5646,40.2,0.03,1,1,2025-11-06,1
756,2543,0,993448.20,16.0841,24,PERSONAL,Personal Loan,54709.28,1873204.20,Employed,Hospitality,0.5303,0.3505,34.4,0.05,1,1,2025-06-24,5
757,2546,0,5825880.26,11.1635,300,MORTGAGE,Mortgage,73617.28,1428683.28,Employed,Tech,4.0778,0.6183,28.9,0.03,1,1,2025-10-26,2
758,2547,0,1157441.96,17.8484,12,PERSONAL,Personal Loan,113668.90,2445586.92,Employed,Finance,0.4733,0.5578,62.5,0.40,1,1,2025-07-04,5
759,2554,0,261967.25,18.5650,48,PERSONAL,Personal Loan,9510.50,1442767.68,Employed,Tech,0.1816,0.0791,46.0,0.01,1,1,2025-03-29,9
760,2556,1,951970.03,24.9736,24,PERSONAL,Personal Loan,59477.18,1468149.00,Employed,Education,0.6484,0.4861,26.9,0.12,2,1,2025-07-01,6
761,2559,0,8458889.10,12.8924,120,MORTGAGE,Mortgage,161370.23,1789825.56,Employed,Manufacturing,4.7261,1.0819,31.1,0.08,1,1,2025-07-11,5
762,2561,0,851075.95,20.4847,12,PERSONAL,Personal Loan,85451.36,3941878.56,Employed,Manufacturing,0.2159,0.2601,48.8,0.02,1,1,2025-11-09,1
763,2563,1,5022179.34,14.6598,300,MORTGAGE,Mortgage,78094.05,6060566.88,Employed,Healthcare,0.8287,0.1546,63.6,0.10,1,1,2025-03-27,9
764,2567,1,430811.71,20.3174,36,PERSONAL,Personal Loan,19261.14,1252623.84,Employed,Finance,0.3439,0.1845,26.7,0.03,1,1,2025-07-29,5
765,2568,0,7864930.90,14.7523,300,MORTGAGE,Mortgage,122904.62,3150486.24,Employed,Retail,2.4964,0.4681,46.5,0.14,2,1,2025-10-12,2
767,2575,0,306788.16,23.9542,48,PERSONAL,Personal Loan,12515.47,4108738.56,Self-employed,Transport,0.0747,0.0366,46.0,0.02,1,1,2025-10-31,2
768,2580,0,515273.94,18.1999,36,PERSONAL,Personal Loan,22128.11,1516970.76,Employed,Finance,0.3397,0.1750,29.1,0.04,1,1,2025-06-07,6
769,2588,0,250030.35,23.0581,60,PERSONAL,Personal Loan,8971.53,1016498.88,Employed,Energy,0.2460,0.1059,28.5,0.10,1,1,2025-07-12,5
770,2598,0,8007220.67,14.6884,180,MORTGAGE,Mortgage,142495.61,2172639.84,Employed,Professional Services,3.6855,0.7870,36.1,0.14,1,1,2025-10-28,2
771,2601,0,1132991.07,18.0937,36,PERSONAL,Personal Loan,48555.31,4593290.52,Employed,Professional Services,0.2467,0.1269,46.8,0.03,1,1,2025-08-24,4
772,2602,0,338797.66,24.8764,24,PERSONAL,Personal Loan,21139.96,1260965.40,Employed,Transport,0.2687,0.2012,54.5,0.13,1,1,2025-06-24,6
773,2603,0,7327035.50,13.4569,180,MORTGAGE,Mortgage,122871.74,4195988.04,Employed,Professional Services,1.7462,0.3514,48.7,0.10,1,1,2025-02-12,10
775,2612,0,4252043.02,13.1410,240,MORTGAGE,Mortgage,64280.26,2658818.64,Self-employed,Education,1.5992,0.2901,54.3,0.13,1,1,2025-09-15,3
776,2614,1,6710934.74,14.7212,240,MORTGAGE,Mortgage,110289.74,2352450.48,Employed,Transport,2.8527,0.5626,39.4,0.07,1,1,2025-05-01,7
777,2618,0,225834.86,23.7031,36,PERSONAL,Personal Loan,10734.01,1409059.08,Employed,Transport,0.1603,0.0914,35.6,0.07,1,1,2025-06-26,6
779,2620,0,149784.09,22.4293,48,PERSONAL,Personal Loan,5920.13,320864.28,Employed,Finance,0.4668,0.2214,42.7,0.22,1,1,2025-07-13,5
782,2640,0,4403736.80,11.8369,120,MORTGAGE,Mortgage,80136.63,3654845.16,Employed,Education,1.2049,0.2631,43.3,0.12,2,1,2025-06-01,7
783,2643,0,5229400.96,14.2014,180,MORTGAGE,Mortgage,90939.57,5149725.36,Employed,Construction,1.0155,0.2119,32.7,0.10,1,1,2025-08-12,4
784,2658,0,784212.46,17.4127,36,PERSONAL,Personal Loan,33163.06,1279039.32,Employed,Education,0.6131,0.3111,31.9,0.00,1,1,2025-11-15,1
785,2661,0,6357224.21,10.9335,240,MORTGAGE,Mortgage,84410.69,3032312.76,Employed,Education,2.0965,0.3340,59.2,0.08,1,1,2025-04-12,8
786,2662,0,6453258.19,13.7711,180,MORTGAGE,Mortgage,109908.49,4728212.28,Employed,Construction,1.3648,0.2789,37.9,0.08,2,1,2025-05-30,7
787,2668,0,390174.81,22.1792,48,PERSONAL,Personal Loan,15340.11,2181797.52,Employed,Healthcare,0.1788,0.0844,62.3,0.03,1,0,2025-08-21,4
788,2669,0,7092937.06,14.7763,120,MORTGAGE,Mortgage,146447.28,2925744.96,Employed,Retail,2.4243,0.6007,57.8,0.13,1,1,2025-07-03,5
789,2672,0,990742.54,20.7225,24,PERSONAL,Personal Loan,58389.82,1925068.08,Employed,Transport,0.5147,0.3640,62.1,0.13,1,1,2025-07-09,5
790,2675,1,1179385.85,16.2869,36,PERSONAL,Personal Loan,48767.83,270163.68,Employed,Hospitality,4.3654,2.1661,54.2,0.13,1,1,2025-06-29,6
791,2686,0,2456902.35,14.9282,120,MORTGAGE,Mortgage,51038.46,5824665.24,Employed,Education,0.4218,0.1051,33.8,0.05,1,1,2025-05-17,7
792,2688,0,2591154.41,11.1185,120,MORTGAGE,Mortgage,45601.08,1364868.24,Employed,Hospitality,1.8985,0.4009,36.0,0.05,1,1,2025-04-30,8
794,2691,0,563577.56,24.8255,24,PERSONAL,Personal Loan,35141.64,1898956.32,Employed,Professional Services,0.2968,0.2221,29.0,0.18,2,1,2025-03-23,9
795,2695,0,9492543.74,10.4297,240,MORTGAGE,Mortgage,122055.92,1803975.84,Employed,Healthcare,5.2620,0.8119,29.4,0.09,1,1,2025-02-07,10
796,2697,1,8613181.42,10.4846,300,MORTGAGE,Mortgage,103965.41,2054839.92,Self-employed,Tech,4.1917,0.6071,62.5,0.13,1,1,2025-04-10,8
797,2712,0,1179928.83,20.6673,48,PERSONAL,Personal Loan,44903.47,1530737.64,Employed,Retail,0.7708,0.3520,38.3,0.23,1,1,2025-04-25,8
798,2717,1,558785.86,24.7291,12,PERSONAL,Personal Loan,58080.71,1962964.56,Self-employed,Finance,0.2847,0.3551,60.6,0.23,1,1,2025-04-30,8
799,2717,0,5326092.81,12.8323,120,MORTGAGE,Mortgage,101339.12,1962964.56,Self-employed,Finance,2.7133,0.6195,60.4,0.05,1,1,2025-02-24,10
800,2721,0,169949.75,17.6376,60,PERSONAL,Personal Loan,5330.42,2373882.96,Employed,Professional Services,0.0716,0.0269,34.1,0.12,1,1,2025-05-09,7
801,2725,0,366089.03,17.9527,48,PERSONAL,Personal Loan,13103.76,1979089.80,Employed,Professional Services,0.1850,0.0795,64.9,0.12,1,1,2025-05-19,7
802,2726,0,1067097.37,22.9470,60,PERSONAL,Personal Loan,38190.53,1234534.92,Employed,Energy,0.8644,0.3712,34.5,0.02,1,1,2025-11-22,1
803,2729,0,1494014.01,16.8037,24,PERSONAL,Personal Loan,83171.39,2160120.00,Self-employed,Public Sector,0.6916,0.4620,49.7,0.01,1,1,2025-11-16,1
805,2731,1,791841.73,18.4756,12,PERSONAL,Personal Loan,78178.27,1743317.40,Employed,Tech,0.4542,0.5381,23.5,0.14,1,1,2025-05-24,7
810,2749,0,1015858.01,19.3700,12,PERSONAL,Personal Loan,101052.48,4848713.88,Employed,Manufacturing,0.2095,0.2501,33.7,0.01,1,1,2025-11-10,1
812,2761,1,596297.64,21.3253,24,PERSONAL,Personal Loan,35442.59,2803031.28,Self-employed,Professional Services,0.2127,0.1517,35.0,0.20,1,1,2025-05-29,7
813,2767,1,659622.59,20.3089,36,PERSONAL,Personal Loan,29486.36,1489995.36,Employed,Tech,0.4427,0.2375,51.6,0.04,1,1,2025-09-30,3
814,2767,0,2650325.43,12.1047,300,MORTGAGE,Mortgage,35568.91,1489995.36,Employed,Tech,1.7787,0.2865,51.7,0.09,1,1,2025-10-20,2
815,2771,1,7920301.55,10.9613,180,MORTGAGE,Mortgage,116349.01,1056179.64,Employed,Manufacturing,7.4990,1.3219,23.6,0.04,1,1,2025-09-03,3
816,2776,0,309803.62,20.7577,24,PERSONAL,Personal Loan,18267.49,2089429.68,Employed,Energy,0.1483,0.1049,57.4,0.03,1,1,2025-07-01,6
817,2778,0,1123193.47,18.7226,36,PERSONAL,Personal Loan,48724.07,4728114.84,Employed,Professional Services,0.2376,0.1237,41.6,0.17,1,1,2025-07-14,5
818,2781,0,189720.16,23.3037,12,PERSONAL,Personal Loan,19494.33,1790336.76,Employed,Retail,0.1060,0.1307,24.3,0.29,2,1,2025-06-20,6
819,2781,0,2306653.91,12.4417,180,MORTGAGE,Mortgage,36730.32,1790336.76,Employed,Retail,1.2884,0.2462,24.1,0.10,2,1,2025-04-11,8
820,2782,1,729405.45,24.2967,36,PERSONAL,Personal Loan,35029.72,1468320.00,Self-employed,Construction,0.4968,0.2863,50.0,0.04,1,1,2025-05-13,7
821,2798,0,345475.35,21.0452,24,PERSONAL,Personal Loan,20453.64,1186084.56,Employed,Healthcare,0.2913,0.2069,23.7,0.03,1,0,2025-08-20,4
823,2803,0,654812.93,19.2042,12,PERSONAL,Personal Loan,65047.04,6919349.16,Employed,Retail,0.0946,0.1128,42.3,0.01,1,1,2025-07-20,5
824,2808,1,5338044.16,10.5643,300,MORTGAGE,Mortgage,64787.40,1096463.88,Employed,Healthcare,4.8684,0.7091,41.7,0.08,2,1,2025-04-25,8
825,2810,0,594297.16,19.2839,36,PERSONAL,Personal Loan,26058.56,1607774.04,Employed,Energy,0.3696,0.1945,34.7,0.28,2,1,2025-04-24,8
826,2821,0,5281755.00,12.8322,180,MORTGAGE,Mortgage,85823.53,1684000.80,Employed,Healthcare,3.1364,0.6116,57.0,0.10,1,1,2025-07-18,5
827,2823,0,4946423.52,12.6978,240,MORTGAGE,Mortgage,72950.68,922206.24,Employed,Professional Services,5.3637,0.9493,39.1,0.06,1,1,2025-08-18,4
828,2825,0,1063568.62,17.0807,60,PERSONAL,Personal Loan,32864.89,2996954.52,Self-employed,Energy,0.3549,0.1316,36.0,0.03,1,1,2025-07-06,5
829,2835,0,4102803.54,12.4292,120,MORTGAGE,Mortgage,76685.50,3608853.36,Employed,Transport,1.1369,0.2550,38.9,0.11,1,1,2025-07-28,5
830,2845,0,415501.05,23.1924,60,PERSONAL,Personal Loan,14955.41,1918240.56,Employed,Healthcare,0.2166,0.0936,27.8,0.02,1,1,2025-08-12,4
831,2850,0,3030299.34,11.3160,240,MORTGAGE,Mortgage,41201.97,1393983.24,Employed,Transport,2.1738,0.3547,28.0,0.09,1,1,2025-02-26,10
832,2852,0,785372.14,20.8168,60,PERSONAL,Personal Loan,26713.65,1208600.28,Employed,Professional Services,0.6498,0.2652,30.9,0.02,1,1,2025-10-09,2
834,2862,0,541825.28,23.6240,36,PERSONAL,Personal Loan,25717.44,2535551.52,Employed,Tech,0.2137,0.1217,46.7,0.03,1,1,2025-10-10,2
835,2862,0,5065722.24,14.6480,180,MORTGAGE,Mortgage,89978.48,2535551.52,Employed,Tech,1.9979,0.4258,46.7,0.05,1,1,2025-10-17,2
837,2865,1,4518684.32,14.9454,300,MORTGAGE,Mortgage,71340.23,1316178.72,Self-employed,Energy,3.4332,0.6504,59.0,0.08,1,1,2025-10-02,2
838,2872,1,695069.09,20.4980,12,PERSONAL,Personal Loan,69795.36,1480709.88,Employed,Public Sector,0.4694,0.5656,63.0,0.29,2,1,2025-07-13,5
839,2872,0,3216480.40,10.7360,300,MORTGAGE,Mortgage,39498.38,1480709.88,Employed,Public Sector,2.1723,0.3201,62.8,0.12,1,1,2025-05-12,7
840,2873,0,1106899.80,23.2863,12,PERSONAL,Personal Loan,113721.32,1993506.00,Employed,Tech,0.5553,0.6846,27.6,0.02,1,1,2025-08-08,3
841,2877,0,1082744.77,17.2678,12,PERSONAL,Personal Loan,105809.25,5238235.56,Employed,Retail,0.2067,0.2424,55.7,0.15,1,1,2025-04-30,8
842,2895,0,8608354.56,13.1627,180,MORTGAGE,Mortgage,142248.52,3717883.68,Employed,Education,2.3154,0.4591,40.3,0.14,1,1,2025-05-10,7
844,2898,0,9810675.88,12.7640,240,MORTGAGE,Mortgage,145230.71,1476096.48,Employed,Construction,6.6464,1.1807,25.8,0.08,1,1,2025-05-10,7
845,2904,1,290761.24,19.2737,24,PERSONAL,Personal Loan,16785.09,1407495.48,Employed,Hospitality,0.2066,0.1431,29.4,0.18,1,1,2025-03-18,9
846,2910,0,5740450.29,14.0238,180,MORTGAGE,Mortgage,98977.16,2005620.12,Employed,Transport,2.8622,0.5922,52.1,0.07,1,1,2025-06-10,6
847,2912,0,3712495.37,13.8584,240,MORTGAGE,Mortgage,58343.10,3025549.80,Self-employed,Transport,1.2270,0.2314,34.4,0.12,1,1,2025-09-18,3
849,2927,1,952073.97,20.5041,48,PERSONAL,Personal Loan,36102.72,2043519.84,Employed,Construction,0.4659,0.2120,62.3,0.14,1,1,2025-05-22,7
851,2930,1,4238449.04,12.1360,120,MORTGAGE,Mortgage,78185.26,2384017.56,Employed,Transport,1.7779,0.3935,40.0,0.08,1,1,2025-05-21,6
852,2932,0,339241.52,20.6674,36,PERSONAL,Personal Loan,15266.08,2389574.88,Employed,Construction,0.1420,0.0767,44.1,0.17,1,1,2025-04-23,8
853,2944,0,5122016.83,13.0529,180,MORTGAGE,Mortgage,84169.96,4075150.32,Employed,Professional Services,1.2569,0.2479,58.6,0.08,1,1,2025-04-02,7
854,2951,1,821700.99,19.5562,60,PERSONAL,Personal Loan,27086.14,2148780.84,Employed,Energy,0.3824,0.1513,27.9,0.02,1,1,2025-09-12,3
855,2953,1,422129.93,21.4744,48,PERSONAL,Personal Loan,16348.53,1845959.16,Employed,Retail,0.2287,0.1063,26.4,0.22,1,1,2025-07-05,5
856,2957,1,1156872.21,17.9254,24,PERSONAL,Personal Loan,65484.17,537147.48,Self-employed,Tech,2.1537,1.4629,57.2,0.20,1,1,2025-06-30,6
858,2969,1,936134.75,24.7809,12,PERSONAL,Personal Loan,97343.11,4112441.52,Self-employed,Tech,0.2276,0.2840,51.4,0.16,2,1,2025-05-18,7
859,2972,0,955037.59,17.8861,12,PERSONAL,Personal Loan,93821.38,3005009.40,Employed,Transport,0.3178,0.3747,52.9,0.11,1,1,2025-06-26,6
860,2974,0,737497.44,20.8220,48,PERSONAL,Personal Loan,28161.34,2216556.96,Employed,Retail,0.3327,0.1525,44.5,0.01,1,1,2025-08-12,4
861,2980,1,681000.56,18.2780,60,PERSONAL,Personal Loan,21722.78,2429594.88,Employed,Retail,0.2803,0.1073,51.4,0.02,1,1,2025-10-05,2
862,2983,0,1466065.96,24.5777,24,PERSONAL,Personal Loan,91113.19,4396700.28,Employed,Professional Services,0.3334,0.2487,61.9,0.02,2,1,2025-09-29,2
863,2983,0,9375462.33,14.3188,180,MORTGAGE,Mortgage,163957.04,4396700.28,Employed,Professional Services,2.1324,0.4475,62.0,0.15,2,1,2025-11-12,1
864,2985,0,5211472.35,13.4898,300,MORTGAGE,Mortgage,75956.34,1413050.28,Employed,Education,3.6881,0.6450,43.8,0.11,1,1,2025-09-23,3
865,2995,0,760587.20,16.2034,48,PERSONAL,Personal Loan,26115.65,1818839.52,Employed,Transport,0.4182,0.1723,50.2,0.05,1,1,2025-06-24,5
866,2995,0,7288475.45,13.8639,300,MORTGAGE,Mortgage,108500.50,1818839.52,Employed,Transport,4.0072,0.7158,50.3,0.15,1,1,2025-07-30,5
867,2996,0,8351365.68,10.4548,300,MORTGAGE,Mortgage,100597.77,2219264.28,Employed,Manufacturing,3.7631,0.5440,39.4,0.08,1,0,2025-10-16,2
869,3014,0,666956.87,16.4772,60,PERSONAL,Personal Loan,20273.93,2001767.76,Employed,Education,0.3332,0.1215,25.3,0.19,1,0,2025-04-27,8
870,3017,0,189529.65,21.6278,24,PERSONAL,Personal Loan,11312.99,2658817.92,Employed,Manufacturing,0.0713,0.0511,36.2,0.02,2,1,2025-08-12,4
871,3019,0,2372908.14,13.6909,180,MORTGAGE,Mortgage,40255.53,1369558.68,Employed,Retail,1.7326,0.3527,40.2,0.09,2,1,2025-02-28,10
873,3024,0,670145.42,17.1220,12,PERSONAL,Personal Loan,65407.31,1965450.36,Employed,Education,0.3410,0.3993,33.3,0.32,1,1,2025-07-04,5
874,3035,0,436721.50,22.1767,36,PERSONAL,Personal Loan,20202.02,1291287.48,Employed,Hospitality,0.3382,0.1877,41.5,0.09,1,1,2025-07-02,5
875,3038,0,718735.96,18.5872,24,PERSONAL,Personal Loan,41080.07,1671604.92,Employed,Public Sector,0.4300,0.2949,25.9,0.14,1,1,2025-05-29,7
876,3047,0,527362.45,21.7448,12,PERSONAL,Personal Loan,53503.03,1521181.32,Employed,Healthcare,0.3467,0.4221,28.4,0.01,1,1,2025-02-19,10
877,3048,1,5786658.04,12.0103,300,MORTGAGE,Mortgage,77205.11,1334892.84,Employed,Construction,4.3349,0.6940,45.5,0.16,1,1,2025-05-31,7
878,3050,1,2009203.96,11.6732,180,MORTGAGE,Mortgage,30707.11,4479840.24,Employed,Construction,0.4485,0.0823,41.8,0.07,1,1,2025-05-06,7
880,3057,0,6460764.12,13.0863,240,MORTGAGE,Mortgage,97376.10,3742424.28,Employed,Retail,1.7264,0.3122,61.4,0.11,1,1,2025-03-11,9
882,3061,0,8425502.02,13.9565,120,MORTGAGE,Mortgage,168204.62,738599.76,Employed,Education,11.4074,2.7328,40.7,0.07,1,1,2025-05-12,7
883,3073,0,773419.20,19.5848,60,PERSONAL,Personal Loan,25513.04,2315205.96,Employed,Transport,0.3341,0.1322,39.1,0.07,2,1,2025-05-04,7
884,3076,0,982506.34,23.9823,12,PERSONAL,Personal Loan,101511.16,3687227.40,Employed,Retail,0.2665,0.3304,59.8,0.04,1,1,2025-06-23,6
885,3078,0,607617.48,24.7167,60,PERSONAL,Personal Loan,22642.21,2140273.92,Self-employed,Transport,0.2839,0.1269,36.2,0.09,1,1,2025-05-17,7
886,3087,0,757478.14,22.3262,12,PERSONAL,Personal Loan,77216.19,3049458.96,Self-employed,Education,0.2484,0.3039,45.1,0.39,1,1,2025-06-14,6
887,3089,0,820405.16,19.5857,60,PERSONAL,Personal Loan,27063.59,4307293.80,Employed,Transport,0.1905,0.0754,48.4,0.08,1,1,2025-06-08,6
888,3089,0,3235876.04,10.6135,240,MORTGAGE,Mortgage,42102.79,4307293.80,Employed,Transport,0.7513,0.1173,48.4,0.07,1,1,2025-06-05,6
889,3095,0,4941768.69,11.8214,300,MORTGAGE,Mortgage,65154.75,1602748.32,Employed,Professional Services,3.0833,0.4878,59.7,0.08,1,1,2025-11-13,1
890,3098,0,3391897.33,13.8764,240,MORTGAGE,Mortgage,53355.68,2312480.04,Self-employed,Construction,1.4668,0.2769,44.4,0.11,1,0,2025-04-20,8
893,3109,0,180344.88,21.4181,36,PERSONAL,Personal Loan,8228.45,1109689.56,Employed,Retail,0.1625,0.0890,62.9,0.01,1,1,2025-10-02,2
894,3113,0,255520.41,16.6615,60,PERSONAL,Personal Loan,7806.47,725836.68,Retired,,0.3520,0.1291,77.0,0.03,1,1,2025-08-24,4
895,3117,0,5677454.61,12.9667,120,MORTGAGE,Mortgage,108660.33,1748639.76,Employed,Finance,3.2468,0.7457,48.2,0.09,1,1,2025-06-13,6
896,3119,0,328817.65,19.7855,48,PERSONAL,Personal Loan,12271.89,502753.08,Retired,,0.6540,0.2929,65.9,0.02,1,1,2025-11-24,1
897,3129,1,894359.73,20.5627,60,PERSONAL,Personal Loan,30231.37,1182597.00,Employed,Finance,0.7563,0.3068,52.6,0.28,1,1,2025-05-05,7
898,3132,0,9081268.02,13.3390,240,MORTGAGE,Mortgage,138784.48,3165986.76,Employed,Healthcare,2.8684,0.5260,39.9,0.10,1,0,2025-11-24,1
899,3133,0,981348.87,18.0655,12,PERSONAL,Personal Loan,96552.87,1482557.64,Employed,Manufacturing,0.6619,0.7815,47.5,0.22,1,1,2025-07-02,5
900,3134,0,723963.25,21.4483,12,PERSONAL,Personal Loan,73270.09,1924529.88,Employed,Public Sector,0.3762,0.4569,32.6,0.19,1,1,2025-04-23,8
901,3134,1,3592210.78,10.1735,120,MORTGAGE,Mortgage,60389.55,1924529.88,Employed,Public Sector,1.8665,0.3765,32.4,0.06,1,1,2025-03-09,9
902,3138,1,5946463.18,14.9200,240,MORTGAGE,Mortgage,98711.29,2373941.04,Employed,Construction,2.5049,0.4990,64.9,0.13,1,1,2025-08-30,4
903,3145,0,4166647.34,12.7411,120,MORTGAGE,Mortgage,78961.79,2059516.80,Employed,Finance,2.0231,0.4601,29.9,0.08,1,1,2025-02-25,10
904,3150,0,1046852.39,19.6635,48,PERSONAL,Personal Loan,38963.41,1348030.56,Employed,Manufacturing,0.7766,0.3468,28.6,0.31,2,1,2025-05-16,7
905,3152,0,7665065.47,14.6030,300,MORTGAGE,Mortgage,118827.68,3704498.88,Employed,Public Sector,2.0691,0.3849,40.8,0.08,1,1,2025-01-31,11
906,3153,0,583631.62,20.9523,48,PERSONAL,Personal Loan,22349.35,1271921.64,Employed,Transport,0.4589,0.2109,30.4,0.04,1,1,2025-01-28,11
907,3154,0,178880.62,23.2769,48,PERSONAL,Personal Loan,7196.50,1879788.24,Employed,Public Sector,0.0952,0.0459,40.4,0.02,1,1,2025-07-25,4
908,3157,1,1174404.80,19.1189,48,PERSONAL,Personal Loan,43177.87,2626380.72,Employed,Healthcare,0.4472,0.1973,54.8,0.07,1,1,2025-07-09,5
909,3157,0,9412200.72,12.7435,240,MORTGAGE,Mortgage,139171.15,2626380.72,Employed,Healthcare,3.5837,0.6359,54.8,0.08,1,1,2025-07-12,5
910,3173,0,1014994.36,17.8516,36,PERSONAL,Personal Loan,43293.68,1538500.44,Employed,Energy,0.6597,0.3377,52.2,0.01,1,1,2025-11-20,1
911,3174,0,102933.85,23.0608,24,PERSONAL,Personal Loan,6267.02,1775198.40,Employed,Manufacturing,0.0580,0.0424,51.3,0.16,1,1,2025-06-18,6
913,3180,0,4354078.03,12.2565,180,MORTGAGE,Mortgage,68660.79,1599239.28,Employed,Construction,2.7226,0.5152,47.1,0.12,1,1,2025-10-17,2
915,3190,0,2910762.32,11.5287,300,MORTGAGE,Mortgage,37666.96,2878052.52,Employed,Education,1.0114,0.1571,48.0,0.09,1,1,2025-03-15,9
916,3191,1,8130785.76,13.5590,120,MORTGAGE,Mortgage,159627.65,2750852.16,Self-employed,Public Sector,2.9557,0.6963,50.0,0.13,1,1,2025-05-22,7
917,3193,0,634690.90,16.5566,24,PERSONAL,Personal Loan,35202.39,1877450.40,Employed,Tech,0.3381,0.2250,56.3,0.05,1,1,2025-04-18,8
918,3194,0,185861.33,22.0592,24,PERSONAL,Personal Loan,11160.85,2270623.20,Employed,Retail,0.0819,0.0590,61.4,0.13,1,1,2025-05-13,7
919,3194,0,2038662.56,10.0453,240,MORTGAGE,Mortgage,25560.24,2270623.20,Employed,Retail,0.8978,0.1351,61.4,0.15,1,1,2025-05-21,6
920,3196,1,539109.46,24.8217,60,PERSONAL,Personal Loan,20136.50,676342.32,Employed,Tech,0.7971,0.3573,28.0,0.11,1,0,2025-07-07,5
921,3200,0,236613.71,16.6920,60,PERSONAL,Personal Loan,7234.86,1716841.32,Employed,Tech,0.1378,0.0506,58.1,0.11,1,1,2025-05-25,6
922,3200,0,5553265.10,10.6513,300,MORTGAGE,Mortgage,67802.13,1716841.32,Employed,Tech,3.2346,0.4739,58.1,0.09,1,1,2025-05-17,7
923,3204,0,8845477.51,10.1029,120,MORTGAGE,Mortgage,148183.12,1871548.44,Employed,Construction,4.7263,0.9501,47.7,0.07,1,1,2025-03-06,9
924,3205,0,828818.63,19.3560,36,PERSONAL,Personal Loan,36391.58,3650655.24,Employed,Manufacturing,0.2270,0.1196,47.9,0.03,1,1,2025-08-10,4
925,3207,0,8901902.84,11.9597,240,MORTGAGE,Mortgage,125811.33,1982240.28,Employed,Hospitality,4.4908,0.7616,44.0,0.13,1,1,2025-08-04,4
926,3212,0,370801.65,22.1281,60,PERSONAL,Personal Loan,13017.64,2273425.68,Employed,Public Sector,0.1631,0.0687,48.9,0.24,2,1,2025-06-15,6
927,3214,1,1193246.85,21.7521,36,PERSONAL,Personal Loan,54775.43,1635059.88,Employed,Public Sector,0.7298,0.4020,45.6,0.04,2,1,2025-05-08,7
928,3215,0,562947.67,16.0560,12,PERSONAL,Personal Loan,54444.55,866241.24,Employed,Energy,0.6499,0.7542,37.0,0.02,1,1,2025-07-02,5
929,3219,1,668807.23,24.1601,60,PERSONAL,Personal Loan,24612.16,1495056.72,Employed,Hospitality,0.4473,0.1975,30.7,0.06,1,1,2025-06-14,5
930,3220,0,7152265.75,14.1974,120,MORTGAGE,Mortgage,144221.86,2430245.28,Employed,Transport,2.9430,0.7121,58.9,0.11,1,1,2025-10-11,2
931,3228,0,619595.56,18.3841,12,PERSONAL,Personal Loan,61125.22,1719293.88,Employed,Manufacturing,0.3604,0.4266,51.7,0.20,2,1,2025-06-24,6
932,3230,0,8159170.12,13.1646,300,MORTGAGE,Mortgage,116707.41,3513762.48,Employed,Public Sector,2.3221,0.3986,50.4,0.10,1,1,2025-07-13,5
933,3232,0,3470568.65,14.1924,180,MORTGAGE,Mortgage,60327.35,3684128.04,Employed,Construction,0.9420,0.1965,39.6,0.13,1,1,2025-10-20,2
934,3237,0,5830377.84,10.4097,240,MORTGAGE,Mortgage,74870.31,1172484.48,Employed,Retail,4.9727,0.7663,35.6,0.11,1,1,2025-08-18,4
936,3243,0,1024810.98,19.5983,36,PERSONAL,Personal Loan,45204.10,5616747.36,Employed,Construction,0.1825,0.0966,58.7,0.03,1,1,2025-11-21,1
937,3246,0,469703.73,18.1928,48,PERSONAL,Personal Loan,16906.52,2321391.24,Employed,Hospitality,0.2023,0.0874,34.5,0.18,2,1,2025-07-13,5
938,3246,0,4726053.66,13.1825,300,MORTGAGE,Mortgage,67671.18,2321391.24,Employed,Hospitality,2.0359,0.3498,34.4,0.07,2,1,2025-06-02,5
939,3247,0,617151.10,18.3336,12,PERSONAL,Personal Loan,60858.09,1317458.64,Employed,Transport,0.4684,0.5543,35.1,0.02,1,1,2025-08-17,4
940,3251,0,1000975.84,19.0623,36,PERSONAL,Personal Loan,43705.64,1656597.36,Employed,Tech,0.6042,0.3166,42.4,0.03,1,1,2025-08-08,4
941,3252,0,5951837.80,14.2889,120,MORTGAGE,Mortgage,120469.66,2539854.96,Employed,Energy,2.3434,0.5692,59.0,0.06,1,1,2025-07-05,5
942,3253,0,6673081.10,10.2291,120,MORTGAGE,Mortgage,112492.02,5926991.40,Employed,Healthcare,1.1259,0.2278,41.4,0.13,1,1,2025-10-24,2
943,3259,0,435356.40,22.0991,60,PERSONAL,Personal Loan,15273.43,403316.76,Student,,1.0794,0.4544,18.0,0.07,1,0,2025-06-17,6
945,3267,0,464941.14,20.6964,36,PERSONAL,Personal Loan,20933.87,1680238.08,Employed,Manufacturing,0.2767,0.1495,47.6,0.02,1,1,2025-07-13,5
946,3268,0,812078.99,24.9644,60,PERSONAL,Personal Loan,30428.87,3803243.16,Self-employed,Hospitality,0.2135,0.0960,44.3,0.01,1,1,2025-10-19,2
947,3275,0,4323572.83,10.5607,180,MORTGAGE,Mortgage,62069.81,2519577.84,Employed,Energy,1.7160,0.2956,32.4,0.08,2,1,2025-09-21,3
948,3281,0,634436.17,21.6324,24,PERSONAL,Personal Loan,37871.82,885101.76,Employed,Transport,0.7168,0.5135,64.2,0.06,1,1,2025-06-28,6
949,3281,1,3317777.29,13.0495,240,MORTGAGE,Mortgage,49903.52,885101.76,Employed,Transport,3.7485,0.6766,64.2,0.09,1,1,2025-07-11,5
950,3282,0,1087845.31,16.2303,60,PERSONAL,Personal Loan,32844.13,5649513.36,Employed,Public Sector,0.1926,0.0698,63.6,0.14,1,1,2025-06-17,6
951,3282,0,8061226.09,10.7497,300,MORTGAGE,Mortgage,99083.89,5649513.36,Employed,Public Sector,1.4269,0.2105,63.6,0.11,1,1,2025-06-08,6
952,3299,0,3131473.87,10.0200,240,MORTGAGE,Mortgage,39195.61,1839601.80,Employed,Retail,1.7023,0.2557,62.2,0.07,1,1,2025-09-24,3
954,3304,0,610856.96,23.1260,36,PERSONAL,Personal Loan,28740.48,2200584.00,Employed,Retail,0.2776,0.1567,63.7,0.02,1,1,2025-07-20,5
955,3314,0,692644.56,19.3055,24,PERSONAL,Personal Loan,40003.40,1900352.28,Employed,Finance,0.3645,0.2526,36.5,0.02,1,1,2025-11-23,1
956,3316,0,656092.93,20.7908,36,PERSONAL,Personal Loan,29592.05,2350218.60,Employed,Hospitality,0.2792,0.1511,48.2,0.26,1,1,2025-07-10,5
957,3319,0,9240784.02,12.2463,240,MORTGAGE,Mortgage,132807.78,2702113.80,Employed,Education,3.4198,0.5898,62.8,0.11,1,1,2025-09-03,3
958,3320,0,1067819.43,18.6627,48,PERSONAL,Personal Loan,38853.23,2177360.52,Employed,Manufacturing,0.4904,0.2141,42.9,0.02,1,1,2025-09-17,3
959,3322,1,6448570.33,14.6068,300,MORTGAGE,Mortgage,99989.38,2261901.72,Self-employed,Construction,2.8510,0.5305,43.7,0.09,2,1,2025-03-13,9
960,3325,1,1259117.44,23.3496,24,PERSONAL,Personal Loan,76963.13,3246669.48,Self-employed,Energy,0.3878,0.2845,64.8,0.15,2,1,2025-03-02,9
961,3328,1,1000215.60,23.3642,24,PERSONAL,Personal Loan,61150.01,2166513.12,Employed,Education,0.4617,0.3387,25.5,0.12,1,1,2025-06-14,6
962,3340,1,942764.75,18.8445,36,PERSONAL,Personal Loan,40992.85,2262766.80,Employed,Professional Services,0.4166,0.2174,42.4,0.07,1,1,2025-07-02,5
963,3344,0,1366055.95,18.0517,24,PERSONAL,Personal Loan,77468.69,5945466.00,Employed,Healthcare,0.2298,0.1564,50.2,0.12,1,1,2025-06-28,6
964,3345,0,6277933.42,12.6940,180,MORTGAGE,Mortgage,101287.48,1130622.48,Employed,Hospitality,5.5526,1.0750,30.0,0.05,1,1,2025-10-14,2
965,3347,0,850267.03,21.8205,60,PERSONAL,Personal Loan,29632.16,3961596.24,Self-employed,Construction,0.2146,0.0898,38.4,0.02,1,1,2025-10-14,2
966,3349,1,517960.47,24.4748,60,PERSONAL,Personal Loan,19196.82,3055337.40,Employed,Transport,0.1695,0.0754,41.0,0.30,2,1,2025-07-02,5
967,3349,0,3581712.05,13.1655,120,MORTGAGE,Mortgage,69143.46,3055337.40,Employed,Transport,1.1723,0.2716,40.9,0.13,2,1,2025-04-29,8
968,3352,0,108512.15,22.3119,60,PERSONAL,Personal Loan,3826.13,527269.08,Retired,,0.2058,0.0871,65.1,0.02,1,1,2025-01-23,11
969,3369,0,7210502.69,10.6079,240,MORTGAGE,Mortgage,93784.00,2173091.88,Employed,Education,3.3181,0.5179,41.2,0.12,1,1,2025-07-02,5
970,3370,0,9782001.11,12.2323,240,MORTGAGE,Mortgage,140471.98,3559478.16,Employed,Construction,2.7482,0.4736,47.4,0.14,1,1,2025-04-29,8
972,3375,0,523342.70,18.7491,36,PERSONAL,Personal Loan,22714.13,1259663.04,Employed,Public Sector,0.4155,0.2164,31.4,0.03,1,1,2025-08-28,4
973,3382,0,103483.26,22.5808,48,PERSONAL,Personal Loan,4103.18,1410676.20,Employed,Professional Services,0.0734,0.0349,55.9,0.33,1,1,2025-05-24,7
974,3384,0,794483.12,16.4547,48,PERSONAL,Personal Loan,27445.88,884043.60,Employed,Energy,0.8987,0.3726,24.4,0.03,1,1,2025-08-15,4
975,3385,0,116545.56,17.5844,12,PERSONAL,Personal Loan,11419.95,751423.08,Employed,Manufacturing,0.1551,0.1824,31.1,0.04,2,1,2025-07-10,5
977,3397,0,336855.28,22.3688,60,PERSONAL,Personal Loan,11893.46,4308306.36,Self-employed,Education,0.0782,0.0331,50.0,0.10,2,1,2025-07-13,5
979,3400,0,2946025.67,13.7395,180,MORTGAGE,Mortgage,50097.58,557205.24,Employed,Education,5.2871,1.0789,59.0,0.10,1,1,2025-10-13,2
981,3404,0,8688936.87,11.3669,120,MORTGAGE,Mortgage,154713.04,1698555.96,Employed,Manufacturing,5.1155,1.0930,50.8,0.07,1,1,2025-02-24,10
982,3408,1,1117076.61,23.1051,24,PERSONAL,Personal Loan,68053.33,2393181.84,Employed,Hospitality,0.4668,0.3412,40.7,0.03,1,1,2025-11-12,1
984,3416,0,9449015.54,11.1615,300,MORTGAGE,Mortgage,119384.37,1731679.80,Employed,Healthcare,5.4566,0.8273,53.9,0.07,1,1,2025-05-04,7
985,3417,0,100915.73,24.4240,36,PERSONAL,Personal Loan,4857.19,2037304.44,Employed,Tech,0.0495,0.0286,35.4,0.04,1,1,2025-11-09,1
986,3420,1,930706.49,20.2626,60,PERSONAL,Personal Loan,31227.22,1031996.04,Employed,Professional Services,0.9019,0.3631,33.9,0.18,1,1,2025-05-01,8
987,3421,0,1427070.52,22.2694,24,PERSONAL,Personal Loan,85944.61,5413220.04,Employed,Finance,0.2636,0.1905,49.3,0.11,1,1,2025-03-27,9
988,3421,0,5903795.19,13.3276,300,MORTGAGE,Mortgage,85248.83,5413220.04,Employed,Finance,1.0906,0.1890,49.3,0.11,1,1,2025-03-29,9
990,3434,0,276732.47,22.1693,24,PERSONAL,Personal Loan,16642.99,1360434.24,Employed,Hospitality,0.2034,0.1468,37.8,0.02,1,1,2025-11-01,2
991,3439,0,111872.55,21.8545,48,PERSONAL,Personal Loan,4368.11,4081554.72,Employed,Public Sector,0.0274,0.0128,40.3,0.01,1,1,2025-09-14,3
992,3440,0,643411.62,17.4775,60,PERSONAL,Personal Loan,20094.55,1965483.48,Employed,Tech,0.3274,0.1227,40.9,0.01,1,1,2025-08-04,4
993,3440,1,5533642.30,14.1287,180,MORTGAGE,Mortgage,95895.10,1965483.48,Employed,Tech,2.8154,0.5855,40.9,0.05,1,1,2025-08-16,4
994,3441,0,2319985.36,10.2929,300,MORTGAGE,Mortgage,27632.77,3569658.24,Employed,Retail,0.6499,0.0929,42.5,0.05,1,1,2025-10-24,2
995,3442,0,7219184.83,14.1211,120,MORTGAGE,Mortgage,145112.23,1898274.48,Employed,Education,3.8030,0.9173,56.6,0.07,2,1,2025-09-21,3
996,3445,0,116853.40,23.5620,24,PERSONAL,Personal Loan,7163.31,1602599.28,Employed,Tech,0.0729,0.0536,57.4,0.16,1,1,2025-04-23,8
997,3451,1,273279.50,23.7317,24,PERSONAL,Personal Loan,16791.14,1526407.08,Employed,Finance,0.1790,0.1320,27.3,0.06,1,1,2025-04-25,8
999,3454,0,776945.83,16.5967,60,PERSONAL,Personal Loan,23694.71,1356219.96,Employed,Transport,0.5729,0.2097,46.2,0.14,1,1,2025-05-30,7
1000,3454,1,8070687.67,12.0503,120,MORTGAGE,Mortgage,148300.90,1356219.96,Employed,Transport,5.9509,1.3122,46.1,0.13,1,1,2025-05-27,7
1001,3455,0,7931123.77,14.3496,180,MORTGAGE,Mortgage,138902.18,6075730.20,Employed,Public Sector,1.3054,0.2743,55.0,0.08,1,1,2025-03-09,9
1002,3460,0,8974329.96,12.9725,300,MORTGAGE,Mortgage,126930.68,2610455.28,Employed,Healthcare,3.4378,0.5835,39.1,0.13,2,1,2025-09-01,4
1003,3461,0,4399914.85,13.0817,240,MORTGAGE,Mortgage,66298.28,2530512.24,Employed,Transport,1.7387,0.3144,44.0,0.12,1,1,2025-11-24,1
1005,3464,0,9612066.71,13.6298,120,MORTGAGE,Mortgage,189276.01,429888.24,Employed,Construction,22.3595,5.2835,45.4,0.10,1,1,2025-06-23,6
1006,3465,0,292538.54,18.5490,60,PERSONAL,Personal Loan,9397.56,999946.44,Employed,Professional Services,0.2926,0.1128,41.7,0.41,1,1,2025-06-30,6
1007,3465,0,5931632.96,14.8687,120,MORTGAGE,Mortgage,122926.67,999946.44,Employed,Professional Services,5.9320,1.4752,41.4,0.11,1,1,2025-03-14,9
1008,3466,0,5448433.12,10.8668,180,MORTGAGE,Mortgage,79608.27,1032636.24,Self-employed,Construction,5.2762,0.9251,56.6,0.06,1,1,2025-11-01,2
1009,3467,0,509787.86,20.2988,36,PERSONAL,Personal Loan,22784.18,1873002.84,Employed,Finance,0.2722,0.1460,31.6,0.02,1,1,2025-08-17,4
1010,3471,1,694993.43,17.7183,60,PERSONAL,Personal Loan,21844.98,3246404.52,Self-employed,Tech,0.2141,0.0807,43.1,0.02,1,1,2025-10-18,2
1012,3488,0,1173596.16,22.9271,60,PERSONAL,Personal Loan,41982.57,2753821.56,Employed,Tech,0.4262,0.1829,42.7,0.05,1,1,2025-05-07,7
1013,3488,0,3359004.04,14.1191,240,MORTGAGE,Mortgage,53517.61,2753821.56,Employed,Tech,1.2198,0.2332,42.8,0.06,1,1,2025-05-11,7
1014,3490,0,8244436.99,13.5013,180,MORTGAGE,Mortgage,138561.28,2337825.84,Employed,Professional Services,3.5265,0.7112,46.2,0.10,1,1,2025-08-06,4
1015,3491,0,152556.76,22.0513,12,PERSONAL,Personal Loan,15516.46,1026730.08,Employed,Manufacturing,0.1486,0.1814,24.1,0.17,1,1,2025-05-07,7
1016,3494,0,1199831.63,16.3790,36,PERSONAL,Personal Loan,49705.36,2371970.04,Employed,Retail,0.5058,0.2515,45.9,0.15,2,1,2025-06-03,6
1017,3501,0,8788487.54,10.6021,120,MORTGAGE,Mortgage,150884.42,4964183.64,Employed,Tech,1.7704,0.3647,46.1,0.13,1,1,2025-03-28,9
1018,3502,0,538052.01,16.1755,24,PERSONAL,Personal Loan,29671.55,1441744.44,Employed,Construction,0.3732,0.2470,23.8,0.19,1,1,2025-07-05,5
1019,3517,0,668107.93,21.3854,60,PERSONAL,Personal Loan,23041.59,2179695.72,Employed,Energy,0.3065,0.1269,41.7,0.03,1,1,2025-10-23,2
1020,3517,0,3902841.44,12.1495,240,MORTGAGE,Mortgage,55776.48,2179695.72,Employed,Energy,1.7905,0.3071,41.7,0.10,1,1,2025-11-18,1
1021,3518,0,9602554.58,13.9777,180,MORTGAGE,Mortgage,165198.88,3149152.44,Employed,Healthcare,3.0493,0.6295,28.6,0.10,1,1,2025-11-06,1
1022,3519,0,4786937.64,12.6723,240,MORTGAGE,Mortgage,70496.83,2366393.16,Self-employed,Construction,2.0229,0.3575,47.3,0.02,1,1,2025-11-08,1
1023,3531,0,1193022.16,20.6952,12,PERSONAL,Personal Loan,119993.37,1764117.60,Employed,Transport,0.6763,0.8162,40.3,0.02,1,1,2025-10-27,2
1024,3531,0,8665550.04,10.0904,120,MORTGAGE,Mortgage,145078.64,1764117.60,Employed,Transport,4.9121,0.9869,40.4,0.07,2,1,2025-11-16,1
1025,3532,0,7261975.52,14.0547,300,MORTGAGE,Mortgage,109260.66,3684365.64,Employed,Healthcare,1.9710,0.3559,42.0,0.09,1,1,2025-10-01,3
1026,3534,1,2312090.27,11.2795,180,MORTGAGE,Mortgage,34577.63,1146513.36,Employed,Manufacturing,2.0166,0.3619,35.4,0.04,1,1,2025-04-14,8
1027,3537,1,9896436.45,10.7418,300,MORTGAGE,Mortgage,121576.07,1767458.04,Employed,Education,5.5992,0.8254,26.5,0.12,1,1,2025-07-25,5
1028,3539,1,705760.72,24.2330,24,PERSONAL,Personal Loan,43658.95,2485035.00,Employed,Construction,0.2840,0.2108,24.1,0.11,1,1,2025-05-12,7
1029,3543,0,1105090.12,20.1555,60,PERSONAL,Personal Loan,36979.54,2637672.48,Employed,Retail,0.4190,0.1682,23.5,0.08,1,0,2025-06-24,6
1031,3555,0,8742262.63,11.9023,240,MORTGAGE,Mortgage,123136.95,1600945.56,Employed,Professional Services,5.4607,0.9230,44.0,0.06,1,1,2025-07-18,5
1032,3561,1,212193.60,20.9577,12,PERSONAL,Personal Loan,21388.71,2663519.52,Self-employed,Hospitality,0.0797,0.0964,49.1,0.14,1,1,2025-06-05,6
1033,3571,0,922762.37,23.5682,12,PERSONAL,Personal Loan,95020.07,1521028.32,Employed,Education,0.6067,0.7497,33.5,0.01,1,1,2025-08-29,4
1034,3571,0,2347759.03,13.5189,240,MORTGAGE,Mortgage,36231.60,1521028.32,Employed,Education,1.5435,0.2858,33.6,0.13,1,1,2025-10-13,2
1036,3576,1,589559.51,21.2038,36,PERSONAL,Personal Loan,26794.07,1704154.44,Employed,Hospitality,0.3460,0.1887,42.1,0.40,2,1,2025-06-27,6
1037,3580,0,461808.44,21.8227,36,PERSONAL,Personal Loan,21226.27,3022235.76,Employed,Retail,0.1528,0.0843,59.2,0.01,1,1,2025-10-07,2
1038,3587,0,475938.06,19.5127,24,PERSONAL,Personal Loan,27569.78,2303397.48,Self-employed,Education,0.2066,0.1436,35.7,0.02,1,1,2025-06-01,6
1039,3588,0,619869.63,18.7319,12,PERSONAL,Personal Loan,61331.92,730796.16,Employed,Construction,0.8482,1.0071,23.7,0.34,1,1,2025-07-14,5
1040,3596,0,1325681.51,22.8682,36,PERSONAL,Personal Loan,62087.78,4405902.12,Self-employed,Public Sector,0.3009,0.1691,44.7,0.15,1,1,2025-05-09,6
1041,3596,0,4974032.76,14.7114,240,MORTGAGE,Mortgage,81704.29,4405902.12,Self-employed,Public Sector,1.1289,0.2225,44.6,0.10,1,1,2025-04-19,8
1042,3597,1,140241.25,23.3905,48,PERSONAL,Personal Loan,5655.29,1788197.40,Employed,Manufacturing,0.0784,0.0380,56.5,0.08,1,1,2025-06-26,6
1043,3597,0,5611066.39,12.0035,240,MORTGAGE,Mortgage,79506.47,1788197.40,Employed,Manufacturing,3.1378,0.5335,56.5,0.11,1,1,2025-07-07,5
1044,3599,0,3779963.54,14.0509,180,MORTGAGE,Mortgage,65259.71,1939547.16,Employed,Healthcare,1.9489,0.4038,29.3,0.07,1,1,2025-03-26,9
1046,3602,0,4470150.98,12.7537,120,MORTGAGE,Mortgage,84760.40,6055963.32,Employed,Transport,0.7381,0.1680,36.8,0.04,2,1,2025-04-16,8
1047,3607,0,5795180.12,14.0607,240,MORTGAGE,Mortgage,92050.16,1885728.24,Employed,Tech,3.0732,0.5858,52.9,0.09,1,1,2025-03-25,9
1048,3612,0,1088802.83,17.3022,60,PERSONAL,Personal Loan,33845.62,831738.72,Employed,Construction,1.3091,0.4883,28.4,0.01,1,1,2025-07-03,5
1049,3617,0,6067252.52,13.6593,180,MORTGAGE,Mortgage,102768.98,2660856.12,Employed,Transport,2.2802,0.4635,64.6,0.14,1,1,2025-07-20,5
1050,3620,0,677836.74,24.6661,12,PERSONAL,Personal Loan,70419.39,1659580.44,Employed,Professional Services,0.4084,0.5092,49.6,0.01,1,1,2025-10-19,2
1053,3629,0,801538.87,22.1121,36,PERSONAL,Personal Loan,37034.72,1527679.08,Employed,Retail,0.5247,0.2909,46.5,0.01,1,1,2025-11-07,1
1054,3634,0,979566.48,18.9863,12,PERSONAL,Personal Loan,97129.16,1831562.76,Employed,Retail,0.5348,0.6364,32.4,0.48,1,1,2025-07-13,5
1055,3637,0,6675872.52,10.2828,180,MORTGAGE,Mortgage,94293.73,4114097.76,Employed,Hospitality,1.6227,0.2750,51.8,0.08,1,1,2025-05-11,7
1056,3639,0,230246.85,18.7942,48,PERSONAL,Personal Loan,8402.90,514249.56,Student,,0.4477,0.1961,25.1,0.07,1,1,2025-07-04,5
1057,3641,1,928505.56,24.1410,36,PERSONAL,Personal Loan,44471.03,1374926.04,Employed,Tech,0.6753,0.3881,61.1,0.02,1,1,2025-08-08,4
1058,3641,0,2744377.28,12.7267,300,MORTGAGE,Mortgage,38253.65,1374926.04,Employed,Tech,1.9960,0.3339,61.2,0.15,1,1,2025-09-23,3
1059,3648,0,9874880.05,12.0203,300,MORTGAGE,Mortgage,131832.12,1319280.00,Employed,Manufacturing,7.4851,1.1991,27.5,0.04,1,1,2025-03-31,9
1060,3650,0,326449.47,21.2577,12,PERSONAL,Personal Loan,32987.09,5478489.36,Self-employed,Healthcare,0.0596,0.0723,64.5,0.08,1,1,2025-04-11,8
1061,3651,0,408083.93,23.0840,12,PERSONAL,Personal Loan,41857.17,715737.60,Employed,Construction,0.5702,0.7018,28.7,0.02,1,1,2025-09-22,3
1062,3659,0,8649847.70,14.3744,300,MORTGAGE,Mortgage,132446.47,2001708.24,Employed,Tech,4.3212,0.7940,55.6,0.07,1,1,2025-09-24,3
1063,3688,0,4117502.24,12.7338,300,MORTGAGE,Mortgage,57417.88,2781048.00,Employed,Professional Services,1.4806,0.2478,54.1,0.07,1,1,2025-08-30,4
1064,3692,0,187359.61,17.0402,36,PERSONAL,Personal Loan,7864.97,1961506.32,Employed,Transport,0.0955,0.0481,27.0,0.02,2,1,2025-08-03,4
1065,3695,0,125119.92,17.6671,24,PERSONAL,Personal Loan,7055.42,2266694.16,Employed,Healthcare,0.0552,0.0374,58.9,0.15,1,1,2025-07-16,5
1068,3700,0,1494629.14,24.5010,48,PERSONAL,Personal Loan,61654.70,3890465.04,Employed,Manufacturing,0.3842,0.1902,50.1,0.05,1,1,2025-06-22,6
1069,3701,0,762910.22,22.2314,48,PERSONAL,Personal Loan,30027.76,2008305.00,Employed,Education,0.3799,0.1794,61.7,0.18,2,1,2025-06-01,7
1070,3703,0,1048583.87,16.2054,24,PERSONAL,Personal Loan,57851.60,4546862.52,Employed,Manufacturing,0.2306,0.1527,50.3,0.02,1,1,2025-09-21,3
1071,3710,0,5086605.91,13.2788,300,MORTGAGE,Mortgage,73242.04,1315483.32,Employed,Hospitality,3.8667,0.6681,58.6,0.10,1,1,2025-04-27,8
1072,3712,0,408903.96,17.9042,60,PERSONAL,Personal Loan,12915.98,1503113.76,Employed,Energy,0.2720,0.1031,37.3,0.15,1,1,2025-07-08,5
1073,3712,1,9907624.39,11.6762,300,MORTGAGE,Mortgage,129428.25,1503113.76,Employed,Energy,6.5914,1.0333,37.2,0.05,1,1,2025-06-02,6
1074,3715,0,9021106.54,14.9545,300,MORTGAGE,Mortgage,142492.14,3498209.28,Self-employed,Finance,2.5788,0.4888,36.3,0.10,1,1,2025-11-04,1
1075,3716,0,403795.69,21.8199,36,PERSONAL,Personal Loan,18558.86,1772395.92,Employed,Construction,0.2278,0.1257,25.3,0.18,1,1,2025-07-08,5
1076,3716,0,3430400.64,11.7590,300,MORTGAGE,Mortgage,45049.74,1772395.92,Employed,Construction,1.9355,0.3050,25.2,0.08,1,1,2025-06-03,6
1077,3717,1,325756.59,21.5895,12,PERSONAL,Personal Loan,33007.15,1808707.44,Employed,Healthcare,0.1801,0.2190,54.2,0.20,1,1,2025-04-25,7
1078,3720,0,1100429.83,17.6133,48,PERSONAL,Personal Loan,39077.46,1300288.20,Employed,Construction,0.8463,0.3606,61.1,0.16,1,1,2025-06-21,6
1079,3724,1,227979.68,19.1372,60,PERSONAL,Personal Loan,7435.41,1420427.88,Employed,Education,0.1605,0.0628,31.1,0.03,1,1,2025-05-12,7
1080,3725,0,504839.45,18.1716,36,PERSONAL,Personal Loan,21668.10,1220121.00,Employed,Construction,0.4138,0.2131,30.2,0.03,1,0,2025-11-11,1
1081,3727,0,309794.40,20.9875,48,PERSONAL,Personal Loan,11872.22,2081172.36,Employed,Healthcare,0.1489,0.0685,42.9,0.20,1,1,2025-06-01,7
1083,3735,1,8166001.79,14.3555,120,MORTGAGE,Mortgage,165739.21,387693.24,Employed,Professional Services,21.0630,5.1300,24.9,0.08,1,1,2025-10-19,1
1084,3742,0,653905.03,20.6785,24,PERSONAL,Personal Loan,38514.19,3781746.36,Employed,Professional Services,0.1729,0.1222,41.5,0.08,1,1,2025-06-30,6
1085,3744,0,8332271.44,14.2950,300,MORTGAGE,Mortgage,127032.42,6257414.64,Employed,Retail,1.3316,0.2436,39.6,0.13,1,1,2025-09-06,3
1086,3748,0,1163648.17,20.5723,36,PERSONAL,Personal Loan,52272.66,4863587.76,Employed,Construction,0.2393,0.1290,33.4,0.01,1,1,2025-07-18,5
1087,3752,0,833618.00,20.0522,36,PERSONAL,Personal Loan,37085.95,2264310.12,Employed,Construction,0.3682,0.1965,45.0,0.22,1,1,2025-07-15,5
1088,3758,0,2824450.28,12.9611,120,MORTGAGE,Mortgage,54043.74,1822810.56,Employed,Professional Services,1.5495,0.3558,27.5,0.09,1,1,2025-07-17,5
1089,3761,0,603427.43,23.8263,60,PERSONAL,Personal Loan,22038.33,1235788.44,Employed,Construction,0.4883,0.2140,24.2,0.32,1,0,2025-06-27,6
1090,3769,0,389572.72,23.3697,36,PERSONAL,Personal Loan,18408.30,5368856.04,Employed,Hospitality,0.0726,0.0411,50.8,0.12,1,1,2025-07-02,5
1091,3773,0,585253.23,16.9588,36,PERSONAL,Personal Loan,24528.03,876274.20,Employed,Public Sector,0.6679,0.3359,40.6,0.36,2,1,2025-07-05,5
1093,3780,0,8897828.49,14.9371,300,MORTGAGE,Mortgage,140415.89,4946235.24,Employed,Transport,1.7989,0.3407,44.1,0.12,1,1,2025-11-12,1
1094,3783,0,961810.80,19.9572,60,PERSONAL,Personal Loan,32026.06,5487695.16,Employed,Energy,0.1753,0.0700,62.0,0.02,1,1,2025-11-05,1
1096,3790,0,287476.34,17.0395,36,PERSONAL,Personal Loan,12067.50,599041.68,Retired,,0.4799,0.2417,77.9,0.03,1,1,2025-08-07,3
1097,3794,0,734268.18,18.1388,48,PERSONAL,Personal Loan,26396.21,1237901.52,Employed,Professional Services,0.5932,0.2559,25.5,0.18,2,1,2025-05-03,7
1098,3794,1,7687730.16,10.7517,300,MORTGAGE,Mortgage,94505.91,1237901.52,Employed,Professional Services,6.2103,0.9161,25.4,0.12,2,1,2025-04-10,8
1099,3796,0,602433.28,23.7806,36,PERSONAL,Personal Loan,28672.78,2700318.72,Employed,Hospitality,0.2231,0.1274,27.0,0.07,1,1,2025-07-15,5
1102,3803,0,9806509.07,12.4714,300,MORTGAGE,Mortgage,134605.78,1782694.32,Employed,Healthcare,5.5009,0.9061,34.1,0.09,1,1,2025-04-14,8
1103,3818,0,446870.78,17.0276,48,PERSONAL,Personal Loan,15650.76,1572552.60,Employed,Construction,0.2842,0.1194,37.8,0.04,1,1,2025-10-11,2
1104,3820,0,727505.86,24.7831,48,PERSONAL,Personal Loan,30181.25,1188639.48,Employed,Tech,0.6120,0.3047,43.7,0.19,1,1,2025-06-21,6
1105,3822,0,5018608.74,12.6141,240,MORTGAGE,Mortgage,73665.23,2171210.40,Employed,Healthcare,2.3114,0.4071,25.5,0.10,1,1,2025-08-05,4
1106,3824,0,2564703.46,11.3993,300,MORTGAGE,Mortgage,32912.20,3546396.36,Employed,Healthcare,0.7232,0.1114,52.7,0.12,1,1,2025-10-24,2
1107,3825,0,536058.43,19.8129,36,PERSONAL,Personal Loan,23741.24,1693824.24,Employed,Finance,0.3165,0.1682,30.4,0.03,1,1,2025-09-15,3
1108,3831,0,302468.81,18.5003,12,PERSONAL,Personal Loan,29868.87,2301449.04,Self-employed,Public Sector,0.1314,0.1557,43.3,0.01,1,0,2025-07-24,5
1109,3836,0,721685.17,20.6062,48,PERSONAL,Personal Loan,27427.77,2703348.84,Employed,Manufacturing,0.2670,0.1218,62.6,0.01,1,1,2025-10-31,2
1111,3841,0,9015015.00,12.9725,240,MORTGAGE,Mortgage,135018.63,1597157.88,Employed,Retail,5.6444,1.0144,43.7,0.08,1,1,2025-03-18,9
1112,3847,1,8642700.58,10.6334,240,MORTGAGE,Mortgage,112595.66,1031062.56,Employed,Hospitality,8.3823,1.3104,47.8,0.11,1,1,2025-10-09,2
1114,3863,0,3050024.81,13.8523,120,MORTGAGE,Mortgage,60625.09,2038851.12,Employed,Finance,1.4960,0.3568,50.1,0.10,1,1,2025-09-28,3
1115,3867,0,2883734.32,13.3636,300,MORTGAGE,Mortgage,41726.67,2008423.80,Employed,Finance,1.4358,0.2493,38.7,0.09,1,1,2025-05-10,7
1116,3870,0,860913.86,16.9458,24,PERSONAL,Personal Loan,48028.81,1650507.12,Employed,Construction,0.5216,0.3492,47.2,0.02,1,1,2025-08-11,4
1117,3874,0,5810223.69,13.3184,240,MORTGAGE,Mortgage,88695.00,3386312.88,Employed,Transport,1.7158,0.3143,63.5,0.08,1,1,2025-06-22,6
1118,3880,0,270408.67,19.2406,60,PERSONAL,Personal Loan,8842.50,2057169.84,Employed,Education,0.1314,0.0516,45.3,0.13,1,1,2025-05-12,7
1119,3882,0,842101.52,18.4103,48,PERSONAL,Personal Loan,30463.23,1263459.72,Employed,Education,0.6665,0.2893,50.2,0.02,1,1,2025-07-22,5
1120,3882,0,6991164.28,11.6544,240,MORTGAGE,Mortgage,97028.04,1263459.72,Employed,Education,5.5333,0.9215,50.2,0.07,1,1,2025-08-07,4
1121,3883,0,132201.59,19.6665,48,PERSONAL,Personal Loan,4920.82,1194974.28,Employed,Construction,0.1106,0.0494,52.0,0.11,1,1,2025-07-04,5
1122,3883,0,7331539.90,10.5224,240,MORTGAGE,Mortgage,94835.91,1194974.28,Employed,Construction,6.1353,0.9523,52.0,0.11,1,1,2025-07-05,4
1123,3886,0,3325331.53,10.9749,120,MORTGAGE,Mortgage,58123.75,569074.68,Self-employed,Public Sector,5.8434,1.2256,36.4,0.04,1,1,2025-08-18,4
1124,3889,0,330021.26,23.9459,36,PERSONAL,Personal Loan,15752.80,1383591.12,Employed,Professional Services,0.2385,0.1366,31.3,0.03,1,1,2025-10-25,2
1125,3891,1,166413.78,23.8953,36,PERSONAL,Personal Loan,7936.36,1466193.36,Employed,Education,0.1135,0.0650,38.3,0.01,1,1,2025-07-21,5
1126,3893,0,8314309.54,10.1005,120,MORTGAGE,Mortgage,139268.15,3010800.84,Employed,Professional Services,2.7615,0.5551,49.8,0.15,1,1,2025-03-09,9
1129,3907,0,5595686.36,13.5828,120,MORTGAGE,Mortgage,109968.29,2259954.36,Employed,Public Sector,2.4760,0.5839,38.6,0.07,1,1,2025-07-04,5
1131,3917,0,801724.76,22.2156,48,PERSONAL,Personal Loan,31544.93,1897359.24,Employed,Manufacturing,0.4225,0.1995,55.8,0.03,1,1,2025-09-27,3
1133,3923,0,890757.20,22.7911,24,PERSONAL,Personal Loan,54032.66,2345853.48,Employed,Energy,0.3797,0.2764,46.1,0.19,1,1,2025-05-28,7
1134,3927,0,5119581.02,12.1077,120,MORTGAGE,Mortgage,94318.47,1417921.80,Employed,Hospitality,3.6106,0.7982,23.7,0.11,1,1,2025-09-14,3
1135,3929,0,1205873.31,21.2390,12,PERSONAL,Personal Loan,121832.40,3162894.72,Employed,Finance,0.3813,0.4622,39.5,0.14,1,1,2025-06-25,6
1136,3941,0,712769.30,24.7018,24,PERSONAL,Personal Loan,44370.96,1335808.68,Employed,Transport,0.5336,0.3986,34.4,0.13,1,1,2025-04-14,8
1137,3944,1,661414.48,22.2783,12,PERSONAL,Personal Loan,67397.20,2523236.40,Employed,Energy,0.2621,0.3205,45.7,0.45,2,0,2025-07-06,5
1139,3952,1,1194152.86,19.9085,24,PERSONAL,Personal Loan,69567.86,4154613.36,Employed,Professional Services,0.2874,0.2009,37.7,0.20,1,1,2025-04-30,8
1140,3955,0,2463737.98,14.0961,300,MORTGAGE,Mortgage,37153.37,1501588.08,Employed,Education,1.6408,0.2969,24.4,0.06,1,1,2025-09-03,3
1141,3967,0,813979.60,16.4330,36,PERSONAL,Personal Loan,33757.32,2274640.56,Employed,Tech,0.3578,0.1781,57.4,0.02,1,1,2025-11-06,1
1143,3972,1,2574896.36,14.2482,180,MORTGAGE,Mortgage,44878.01,1078668.84,Self-employed,Healthcare,2.3871,0.4993,40.7,0.07,1,1,2025-03-18,9
1144,3976,0,696217.79,18.7526,48,PERSONAL,Personal Loan,25384.45,2318564.76,Employed,Finance,0.3003,0.1314,52.0,0.03,1,1,2025-10-02,2
1145,3978,0,2621599.97,12.3002,240,MORTGAGE,Mortgage,37795.17,5759729.16,Employed,Education,0.4552,0.0787,37.3,0.04,1,1,2025-04-27,8
1146,3981,1,2737038.98,11.8953,120,MORTGAGE,Mortgage,49940.24,1165530.48,Employed,Tech,2.3483,0.5142,26.0,0.11,1,1,2025-02-21,10
1147,3983,0,793399.14,22.0739,60,PERSONAL,Personal Loan,27817.83,1080477.84,Employed,Healthcare,0.7343,0.3090,55.1,0.36,2,1,2025-07-11,5
1148,3988,0,980436.21,17.9218,60,PERSONAL,Personal Loan,30983.25,852686.16,Employed,Energy,1.1498,0.4360,60.8,0.25,1,1,2025-07-09,5
1149,4000,0,627038.27,17.4807,48,PERSONAL,Personal Loan,22197.52,1287452.40,Employed,Public Sector,0.4870,0.2069,23.8,0.14,1,1,2025-04-22,8
1150,4002,0,350463.93,23.3564,12,PERSONAL,Personal Loan,36026.64,639168.36,Retired,,0.5483,0.6764,77.2,0.06,1,1,2025-04-27,8
1151,4005,0,936800.79,22.7537,12,PERSONAL,Personal Loan,95829.80,2832483.00,Employed,Retail,0.3307,0.4060,56.1,0.11,1,1,2025-07-09,5
1152,4010,0,265606.09,20.6611,24,PERSONAL,Personal Loan,15640.02,840402.48,Student,,0.3160,0.2233,18.4,0.15,1,1,2025-04-04,8
1153,4011,0,2716013.60,11.8464,120,MORTGAGE,Mortgage,49445.93,6446767.92,Employed,Tech,0.4213,0.0920,51.8,0.09,2,1,2025-10-17,2
1154,4018,0,5755436.14,13.5825,300,MORTGAGE,Mortgage,84329.13,1500291.00,Employed,Retail,3.8362,0.6745,31.4,0.08,1,1,2025-05-04,7
1155,4027,0,363031.70,21.1847,36,PERSONAL,Personal Loan,16493.15,1055044.92,Employed,Manufacturing,0.3441,0.1876,23.6,0.15,1,1,2025-06-21,6
1156,4030,0,3878937.58,13.3866,120,MORTGAGE,Mortgage,75595.97,1515209.88,Employed,Transport,2.5600,0.5987,45.4,0.05,1,1,2025-11-03,1
1158,4046,1,4539094.29,14.7816,120,MORTGAGE,Mortgage,93738.35,2195323.68,Employed,Tech,2.0676,0.5124,55.0,0.10,1,1,2025-02-16,10
1159,4052,0,345549.91,17.2459,12,PERSONAL,Personal Loan,33761.93,4279486.92,Employed,Construction,0.0807,0.0947,46.0,0.04,1,0,2025-08-07,4
1160,4057,0,974891.53,24.8158,24,PERSONAL,Personal Loan,60781.07,2414185.80,Employed,Manufacturing,0.4038,0.3021,44.5,0.01,1,1,2025-10-10,2
1161,4063,0,1090560.18,16.0179,60,PERSONAL,Personal Loan,32733.07,1063382.76,Employed,Construction,1.0256,0.3694,57.9,0.08,1,1,2025-04-28,8
1162,4070,0,374124.63,18.4839,60,PERSONAL,Personal Loan,11998.15,492173.16,Student,,0.7601,0.2925,17.6,0.02,1,1,2025-11-20,1
1163,4071,0,767219.45,24.0778,24,PERSONAL,Personal Loan,47361.61,565680.24,Employed,Transport,1.3563,1.0047,43.3,0.02,1,1,2025-09-04,3
1164,4075,0,6067832.46,11.1721,180,MORTGAGE,Mortgage,90202.21,4863548.04,Employed,Hospitality,1.2476,0.2226,43.5,0.09,1,1,2025-03-10,9
1165,4076,0,8343191.71,14.4389,240,MORTGAGE,Mortgage,135152.06,977939.52,Employed,Healthcare,8.5314,1.6584,63.0,0.06,1,1,2025-08-10,4
1167,4087,1,8867001.14,13.3989,240,MORTGAGE,Mortgage,135952.56,1877214.96,Employed,Transport,4.7235,0.8691,50.4,0.04,1,1,2025-10-19,2
1168,4091,0,1124465.59,24.7601,12,PERSONAL,Personal Loan,116907.03,2854677.84,Employed,Energy,0.3939,0.4914,64.6,0.03,1,1,2025-07-16,5
1169,4093,0,135035.97,18.3690,60,PERSONAL,Personal Loan,4317.66,2629473.00,Employed,Transport,0.0514,0.0197,50.8,0.22,1,1,2025-06-27,6
1170,4094,0,1076914.38,18.4494,48,PERSONAL,Personal Loan,38992.74,3357045.24,Self-employed,Education,0.3208,0.1394,40.4,0.02,1,1,2025-09-01,4
1171,4094,0,4664894.63,11.4025,120,MORTGAGE,Mortgage,83200.34,3357045.24,Self-employed,Education,1.3896,0.2974,40.4,0.09,1,1,2025-09-28,3
1172,4097,0,514130.97,20.4867,36,PERSONAL,Personal Loan,23058.79,1927560.72,Employed,Hospitality,0.2667,0.1436,37.8,0.02,1,1,2025-09-26,3
1173,4101,0,487974.96,16.4229,24,PERSONAL,Personal Loan,27010.59,2667034.68,Employed,Hospitality,0.1830,0.1215,53.3,0.11,1,1,2025-06-16,6
1174,4101,0,6861293.69,14.1104,180,MORTGAGE,Mortgage,118797.96,2667034.68,Employed,Hospitality,2.5726,0.5345,53.3,0.12,1,1,2025-06-19,6
1176,4103,1,863554.69,17.4079,48,PERSONAL,Personal Loan,30517.95,2451141.96,Employed,Hospitality,0.3523,0.1494,39.0,0.19,1,1,2025-06-09,6
1177,4103,0,9293309.08,14.8044,240,MORTGAGE,Mortgage,153373.68,2451141.96,Employed,Hospitality,3.7914,0.7509,38.9,0.14,1,1,2025-05-23,7
1179,4108,1,5941514.76,12.2736,300,MORTGAGE,Mortgage,80574.86,2477440.08,Employed,Construction,2.3982,0.3903,47.7,0.13,1,1,2025-08-02,4
1180,4111,0,629625.10,19.4535,48,PERSONAL,Personal Loan,23324.20,2101710.84,Employed,Hospitality,0.2996,0.1332,34.4,0.01,1,1,2025-10-02,2
1181,4115,0,573386.12,24.0001,12,PERSONAL,Personal Loan,59249.95,3077699.52,Employed,Professional Services,0.1863,0.2310,48.1,0.16,1,1,2025-04-06,8
1182,4115,0,3541349.55,12.7319,240,MORTGAGE,Mortgage,52329.05,3077699.52,Employed,Professional Services,1.1506,0.2040,48.0,0.05,1,1,2025-02-25,10
1184,4119,0,6097403.22,13.0539,120,MORTGAGE,Mortgage,117140.77,2805694.08,Self-employed,Transport,2.1732,0.5010,38.2,0.08,1,1,2025-11-21,1
1185,4122,0,422538.82,22.4012,36,PERSONAL,Personal Loan,19625.00,2267256.48,Employed,Public Sector,0.1864,0.1039,31.8,0.02,1,1,2025-08-15,4
1187,4127,0,464877.15,24.8691,48,PERSONAL,Personal Loan,19319.17,2164574.04,Employed,Tech,0.2148,0.1071,56.2,0.02,1,1,2025-09-13,3
1188,4130,0,2964474.76,13.7529,300,MORTGAGE,Mortgage,43856.69,1765577.52,Employed,Retail,1.6790,0.2981,27.1,0.06,1,1,2025-02-22,10
1189,4132,0,804365.09,19.7070,12,PERSONAL,Personal Loan,80240.11,1040172.96,Employed,Healthcare,0.7733,0.9257,50.8,0.02,1,1,2025-08-20,4
1190,4133,0,574411.03,22.1422,60,PERSONAL,Personal Loan,20172.45,1681190.28,Employed,Professional Services,0.3417,0.1440,43.5,0.05,1,1,2025-06-25,6
1191,4136,1,312332.60,18.7370,24,PERSONAL,Personal Loan,17890.67,1639190.04,Employed,Professional Services,0.1905,0.1310,40.1,0.01,1,1,2025-07-25,5
1193,4146,0,639121.26,23.9142,12,PERSONAL,Personal Loan,65996.83,1501501.56,Self-employed,Finance,0.4257,0.5274,40.6,0.02,1,1,2025-08-15,3
1196,4153,0,7884605.54,12.1000,180,MORTGAGE,Mortgage,123306.47,1564673.52,Employed,Transport,5.0391,0.9457,51.0,0.09,2,1,2025-08-04,4
1197,4154,0,935923.00,24.6203,12,PERSONAL,Personal Loan,97195.84,1345617.24,Employed,Hospitality,0.6955,0.8668,35.0,0.03,1,1,2025-07-01,6
1198,4158,0,761348.18,20.9580,48,PERSONAL,Personal Loan,29158.37,755592.60,Employed,Public Sector,1.0076,0.4631,48.5,0.13,1,1,2025-06-27,6
1199,4159,0,6395091.31,11.4101,180,MORTGAGE,Mortgage,96335.48,1812463.56,Employed,Public Sector,3.5284,0.6378,23.8,0.10,1,1,2025-04-22,8
1200,4161,1,984377.52,19.1915,24,PERSONAL,Personal Loan,56758.80,1904462.28,Employed,Education,0.5169,0.3576,26.5,0.08,1,1,2025-06-16,6
1201,4165,0,497358.68,21.5484,12,PERSONAL,Personal Loan,50377.63,2119857.96,Employed,Public Sector,0.2346,0.2852,32.9,0.02,1,1,2025-11-13,1
1203,4171,0,324166.07,18.0821,48,PERSONAL,Personal Loan,11638.13,564961.08,Student,,0.5738,0.2472,30.7,0.04,1,0,2025-07-02,5
1204,4172,1,661023.87,18.5942,36,PERSONAL,Personal Loan,28604.45,1888289.04,Employed,Energy,0.3501,0.1818,25.7,0.05,1,1,2025-03-27,9
1205,4174,0,7308682.67,11.1587,240,MORTGAGE,Mortgage,98415.68,2013623.40,Employed,Finance,3.6296,0.5865,45.8,0.13,1,1,2025-10-27,1
1206,4175,0,5064478.52,14.5280,180,MORTGAGE,Mortgage,89449.95,4249351.44,Employed,Transport,1.1918,0.2526,51.0,0.07,1,1,2025-06-24,6
1207,4176,0,290369.02,19.7834,48,PERSONAL,Personal Loan,10836.43,892329.96,Employed,Professional Services,0.3254,0.1457,57.8,0.09,1,1,2025-07-08,5
1208,4176,0,4394825.29,10.7363,300,MORTGAGE,Mortgage,53969.55,892329.96,Employed,Professional Services,4.9251,0.7258,57.8,0.09,1,1,2025-07-10,5
1209,4181,1,5683740.12,12.4554,240,MORTGAGE,Mortgage,82676.63,2537850.24,Employed,Education,2.2396,0.3909,64.0,0.13,1,1,2025-03-18,9
1210,4196,0,818683.72,23.0919,24,PERSONAL,Personal Loan,49865.96,1076675.76,Employed,Finance,0.7604,0.5558,60.0,0.03,1,1,2025-06-26,6
1211,4199,0,9800573.37,10.5310,180,MORTGAGE,Mortgage,140455.83,2824859.16,Employed,Professional Services,3.4694,0.5967,40.8,0.13,1,1,2025-11-16,1
1212,4205,0,703351.27,22.9565,48,PERSONAL,Personal Loan,28108.55,1709053.32,Employed,Construction,0.4115,0.1974,63.6,0.02,1,1,2025-07-18,5
1213,4212,1,4523485.46,10.9135,240,MORTGAGE,Mortgage,59987.07,1770837.00,Self-employed,Healthcare,2.5544,0.4065,55.1,0.12,1,1,2025-02-25,10
1215,4221,0,611199.19,20.1289,60,PERSONAL,Personal Loan,20438.96,1647098.04,Employed,Energy,0.3711,0.1489,57.4,0.02,1,1,2025-09-29,3
1216,4228,0,856914.86,18.3276,36,PERSONAL,Personal Loan,36890.85,4628941.68,Employed,Construction,0.1851,0.0956,55.4,0.03,1,1,2025-10-28,2
1217,4234,0,1079259.82,24.1172,48,PERSONAL,Personal Loan,44175.18,1835113.32,Employed,Retail,0.5881,0.2889,44.9,0.13,1,1,2025-05-14,7
1218,4234,0,8227419.67,11.6272,120,MORTGAGE,Mortgage,148280.04,1835113.32,Employed,Retail,4.4833,0.9696,44.8,0.07,1,1,2025-04-22,8
1219,4241,0,692281.58,16.2126,48,PERSONAL,Personal Loan,23775.60,1115565.60,Self-employed,Energy,0.6206,0.2558,45.2,0.05,1,1,2025-07-06,5
1220,4241,1,8510912.30,11.9158,300,MORTGAGE,Mortgage,112881.65,1115565.60,Self-employed,Energy,7.6292,1.2143,45.3,0.15,1,1,2025-08-10,4
1221,4246,0,1290258.42,19.2917,48,PERSONAL,Personal Loan,47623.12,3613956.96,Employed,Construction,0.3570,0.1581,53.0,0.04,2,1,2025-07-16,5
1222,4246,0,7958890.37,13.7812,180,MORTGAGE,Mortgage,135618.61,3613956.96,Employed,Construction,2.2023,0.4503,53.1,0.08,2,1,2025-07-31,5
1223,4248,0,852438.40,24.4594,12,PERSONAL,Personal Loan,88411.64,1556790.96,Employed,Transport,0.5476,0.6815,30.0,0.03,1,0,2025-08-18,4
1224,4252,0,359006.32,16.8654,48,PERSONAL,Personal Loan,12524.95,860829.24,Employed,Energy,0.4170,0.1746,26.4,0.18,1,1,2025-05-06,7
1225,4257,0,582584.70,23.5336,48,PERSONAL,Personal Loan,23562.44,1793496.48,Employed,Finance,0.3248,0.1577,54.7,0.21,1,1,2025-05-24,7
1226,4260,0,847882.46,20.8687,36,PERSONAL,Personal Loan,38297.46,1772567.52,Employed,Healthcare,0.4783,0.2593,40.3,0.15,1,1,2025-05-13,7
1227,4261,0,1130549.25,22.1590,12,PERSONAL,Personal Loan,115088.97,1886751.00,Employed,Education,0.5992,0.7320,58.8,0.15,1,1,2025-05-04,7
1228,4274,0,4437419.90,12.2255,120,MORTGAGE,Mortgage,82186.56,1560452.28,Employed,Education,2.8437,0.6320,44.3,0.07,1,1,2025-06-09,6
1229,4279,0,1273433.62,21.6309,60,PERSONAL,Personal Loan,44178.49,2498814.12,Self-employed,Manufacturing,0.5096,0.2122,43.2,0.02,1,1,2025-10-28,2
1230,4286,0,898826.37,20.3991,48,PERSONAL,Personal Loan,34004.92,5592202.20,Employed,Hospitality,0.1607,0.0730,32.7,0.03,1,1,2025-10-21,2
1231,4292,0,7054633.37,13.6759,120,MORTGAGE,Mortgage,139187.33,5582843.88,Self-employed,Healthcare,1.2636,0.2992,33.4,0.11,2,1,2025-02-27,10
1232,4294,0,914799.76,19.6159,12,PERSONAL,Personal Loan,91187.16,1806415.44,Employed,Energy,0.5064,0.6058,44.7,0.23,2,1,2025-05-26,7
1233,4295,0,705493.15,18.2013,48,PERSONAL,Personal Loan,25398.52,1482366.24,Employed,Education,0.4759,0.2056,29.3,0.05,1,1,2025-07-05,5
1234,4301,0,305137.69,19.3999,60,PERSONAL,Personal Loan,10018.66,1898817.00,Employed,Tech,0.1607,0.0633,47.0,0.03,1,1,2025-10-02,2
1235,4304,1,1119111.76,17.7693,36,PERSONAL,Personal Loan,47657.96,1927516.92,Employed,Finance,0.5806,0.2967,32.5,0.03,1,1,2025-01-22,11
1236,4304,1,5164900.63,10.2583,300,MORTGAGE,Mortgage,61368.92,1927516.92,Employed,Finance,2.6796,0.3821,32.5,0.09,1,1,2025-02-13,10
1237,4306,0,476418.29,19.4961,36,PERSONAL,Personal Loan,20974.09,1678064.40,Employed,Manufacturing,0.2839,0.1500,36.4,0.36,1,1,2025-06-06,6
1239,4312,0,591203.30,23.0951,36,PERSONAL,Personal Loan,27800.56,2215783.08,Employed,Tech,0.2668,0.1506,54.3,0.03,1,1,2025-08-07,3
1241,4318,1,838965.04,21.7140,60,PERSONAL,Personal Loan,29163.82,2678644.20,Employed,Tech,0.3132,0.1307,53.5,0.07,1,1,2025-04-13,8
1242,4323,0,374229.11,17.6220,24,PERSONAL,Personal Loan,21088.43,0.00,Employed,Construction,,,59.6,0.05,1,1,2025-03-01,10
1243,4325,0,917041.25,20.5761,12,PERSONAL,Personal Loan,92144.38,1462005.36,Employed,Healthcare,0.6272,0.7563,51.7,0.02,1,1,2025-10-17,2
1244,4326,0,609234.04,21.2376,24,PERSONAL,Personal Loan,36166.98,1271742.36,Employed,Retail,0.4791,0.3413,30.4,0.02,1,1,2025-09-20,3
1245,4327,0,817515.23,20.5217,36,PERSONAL,Personal Loan,36689.42,1866011.28,Employed,Finance,0.4381,0.2359,24.1,0.02,1,1,2025-09-11,3
1246,4335,0,1149955.38,20.6864,36,PERSONAL,Personal Loan,51766.90,1553383.32,Employed,Professional Services,0.7403,0.3999,52.1,0.10,1,1,2025-06-12,6
1247,4335,1,7460751.64,12.8982,120,MORTGAGE,Mortgage,142364.82,1553383.32,Employed,Professional Services,4.8029,1.0998,52.0,0.08,1,1,2025-06-02,6
1248,4343,0,228997.32,19.3260,36,PERSONAL,Personal Loan,10049.04,1556863.20,Employed,Public Sector,0.1471,0.0775,65.0,0.07,1,1,2025-05-27,7
1249,4344,0,2825286.62,13.1458,120,MORTGAGE,Mortgage,54494.60,1391757.84,Employed,Public Sector,2.0300,0.4699,48.5,0.09,1,1,2025-07-05,5
1250,4347,0,152707.12,16.1957,60,PERSONAL,Personal Loan,4606.12,405848.64,Retired,,0.3763,0.1362,70.7,0.04,1,1,2025-06-09,6
1251,4352,0,6041277.24,13.0448,240,MORTGAGE,Mortgage,90844.70,822995.40,Employed,Manufacturing,7.3406,1.3246,36.2,0.08,1,1,2025-11-02,1
1253,4356,1,582132.32,21.9690,60,PERSONAL,Personal Loan,20359.59,1932276.84,Employed,Manufacturing,0.3013,0.1264,51.8,0.07,1,1,2025-06-18,6
1254,4375,0,5455526.09,14.2083,240,MORTGAGE,Mortgage,87326.15,2259859.20,Employed,Public Sector,2.4141,0.4637,51.2,0.06,1,1,2025-06-01,7
1255,4376,0,327983.60,20.3324,24,PERSONAL,Personal Loan,19223.23,1308772.56,Employed,Healthcare,0.2506,0.1763,34.2,0.07,1,1,2025-05-22,7
1256,4377,0,720896.90,23.7627,24,PERSONAL,Personal Loan,44312.75,1556296.44,Employed,Transport,0.4632,0.3417,42.0,0.22,1,1,2025-06-22,5
1258,4395,0,2300617.26,12.5911,300,MORTGAGE,Mortgage,31808.14,5725774.44,Employed,Construction,0.4018,0.0667,55.7,0.05,1,0,2025-10-30,2
1259,4398,0,920281.89,18.3944,60,PERSONAL,Personal Loan,29444.73,2212675.08,Employed,Healthcare,0.4159,0.1597,32.2,0.02,1,1,2025-09-30,3
1260,4399,0,9237219.44,13.9393,120,MORTGAGE,Mortgage,184277.14,2045744.76,Employed,Tech,4.5153,1.0809,28.4,0.11,1,0,2025-07-08,5
1262,4407,0,219781.88,23.9586,60,PERSONAL,Personal Loan,8051.09,744686.88,Student,,0.2951,0.1297,20.6,0.08,1,1,2025-06-30,6
1263,4409,0,229459.10,20.6131,60,PERSONAL,Personal Loan,7765.87,2050695.72,Employed,Energy,0.1119,0.0454,59.9,0.01,1,1,2025-09-17,3
1264,4411,0,4531740.53,12.2234,120,MORTGAGE,Mortgage,83925.57,3326934.36,Self-employed,Energy,1.3621,0.3027,45.9,0.09,1,1,2025-11-08,1
1265,4414,0,4316510.55,12.4655,240,MORTGAGE,Mortgage,62825.01,4769338.08,Employed,Construction,0.9051,0.1581,32.5,0.14,1,1,2025-10-06,2
1266,4417,0,1366009.82,20.5390,24,PERSONAL,Personal Loan,80297.47,3841477.92,Employed,Hospitality,0.3556,0.2508,60.5,0.02,1,1,2025-09-13,3
1269,4424,0,775531.45,17.5508,48,PERSONAL,Personal Loan,27499.57,1842123.96,Employed,Professional Services,0.4210,0.1791,59.8,0.02,1,0,2025-10-07,2
1270,4424,0,6714263.39,10.8023,180,MORTGAGE,Mortgage,97742.70,1842123.96,Employed,Professional Services,3.6448,0.6367,59.9,0.12,1,0,2025-11-13,1
1271,4427,0,784129.25,16.9861,12,PERSONAL,Personal Loan,76443.52,2692875.12,Self-employed,Education,0.2912,0.3406,35.1,0.02,1,1,2025-10-27,2
1272,4428,0,1089045.33,19.0325,36,PERSONAL,Personal Loan,47523.97,808684.92,Employed,Hospitality,1.3467,0.7052,45.9,0.04,1,1,2025-11-23,1
1273,4440,0,6115618.78,13.5806,300,MORTGAGE,Mortgage,89596.87,2177710.68,Employed,Professional Services,2.8083,0.4937,40.4,0.09,1,1,2025-05-18,7
1274,4443,0,810415.76,19.5935,48,PERSONAL,Personal Loan,30116.06,2368194.00,Employed,Public Sector,0.3422,0.1526,40.6,0.21,1,1,2025-05-13,7
1276,4451,1,687789.85,16.3532,48,PERSONAL,Personal Loan,23701.93,1789244.04,Employed,Public Sector,0.3844,0.1590,40.4,0.02,1,1,2025-07-20,5
1277,4451,0,5870192.75,13.7869,180,MORTGAGE,Mortgage,100055.32,1789244.04,Employed,Public Sector,3.2808,0.6710,40.4,0.05,1,1,2025-07-31,5
1278,4452,0,4921527.39,12.0685,240,MORTGAGE,Mortgage,70002.58,3843052.68,Employed,Manufacturing,1.2806,0.2186,34.2,0.09,1,1,2025-08-17,4
1279,4453,0,1391035.44,21.0042,24,PERSONAL,Personal Loan,82307.80,3583221.72,Employed,Manufacturing,0.3882,0.2756,55.4,0.19,1,1,2025-03-24,8
1280,4454,0,4965080.55,14.7183,240,MORTGAGE,Mortgage,81585.79,1794348.84,Employed,Energy,2.7671,0.5456,51.8,0.15,1,1,2025-04-22,8
1283,4464,0,7996873.31,13.8840,120,MORTGAGE,Mortgage,159164.44,2151057.24,Employed,Education,3.7176,0.8879,34.7,0.07,1,1,2025-09-18,2
1284,4474,0,1072290.02,19.2530,24,PERSONAL,Personal Loan,61882.75,5990650.68,Self-employed,Energy,0.1790,0.1240,61.3,0.02,1,1,2025-09-03,3
1285,4492,1,2033218.46,11.6392,300,MORTGAGE,Mortgage,26498.26,1022405.04,Self-employed,Construction,1.9887,0.3110,36.4,0.13,1,1,2025-04-15,8
1286,4494,0,892849.26,16.7865,48,PERSONAL,Personal Loan,31090.87,1782697.08,Employed,Manufacturing,0.5008,0.2093,54.8,0.02,1,1,2025-09-08,3
1287,4495,0,389687.10,22.5826,12,PERSONAL,Personal Loan,39807.38,1162274.88,Employed,Professional Services,0.3353,0.4110,32.7,0.15,1,1,2025-05-25,7
1288,4495,0,9509674.81,11.5358,300,MORTGAGE,Mortgage,123117.00,1162274.88,Employed,Professional Services,8.1819,1.2711,32.7,0.16,1,1,2025-05-28,6
1289,4496,0,157162.94,22.3632,36,PERSONAL,Personal Loan,7294.53,1178092.20,Employed,Hospitality,0.1334,0.0743,42.3,0.11,1,1,2025-06-28,6
1290,4496,0,9967436.68,10.5552,300,MORTGAGE,Mortgage,120898.36,1178092.20,Employed,Hospitality,8.4607,1.2315,42.2,0.10,1,1,2025-06-21,6
1291,4499,0,466765.51,19.2290,60,PERSONAL,Personal Loan,15258.95,1625557.08,Employed,Energy,0.2871,0.1126,33.9,0.03,1,1,2025-03-06,9
1292,4500,0,287337.09,19.5253,36,PERSONAL,Personal Loan,12656.87,1165760.40,Employed,Construction,0.2465,0.1303,31.4,0.03,1,1,2025-02-21,9
1293,4503,0,659393.35,23.6304,12,PERSONAL,Personal Loan,67934.22,2311997.16,Employed,Healthcare,0.2852,0.3526,52.4,0.03,1,1,2025-08-04,4
1294,4516,0,2435088.61,13.4054,120,MORTGAGE,Mortgage,47495.19,603827.04,Student,,4.0328,0.9439,21.2,0.09,1,0,2025-10-19,2
1295,4520,0,914550.51,24.2928,12,PERSONAL,Personal Loan,94726.70,2048982.12,Employed,Education,0.4463,0.5548,29.3,0.44,1,1,2025-06-19,6
1296,4521,0,263268.15,22.6093,12,PERSONAL,Personal Loan,26899.27,1935339.24,Employed,Transport,0.1360,0.1668,27.5,0.33,2,1,2025-07-11,5
1297,4524,0,656826.56,23.0381,36,PERSONAL,Personal Loan,30855.21,994834.44,Employed,Construction,0.6602,0.3722,24.6,0.03,1,1,2025-07-25,5
1298,4530,0,5768540.65,14.6578,120,MORTGAGE,Mortgage,118532.93,2947260.36,Employed,Finance,1.9573,0.4826,36.3,0.12,1,1,2025-10-19,2
1299,4531,0,564141.91,22.2492,36,PERSONAL,Personal Loan,26130.36,302139.96,Employed,Energy,1.8672,1.0378,62.8,0.20,1,1,2025-05-03,6
1300,4533,1,6874197.10,10.6018,240,MORTGAGE,Mortgage,89374.87,4710832.56,Self-employed,Hospitality,1.4592,0.2277,35.4,0.08,1,1,2025-02-22,10
1301,4535,0,6534381.89,10.5306,240,MORTGAGE,Mortgage,84569.06,2206845.48,Employed,Transport,2.9610,0.4599,33.8,0.09,1,1,2025-06-25,6
1302,4539,1,435004.17,21.9054,12,PERSONAL,Personal Loan,44191.13,1910946.12,Employed,Retail,0.2276,0.2775,42.1,0.06,1,1,2025-07-09,5
1303,4542,0,1405993.55,17.3737,12,PERSONAL,Personal Loan,137522.22,3481458.36,Employed,Healthcare,0.4039,0.4740,49.9,0.01,1,1,2025-08-08,4
1304,4542,0,5915252.07,14.2144,300,MORTGAGE,Mortgage,89785.64,3481458.36,Employed,Healthcare,1.6991,0.3095,50.0,0.11,1,1,2025-09-13,3
1305,4562,0,1171083.27,16.7432,24,PERSONAL,Personal Loan,65134.87,693283.80,Employed,Transport,1.6892,1.1274,63.7,0.02,1,0,2025-10-09,2
1306,4565,1,869068.83,20.2691,12,PERSONAL,Personal Loan,87101.77,1847505.72,Employed,Healthcare,0.4704,0.5657,44.7,0.03,1,1,2025-06-09,6
1307,4565,0,8343445.54,12.6609,300,MORTGAGE,Mortgage,115841.09,1847505.72,Employed,Healthcare,4.5161,0.7524,44.8,0.12,1,1,2025-07-12,5
1309,4569,0,364320.66,20.3946,48,PERSONAL,Personal Loan,13781.83,1567014.00,Employed,Transport,0.2325,0.1055,41.5,0.22,1,1,2025-04-16,8
1311,4572,0,730057.05,18.1036,12,PERSONAL,Personal Loan,71851.97,1632093.72,Employed,Public Sector,0.4473,0.5283,46.9,0.02,1,1,2025-08-05,3
1312,4576,0,551922.74,18.4099,60,PERSONAL,Personal Loan,17666.08,1886636.76,Employed,Transport,0.2925,0.1124,31.9,0.03,1,1,2025-09-17,3
1313,4578,0,4488017.61,12.1097,180,MORTGAGE,Mortgage,70223.89,2054075.28,Employed,Energy,2.1849,0.4103,38.8,0.11,1,1,2025-10-29,2
1314,4587,0,9521264.72,10.4533,300,MORTGAGE,Mortgage,114678.08,5431490.16,Employed,Healthcare,1.7530,0.2534,41.9,0.06,1,1,2025-01-30,11
1315,4593,0,654339.60,22.6523,12,PERSONAL,Personal Loan,66880.21,972350.64,Employed,Manufacturing,0.6729,0.8254,54.5,0.42,2,1,2025-07-08,5
1317,4596,0,3570737.39,10.8009,180,MORTGAGE,Mortgage,51976.74,5456813.88,Employed,Education,0.6544,0.1143,43.1,0.11,1,0,2025-08-08,4
1318,4604,0,1034599.57,22.3608,12,PERSONAL,Personal Loan,105495.36,4242906.48,Employed,Energy,0.2438,0.2984,50.3,0.02,1,1,2025-07-11,5
1319,4604,0,8382765.41,13.4463,240,MORTGAGE,Mortgage,128859.17,4242906.48,Employed,Energy,1.9757,0.3644,50.4,0.07,1,1,2025-07-30,5
1320,4613,0,334315.53,16.4344,12,PERSONAL,Personal Loan,32438.19,2442182.28,Employed,Professional Services,0.1369,0.1594,45.9,0.02,1,1,2025-07-11,5
1321,4616,0,8340762.21,11.5762,300,MORTGAGE,Mortgage,108264.48,2536736.16,Employed,Education,3.2880,0.5121,42.6,0.03,1,1,2025-08-29,4
1323,4629,0,502655.31,22.5837,60,PERSONAL,Personal Loan,17837.44,950585.76,Employed,Healthcare,0.5288,0.2252,61.3,0.16,1,1,2025-05-30,7
1324,4635,0,605760.90,21.8031,36,PERSONAL,Personal Loan,27832.91,4898918.28,Employed,Public Sector,0.1237,0.0682,32.6,0.02,1,0,2025-08-23,4
1325,4646,0,489223.54,20.6351,36,PERSONAL,Personal Loan,22002.19,3636139.20,Employed,Public Sector,0.1345,0.0726,54.3,0.24,1,1,2025-06-21,6
1326,4649,0,818653.53,18.9576,36,PERSONAL,Personal Loan,35673.46,2835355.92,Self-employed,Retail,0.2887,0.1510,39.2,0.13,2,1,2025-03-27,9
1327,4650,0,832788.74,20.6888,60,PERSONAL,Personal Loan,28237.65,2607316.32,Employed,Professional Services,0.3194,0.1300,36.7,0.21,1,1,2025-04-23,8
1328,4650,1,4128055.31,11.1694,180,MORTGAGE,Mortgage,61356.89,2607316.32,Employed,Professional Services,1.5833,0.2824,36.6,0.10,1,1,2025-03-16,9
1330,4662,0,1010895.88,16.2437,36,PERSONAL,Personal Loan,41764.35,2013277.32,Employed,Hospitality,0.5021,0.2489,47.3,0.04,1,1,2025-05-03,7
1331,4663,0,453490.69,23.0864,36,PERSONAL,Personal Loan,21321.52,1770630.48,Employed,Manufacturing,0.2561,0.1445,23.5,0.02,1,1,2025-10-21,2
1333,4671,0,9931604.75,13.3695,300,MORTGAGE,Mortgage,143755.84,2575208.28,Employed,Energy,3.8566,0.6699,31.8,0.08,1,1,2025-09-16,3
1334,4677,1,5022791.92,11.4059,300,MORTGAGE,Mortgage,64483.86,2310468.36,Employed,Hospitality,2.1739,0.3349,46.1,0.03,1,1,2025-05-29,7
1335,4679,0,109599.82,22.5729,24,PERSONAL,Personal Loan,6628.31,533337.60,Employed,Public Sector,0.2055,0.1491,23.7,0.10,2,1,2025-04-18,8
1336,4680,1,1175472.21,16.5680,60,PERSONAL,Personal Loan,35820.56,2904020.04,Employed,Retail,0.4048,0.1480,32.6,0.12,1,1,2025-03-11,9
1338,4684,0,7223628.33,14.7323,180,MORTGAGE,Mortgage,128815.15,1158514.56,Employed,Transport,6.2353,1.3343,23.2,0.12,1,1,2025-05-05,7
1339,4685,0,930784.18,23.8412,24,PERSONAL,Personal Loan,57275.18,1765769.52,Employed,Hospitality,0.5271,0.3892,56.7,0.19,1,1,2025-05-22,7
1340,4686,0,8550094.43,14.2587,120,MORTGAGE,Mortgage,172845.15,2060706.72,Employed,Hospitality,4.1491,1.0065,29.4,0.06,1,1,2025-09-06,3
1341,4691,0,397417.22,19.0963,60,PERSONAL,Personal Loan,12947.95,3551744.64,Self-employed,Transport,0.1119,0.0437,33.9,0.20,1,0,2025-07-13,5
1342,4693,1,4345357.98,11.3107,240,MORTGAGE,Mortgage,59063.19,2541026.52,Employed,Hospitality,1.7101,0.2789,34.2,0.03,1,1,2025-08-15,4
1344,4701,0,3276865.72,10.0079,300,MORTGAGE,Mortgage,38251.67,1797800.64,Employed,Public Sector,1.8227,0.2553,56.2,0.12,2,1,2025-05-21,7
1345,4702,1,637900.43,20.8378,12,PERSONAL,Personal Loan,64235.40,1777719.84,Employed,Construction,0.3588,0.4336,62.4,0.02,1,1,2025-11-23,1
1346,4704,0,556786.22,18.8931,24,PERSONAL,Personal Loan,31965.61,711953.28,Employed,Public Sector,0.7821,0.5388,33.7,0.04,1,1,2025-06-07,6
1347,4711,0,3054539.17,12.6002,300,MORTGAGE,Mortgage,42254.97,1421303.64,Employed,Manufacturing,2.1491,0.3568,29.8,0.13,2,1,2025-11-30,1
1348,4713,0,2030285.88,11.0908,300,MORTGAGE,Mortgage,25532.20,4967207.88,Employed,Professional Services,0.4087,0.0617,64.5,0.09,1,0,2025-11-20,1
1349,4714,0,336871.44,22.8215,12,PERSONAL,Personal Loan,34479.21,981678.84,Employed,Transport,0.3432,0.4215,28.2,0.04,1,1,2025-07-06,5
1350,4717,0,164355.99,23.6577,36,PERSONAL,Personal Loan,7805.68,2336949.84,Employed,Construction,0.0703,0.0401,40.4,0.03,1,0,2025-10-11,1
1351,4717,0,6581827.80,13.0258,120,MORTGAGE,Mortgage,126293.21,2336949.84,Employed,Construction,2.8164,0.6485,40.5,0.14,1,0,2025-11-20,1
1353,4720,0,6651399.34,10.6543,120,MORTGAGE,Mortgage,114483.33,4981966.44,Employed,Healthcare,1.3351,0.2758,47.9,0.05,1,1,2025-04-24,8
1354,4721,1,159891.18,23.1928,60,PERSONAL,Personal Loan,5755.12,2359322.64,Self-employed,Healthcare,0.0678,0.0293,41.6,0.18,1,1,2025-04-27,8
1357,4733,0,676245.79,23.5725,36,PERSONAL,Personal Loan,32068.61,5484282.72,Employed,Professional Services,0.1233,0.0702,45.8,0.02,1,0,2025-11-13,1
1358,4736,0,814190.65,18.7616,36,PERSONAL,Personal Loan,35346.01,2337061.44,Employed,Healthcare,0.3484,0.1815,64.7,0.29,1,1,2025-05-15,7
1359,4737,1,9485235.87,11.2345,240,MORTGAGE,Mortgage,128323.38,1388649.36,Employed,Professional Services,6.8305,1.1089,58.6,0.09,1,1,2025-06-10,6
1360,4744,0,145364.95,23.5757,12,PERSONAL,Personal Loan,14969.65,2280266.88,Employed,Professional Services,0.0637,0.0788,63.0,0.26,1,1,2025-06-20,6
1361,4745,0,7768982.06,13.4723,300,MORTGAGE,Mortgage,113118.32,1666438.56,Employed,Public Sector,4.6620,0.8146,34.8,0.12,1,1,2025-03-31,9
1362,4747,0,422776.96,21.4104,12,PERSONAL,Personal Loan,42774.60,1865642.88,Employed,Education,0.2266,0.2751,24.4,0.03,1,1,2025-05-10,6
1365,4757,0,133805.84,20.1997,36,PERSONAL,Personal Loan,5969.19,4604653.92,Self-employed,Manufacturing,0.0291,0.0156,45.4,0.01,1,1,2025-07-11,4
1366,4759,0,1241178.61,24.3165,24,PERSONAL,Personal Loan,76866.71,2348737.32,Employed,Tech,0.5284,0.3927,45.3,0.08,1,1,2025-05-26,7
1367,4761,0,4849521.69,12.3251,180,MORTGAGE,Mortgage,76750.82,4736613.36,Employed,Public Sector,1.0238,0.1944,50.5,0.10,1,0,2025-02-18,10
1368,4770,0,5892972.09,13.1362,300,MORTGAGE,Mortgage,84152.62,2080730.40,Employed,Transport,2.8322,0.4853,41.0,0.12,1,1,2025-11-25,1
1369,4779,1,517970.18,17.6754,36,PERSONAL,Personal Loan,22017.50,6243411.24,Employed,Energy,0.0830,0.0423,49.8,0.01,1,1,2025-07-01,6
1370,4779,0,5079127.18,14.4017,180,MORTGAGE,Mortgage,89174.09,6243411.24,Employed,Energy,0.8135,0.1714,49.8,0.05,1,1,2025-07-15,5
1371,4782,0,562706.99,23.8999,60,PERSONAL,Personal Loan,20585.65,6204366.12,Employed,Professional Services,0.0907,0.0398,61.8,0.03,1,1,2025-09-11,3
1373,4794,0,321306.37,19.1259,36,PERSONAL,Personal Loan,14046.24,2185163.76,Employed,Tech,0.1470,0.0771,27.5,0.08,1,1,2025-05-09,7
1374,4795,0,171490.26,20.8606,60,PERSONAL,Personal Loan,5839.33,2722610.64,Employed,Professional Services,0.0630,0.0257,44.0,0.05,1,1,2025-01-28,11
1375,4802,0,615582.58,19.8050,12,PERSONAL,Personal Loan,61458.23,2429925.36,Employed,Energy,0.2533,0.3035,41.4,0.02,1,1,2025-07-13,5
1376,4805,0,818513.09,16.2712,36,PERSONAL,Personal Loan,33834.97,3781764.24,Employed,Construction,0.2164,0.1074,43.5,0.05,1,0,2025-02-13,10
1377,4807,0,1153183.85,24.8972,48,PERSONAL,Personal Loan,47950.54,2240507.40,Employed,Professional Services,0.5147,0.2568,52.8,0.22,2,1,2025-06-10,6
1378,4811,0,462016.39,21.4424,48,PERSONAL,Personal Loan,17880.96,1677003.72,Employed,Education,0.2755,0.1279,35.8,0.02,1,1,2025-09-25,3
1379,4816,0,822846.28,19.1221,12,PERSONAL,Personal Loan,81682.65,2414880.84,Employed,Hospitality,0.3407,0.4059,30.8,0.25,1,1,2025-05-04,6
1380,4820,1,2221376.48,10.6682,300,MORTGAGE,Mortgage,27153.00,3281555.52,Employed,Hospitality,0.6769,0.0993,46.4,0.10,1,1,2025-09-03,3
1381,4822,1,865721.06,24.5848,24,PERSONAL,Personal Loan,53808.03,1793670.96,Employed,Energy,0.4827,0.3600,28.0,0.40,1,1,2025-07-07,5
1382,4833,0,357596.10,22.0358,60,PERSONAL,Personal Loan,12526.53,1349856.96,Employed,Healthcare,0.2649,0.1114,33.6,0.07,1,1,2025-07-05,5
1383,4834,0,496067.92,24.1742,12,PERSONAL,Personal Loan,51332.36,1432860.24,Employed,Education,0.3462,0.4299,49.0,0.17,1,1,2025-06-22,6
1384,4840,0,924186.48,18.1707,24,PERSONAL,Personal Loan,52502.03,2730460.32,Employed,Construction,0.3385,0.2307,48.4,0.19,2,1,2025-06-11,6
1385,4840,0,6529758.05,10.8891,300,MORTGAGE,Mortgage,81018.52,2730460.32,Employed,Construction,2.3914,0.3561,48.3,0.14,2,1,2025-05-23,7
1386,4847,0,6745742.36,12.1861,300,MORTGAGE,Mortgage,90989.38,4369327.68,Employed,Manufacturing,1.5439,0.2499,55.8,0.13,1,1,2025-04-16,8
1387,4851,0,1012356.39,22.6946,36,PERSONAL,Personal Loan,47266.86,1557704.28,Employed,Professional Services,0.6499,0.3641,63.6,0.02,1,1,2025-11-19,1
1388,4855,0,3031367.92,13.2625,240,MORTGAGE,Mortgage,46133.63,1112440.20,Employed,Retail,2.7250,0.4976,30.0,0.07,1,1,2025-10-28,2
1389,4864,0,446254.27,17.6657,12,PERSONAL,Personal Loan,43757.35,2202076.68,Employed,Retail,0.2027,0.2385,57.1,0.01,1,1,2025-07-31,5
1390,4864,0,4392391.62,13.6395,300,MORTGAGE,Mortgage,64566.33,2202076.68,Employed,Retail,1.9947,0.3518,57.2,0.09,1,1,2025-08-29,4
1392,4868,0,9789495.03,14.8193,300,MORTGAGE,Mortgage,153526.20,3012503.52,Employed,Tech,3.2496,0.6116,63.5,0.05,1,1,2025-08-11,4
1394,4875,0,4451624.69,12.6369,300,MORTGAGE,Mortgage,61717.70,2155397.28,Employed,Manufacturing,2.0653,0.3436,49.7,0.10,1,1,2025-05-10,7
1397,4882,0,4570943.88,11.1044,300,MORTGAGE,Mortgage,57534.47,2248022.88,Self-employed,Finance,2.0333,0.3071,32.6,0.09,1,0,2025-10-28,2
1398,4885,0,3927657.95,11.2003,300,MORTGAGE,Mortgage,49751.32,1994522.04,Employed,Transport,1.9692,0.2993,52.3,0.05,1,1,2025-11-14,1
1399,4887,1,380492.36,19.8259,48,PERSONAL,Personal Loan,14213.26,1259660.16,Employed,Healthcare,0.3021,0.1354,35.4,0.31,1,1,2025-06-13,6
1402,4897,1,4610381.25,10.0949,240,MORTGAGE,Mortgage,57994.37,2089347.84,Self-employed,Education,2.2066,0.3331,32.3,0.09,1,1,2025-07-11,5
1405,4906,0,6930322.10,14.3421,240,MORTGAGE,Mortgage,111705.82,941163.12,Employed,Tech,7.3636,1.4243,25.6,0.12,1,0,2025-04-21,8
1406,4909,0,615677.70,24.9802,36,PERSONAL,Personal Loan,29918.62,1480068.60,Employed,Retail,0.4160,0.2426,39.7,0.03,1,1,2025-09-15,3
1407,4928,0,9225239.76,12.2653,180,MORTGAGE,Mortgage,145543.28,1981009.32,Self-employed,Transport,4.6568,0.8816,34.2,0.05,1,1,2025-04-17,8
1408,4929,1,561796.68,20.9829,24,PERSONAL,Personal Loan,33231.63,2518433.52,Employed,Tech,0.2231,0.1583,43.0,0.05,1,1,2025-07-02,4
1409,4930,0,665366.32,17.3552,60,PERSONAL,Personal Loan,20712.41,1734882.96,Employed,Energy,0.3835,0.1433,61.8,0.30,2,1,2025-06-29,6
1410,4932,1,164540.64,17.3177,24,PERSONAL,Personal Loan,9230.41,1537733.52,Employed,Transport,0.1070,0.0720,49.8,0.11,1,1,2025-06-19,6
1411,4933,0,7676986.79,14.4443,180,MORTGAGE,Mortgage,135057.18,2057479.20,Employed,Finance,3.7313,0.7877,43.5,0.11,1,1,2025-06-29,6
1413,4935,0,2457471.36,11.2673,300,MORTGAGE,Mortgage,31265.79,2009962.20,Employed,Energy,1.2226,0.1867,36.6,0.14,1,1,2025-10-04,2
1414,4941,0,8839012.42,11.3242,120,MORTGAGE,Mortgage,157070.72,2217337.80,Employed,Manufacturing,3.9863,0.8501,26.7,0.13,1,1,2025-07-17,5
1415,4942,0,972200.27,18.1795,36,PERSONAL,Personal Loan,41733.99,2222906.28,Employed,Healthcare,0.4374,0.2253,42.2,0.16,1,1,2025-04-06,8
1416,4954,0,925833.66,22.4802,60,PERSONAL,Personal Loan,32774.67,2432395.08,Employed,Retail,0.3806,0.1617,51.8,0.04,1,1,2025-07-13,5
1417,4959,0,565622.04,19.1558,48,PERSONAL,Personal Loan,20812.91,1310643.72,Employed,Hospitality,0.4316,0.1906,61.4,0.25,1,1,2025-07-03,5
1418,4960,1,880908.70,18.0017,36,PERSONAL,Personal Loan,37684.56,2810375.88,Self-employed,Transport,0.3134,0.1609,40.0,0.22,1,1,2025-07-14,5
1420,4969,0,430939.85,21.7511,24,PERSONAL,Personal Loan,25767.01,1005259.20,Employed,Transport,0.4287,0.3076,45.7,0.02,1,1,2025-08-21,4
1421,4970,0,7455713.87,13.7637,240,MORTGAGE,Mortgage,116580.65,2335886.64,Employed,Hospitality,3.1918,0.5989,27.1,0.04,1,1,2025-06-03,6
1422,4974,0,763197.14,24.5289,36,PERSONAL,Personal Loan,36800.24,1955535.36,Employed,Hospitality,0.3903,0.2258,47.2,0.01,1,1,2025-08-02,4
1425,4981,0,164539.31,24.8389,12,PERSONAL,Personal Loan,17117.42,1729845.84,Employed,Transport,0.0951,0.1187,23.1,0.02,1,1,2025-10-14,2
1426,4984,0,837191.49,16.1064,36,PERSONAL,Personal Loan,34492.10,1730706.36,Employed,Retail,0.4837,0.2392,26.3,0.04,1,1,2025-09-23,3
1427,4986,1,692113.47,16.1629,60,PERSONAL,Personal Loan,20857.36,1049518.68,Employed,Energy,0.6595,0.2385,45.1,0.18,1,1,2025-07-11,5
1428,4992,0,2467663.79,13.0027,120,MORTGAGE,Mortgage,47302.44,3652143.48,Employed,Hospitality,0.6757,0.1554,51.0,0.10,1,1,2025-10-07,2
1429,4993,0,1358503.24,22.2274,60,PERSONAL,Personal Loan,47805.05,3292139.88,Employed,Construction,0.4127,0.1743,56.6,0.03,1,1,2025-09-07,3
1430,4994,0,412498.06,23.3104,60,PERSONAL,Personal Loan,14887.88,4604498.88,Self-employed,Retail,0.0896,0.0388,62.6,0.01,1,1,2025-07-07,5
1431,5003,0,565219.14,23.3725,48,PERSONAL,Personal Loan,22784.22,4556876.76,Self-employed,Energy,0.1240,0.0600,57.2,0.06,1,1,2025-06-15,6
1432,5008,1,7068907.94,10.2216,300,MORTGAGE,Mortgage,83775.98,1973302.20,Employed,Public Sector,3.5823,0.5095,47.9,0.07,1,1,2025-02-05,10
1433,5010,0,6251910.42,13.2309,180,MORTGAGE,Mortgage,103664.84,3507645.48,Self-employed,Professional Services,1.7824,0.3546,47.2,0.06,1,1,2025-10-04,2
1434,5012,0,8298153.14,13.7316,180,MORTGAGE,Mortgage,141056.62,334115.04,Retired,,24.8362,5.0662,79.3,0.07,1,1,2025-07-21,5
1437,5019,0,9633793.28,14.9738,300,MORTGAGE,Mortgage,152324.72,2904756.96,Self-employed,Tech,3.3166,0.6293,52.6,0.11,1,1,2025-10-02,2
1438,5020,0,4715755.67,11.2647,180,MORTGAGE,Mortgage,70466.62,1609872.60,Employed,Public Sector,2.9293,0.5253,51.8,0.02,1,1,2025-11-22,1
1439,5023,0,4086822.05,10.2032,300,MORTGAGE,Mortgage,48371.63,4091076.72,Self-employed,Manufacturing,0.9990,0.1419,33.3,0.13,1,1,2025-07-11,5
1440,5026,0,1092031.49,17.9993,12,PERSONAL,Personal Loan,107382.46,2290332.24,Employed,Energy,0.4768,0.5626,38.1,0.03,1,1,2025-11-24,1
1441,5027,0,451842.81,23.0642,24,PERSONAL,Personal Loan,27511.28,1417982.64,Employed,Education,0.3187,0.2328,39.2,0.03,1,1,2025-07-24,5
1444,5040,0,311383.55,17.4046,24,PERSONAL,Personal Loan,17490.57,1949164.92,Employed,Finance,0.1598,0.1077,26.5,0.04,1,1,2025-06-15,6
1446,5043,1,556742.29,16.6969,48,PERSONAL,Personal Loan,19345.36,1644446.04,Employed,Education,0.3386,0.1412,41.4,0.02,1,1,2025-06-22,6
1447,5043,1,9942645.29,11.7005,180,MORTGAGE,Mortgage,152181.85,1644446.04,Employed,Education,6.0462,1.1105,41.6,0.15,1,1,2025-08-08,4
1448,5045,1,1071558.55,23.2609,36,PERSONAL,Personal Loan,50536.70,1738676.16,Employed,Finance,0.6163,0.3488,42.4,0.03,1,1,2025-10-26,2
1449,5048,0,1218941.18,20.3557,24,PERSONAL,Personal Loan,71466.22,6136589.76,Employed,Retail,0.1986,0.1398,51.1,0.00,1,1,2025-08-24,4
1450,5054,1,480272.75,19.5037,48,PERSONAL,Personal Loan,17811.60,1494760.32,Employed,Construction,0.3213,0.1430,33.5,0.04,1,1,2025-07-08,5
1451,5055,0,1134000.20,22.7202,48,PERSONAL,Personal Loan,45095.60,821525.76,Employed,Healthcare,1.3804,0.6587,63.4,0.43,1,1,2025-06-18,6
1452,5055,1,8174681.66,12.1493,120,MORTGAGE,Mortgage,150886.23,821525.76,Employed,Healthcare,9.9506,2.2040,63.1,0.12,1,1,2025-02-27,10
1453,5064,0,2149067.50,14.0072,240,MORTGAGE,Mortgage,34039.80,6362812.32,Employed,Manufacturing,0.3378,0.0642,51.6,0.15,1,1,2025-10-26,2
1454,5068,0,1126624.51,19.1028,24,PERSONAL,Personal Loan,64877.42,2872105.44,Employed,Retail,0.3923,0.2711,61.6,0.04,2,1,2025-07-18,5
1455,5069,1,343799.99,16.2513,48,PERSONAL,Personal Loan,11818.50,776357.64,Self-employed,Retail,0.4428,0.1827,59.7,0.02,1,1,2025-04-09,8
1456,5069,1,3288184.55,12.5581,180,MORTGAGE,Mortgage,52678.82,776357.64,Self-employed,Retail,4.2354,0.8142,59.8,0.07,1,1,2025-04-26,8
1457,5070,0,1454235.67,23.6709,48,PERSONAL,Personal Loan,58982.47,2178875.52,Employed,Tech,0.6674,0.3248,52.5,0.03,1,1,2025-07-12,5
1458,5079,0,9867217.79,13.8508,300,MORTGAGE,Mortgage,146781.44,3293922.24,Employed,Tech,2.9956,0.5347,42.6,0.08,1,1,2025-02-11,10
1461,5090,0,9918899.90,13.4436,240,MORTGAGE,Mortgage,152450.19,1198974.48,Employed,Tech,8.2728,1.5258,29.2,0.07,1,1,2025-09-29,3
1462,5095,0,285923.23,17.4729,12,PERSONAL,Personal Loan,27990.19,988354.68,Employed,Public Sector,0.2893,0.3398,39.7,0.02,1,1,2025-07-17,5
1463,5096,1,835112.37,19.8225,12,PERSONAL,Personal Loan,83387.71,2337674.64,Employed,Public Sector,0.3572,0.4281,45.3,0.02,2,0,2025-07-07,5
1465,5099,0,431518.86,18.7633,12,PERSONAL,Personal Loan,42707.17,2428782.36,Employed,Public Sector,0.1777,0.2110,41.2,0.13,1,1,2025-04-04,7
1466,5100,1,5572172.20,11.4507,180,MORTGAGE,Mortgage,84127.57,5532974.52,Employed,Manufacturing,1.0071,0.1825,54.5,0.10,1,1,2025-06-30,6
1467,5106,0,5979645.77,10.5310,120,MORTGAGE,Mortgage,102306.76,3055353.12,Employed,Public Sector,1.9571,0.4018,54.6,0.08,1,1,2025-04-13,8
1468,5118,1,663000.93,19.4322,36,PERSONAL,Personal Loan,29153.00,1926973.08,Employed,Manufacturing,0.3441,0.1815,55.3,0.06,1,1,2025-03-28,9
1469,5119,1,269543.22,24.9007,48,PERSONAL,Personal Loan,11208.66,1342049.40,Employed,Healthcare,0.2008,0.1002,56.0,0.26,2,1,2025-06-06,6
1470,5120,0,817863.54,18.8737,60,PERSONAL,Personal Loan,26494.48,3815322.00,Employed,Finance,0.2144,0.0833,53.1,0.43,1,0,2025-07-06,5
1471,5134,0,7837778.82,10.7185,300,MORTGAGE,Mortgage,96133.62,3222268.32,Employed,Transport,2.4324,0.3580,64.5,0.05,1,1,2025-02-19,10
1472,5135,0,4762656.24,14.0419,240,MORTGAGE,Mortgage,75575.02,1540489.80,Employed,Transport,3.0917,0.5887,29.7,0.12,1,1,2025-08-09,4
1473,5137,1,506885.38,18.9044,48,PERSONAL,Personal Loan,18545.42,833885.40,Employed,Energy,0.6079,0.2669,28.0,0.10,1,1,2025-07-09,5
1474,5138,0,670651.41,21.2573,12,PERSONAL,Personal Loan,67767.82,730348.32,Employed,Energy,0.9183,1.1135,55.7,0.26,1,1,2025-06-20,6
1475,5140,0,1343193.65,16.8894,60,PERSONAL,Personal Loan,41291.34,5379023.04,Employed,Healthcare,0.2497,0.0921,60.5,0.02,1,1,2025-10-21,2
1477,5149,1,2372151.55,10.4725,180,MORTGAGE,Mortgage,33880.58,1252351.32,Employed,Manufacturing,1.8942,0.3246,42.6,0.06,1,1,2025-01-25,11
1479,5160,1,232494.54,22.0625,48,PERSONAL,Personal Loan,9118.15,922473.84,Employed,Energy,0.2520,0.1186,30.9,0.22,1,1,2025-07-10,5
1480,5169,1,1471835.39,19.7394,12,PERSONAL,Personal Loan,146863.91,1549797.00,Self-employed,Energy,0.9497,1.1372,44.8,0.01,1,1,2025-07-18,5
1481,5173,0,9259059.68,13.7763,300,MORTGAGE,Mortgage,137159.85,3292730.28,Employed,Tech,2.8120,0.4999,34.4,0.05,1,1,2025-05-13,7
1482,5176,1,938692.15,18.9986,48,PERSONAL,Personal Loan,34417.62,1548858.96,Employed,Finance,0.6061,0.2667,33.7,0.32,1,1,2025-05-05,7
1483,5177,0,719801.35,23.4808,24,PERSONAL,Personal Loan,44076.32,2385630.24,Employed,Hospitality,0.3017,0.2217,64.4,0.03,1,1,2025-09-26,3
1484,5185,1,3053713.76,14.5508,120,MORTGAGE,Mortgage,62475.93,1527611.76,Employed,Retail,1.9990,0.4908,34.9,0.10,1,1,2025-04-24,8
1485,5189,0,1045554.56,18.3382,60,PERSONAL,Personal Loan,33403.90,1898333.04,Employed,Construction,0.5508,0.2112,34.0,0.39,2,1,2025-07-09,5
1486,5190,1,473907.81,20.7602,12,PERSONAL,Personal Loan,47691.00,1396845.72,Self-employed,Retail,0.3393,0.4097,41.8,0.15,1,1,2025-04-14,8
1488,5200,0,9504990.12,14.1671,240,MORTGAGE,Mortgage,151819.25,5240651.76,Employed,Hospitality,1.8137,0.3476,48.6,0.10,1,0,2025-02-06,10
1489,5201,0,2195331.00,13.4484,120,MORTGAGE,Mortgage,42897.50,1393269.96,Employed,Energy,1.5757,0.3695,60.0,0.06,1,1,2025-11-29,1
1490,5203,0,1080927.13,23.1261,12,PERSONAL,Personal Loan,110908.62,1506552.96,Employed,Hospitality,0.7175,0.8834,25.9,0.13,1,1,2025-06-12,6
1491,5204,0,2644077.43,10.3427,240,MORTGAGE,Mortgage,33806.07,6019952.52,Employed,Retail,0.4392,0.0674,49.4,0.10,1,1,2025-10-08,2
1492,5207,1,1151303.48,22.4084,12,PERSONAL,Personal Loan,117441.01,1545792.24,Employed,Tech,0.7448,0.9117,42.1,0.03,1,1,2025-07-16,5
1493,5209,1,618402.29,24.3672,36,PERSONAL,Personal Loan,29735.12,2664052.80,Employed,Energy,0.2321,0.1339,33.0,0.18,1,1,2025-03-15,9
1494,5213,0,9445034.69,14.4243,240,MORTGAGE,Mortgage,152885.99,151018.32,Retired,,62.5423,12.1484,55.4,0.09,1,1,2025-06-29,6
1495,5216,1,252989.44,22.9178,12,PERSONAL,Personal Loan,25914.09,685196.76,Student,,0.3692,0.4538,23.1,0.05,1,1,2025-04-24,7
1496,5218,0,1081728.67,22.4257,36,PERSONAL,Personal Loan,50263.45,1083818.40,Employed,Tech,0.9981,0.5565,57.6,0.14,1,1,2025-07-10,5
1497,5219,0,712407.34,17.3362,36,PERSONAL,Personal Loan,30081.12,2101000.68,Employed,Energy,0.3391,0.1718,26.4,0.02,1,1,2025-07-30,5
1499,5224,0,209771.18,16.6255,36,PERSONAL,Personal Loan,8733.27,490796.52,Retired,,0.4274,0.2135,70.4,0.02,1,1,2025-09-17,3
1500,5236,0,1164155.99,20.7948,48,PERSONAL,Personal Loan,44426.91,1678219.32,Self-employed,Retail,0.6937,0.3177,44.0,0.04,1,1,2025-07-24,5
1501,5239,0,3945938.65,13.0208,180,MORTGAGE,Mortgage,64737.95,2130625.68,Employed,Construction,1.8520,0.3646,25.0,0.08,1,1,2025-03-14,9
1502,5241,1,652077.10,16.7946,36,PERSONAL,Personal Loan,27239.40,1218030.84,Employed,Healthcare,0.5354,0.2684,53.0,0.01,1,1,2025-07-14,5
1503,5243,1,4057611.53,12.7331,180,MORTGAGE,Mortgage,65597.26,3387532.80,Self-employed,Education,1.1978,0.2324,53.3,0.11,1,1,2025-04-11,8
1504,5257,0,414134.65,23.2676,12,PERSONAL,Personal Loan,42541.15,2297353.92,Employed,Manufacturing,0.1803,0.2222,35.1,0.04,1,1,2025-11-05,1
1505,5259,0,3793113.72,13.9239,240,MORTGAGE,Mortgage,59817.09,3577002.00,Employed,Manufacturing,1.0604,0.2007,52.8,0.07,2,1,2025-01-31,11
1506,5262,0,772738.79,17.0741,24,PERSONAL,Personal Loan,43192.30,2196971.40,Employed,Hospitality,0.3517,0.2359,34.1,0.02,1,1,2025-05-22,7
1507,5263,1,122321.70,16.5336,36,PERSONAL,Personal Loan,5083.17,661148.64,Student,,0.1850,0.0923,29.2,0.11,1,1,2025-06-21,6
1508,5266,0,4571305.28,14.7760,300,MORTGAGE,Mortgage,71525.69,1487348.52,Employed,Transport,3.0735,0.5771,48.2,0.08,1,1,2025-07-09,5
1509,5271,0,872962.55,16.7920,36,PERSONAL,Personal Loan,36464.62,1998666.48,Employed,Healthcare,0.4368,0.2189,25.7,0.02,1,1,2025-08-20,4
1510,5275,0,236985.40,19.9217,36,PERSONAL,Personal Loan,10517.22,1706108.16,Employed,Public Sector,0.1389,0.0740,60.3,0.02,2,1,2025-11-29,1
1511,5277,0,160858.19,23.5965,24,PERSONAL,Personal Loan,9865.50,1419240.36,Employed,Construction,0.1133,0.0834,24.5,0.04,1,1,2025-05-31,7
1512,5279,0,6572911.99,13.7913,120,MORTGAGE,Mortgage,130315.10,4228793.52,Employed,Finance,1.5543,0.3698,38.5,0.09,1,1,2025-05-16,7
1513,5283,0,394593.63,21.8139,36,PERSONAL,Personal Loan,18133.96,1578956.04,Employed,Public Sector,0.2499,0.1378,43.5,0.01,1,1,2025-08-24,4
1514,5284,0,897223.73,24.5896,60,PERSONAL,Personal Loan,33339.04,1229699.76,Employed,Public Sector,0.7296,0.3253,57.3,0.02,1,1,2025-08-04,4
1515,5295,1,527410.42,20.6803,12,PERSONAL,Personal Loan,53040.04,1697837.28,Employed,Manufacturing,0.3106,0.3749,32.4,0.16,2,1,2025-06-30,6
1516,5300,0,5431366.14,12.2463,240,MORTGAGE,Mortgage,78059.14,1358732.88,Self-employed,Manufacturing,3.9974,0.6894,58.2,0.08,1,1,2025-09-21,3
1517,5301,0,137431.15,21.8338,12,PERSONAL,Personal Loan,13953.13,1394610.96,Employed,Public Sector,0.0985,0.1201,48.0,0.02,1,1,2025-09-12,3
1518,5303,0,732620.68,16.6754,48,PERSONAL,Personal Loan,25443.55,1002605.04,Employed,Manufacturing,0.7307,0.3045,43.5,0.24,1,1,2025-06-24,6
1519,5303,0,3113381.62,12.7749,300,MORTGAGE,Mortgage,43522.22,1002605.04,Employed,Manufacturing,3.1053,0.5209,43.4,0.11,1,1,2025-05-11,7
1520,5312,0,1104507.38,19.8337,48,PERSONAL,Personal Loan,41265.96,2413235.16,Employed,Education,0.4577,0.2052,60.8,0.05,2,0,2025-03-24,9
1521,5312,0,6044711.47,14.7908,180,MORTGAGE,Mortgage,108086.83,2413235.16,Employed,Education,2.5048,0.5375,60.9,0.11,2,0,2025-04-13,7
1522,5318,0,648837.63,20.2411,12,PERSONAL,Personal Loan,65014.13,2309968.08,Employed,Healthcare,0.2809,0.3377,53.5,0.02,1,1,2025-07-12,5
1523,5318,0,2770659.31,13.5760,240,MORTGAGE,Mortgage,42889.81,2309968.08,Employed,Healthcare,1.1994,0.2228,53.5,0.08,1,1,2025-08-03,4
1524,5319,0,915874.63,22.8004,48,PERSONAL,Personal Loan,36482.64,2821988.76,Self-employed,Manufacturing,0.3245,0.1551,55.4,0.09,1,1,2025-07-13,5
1526,5326,0,755808.82,24.0302,60,PERSONAL,Personal Loan,27732.01,2982825.24,Employed,Professional Services,0.2534,0.1116,42.4,0.04,1,1,2025-06-02,6
1527,5326,0,3163300.90,13.9609,180,MORTGAGE,Mortgage,54376.00,2982825.24,Employed,Professional Services,1.0605,0.2188,42.5,0.11,1,1,2025-06-30,6
1528,5331,1,356289.79,18.4325,48,PERSONAL,Personal Loan,12895.46,1698897.24,Employed,Professional Services,0.2097,0.0911,59.6,0.10,2,1,2025-03-01,10
1531,5342,0,639911.55,20.9872,48,PERSONAL,Personal Loan,24523.12,1656864.96,Employed,Construction,0.3862,0.1776,49.3,0.02,1,1,2025-07-10,5
1534,5351,1,446020.42,23.7744,48,PERSONAL,Personal Loan,18128.65,1354342.32,Employed,Finance,0.3293,0.1606,35.3,0.12,1,1,2025-07-02,5
1535,5353,0,428216.21,23.7963,12,PERSONAL,Personal Loan,44176.32,475709.04,Employed,Public Sector,0.9002,1.1144,26.0,0.02,1,1,2025-10-09,2
1536,5355,0,1033071.54,18.5462,48,PERSONAL,Personal Loan,37488.62,2776120.68,Employed,Education,0.3721,0.1620,40.4,0.08,1,1,2025-03-07,9
1537,5363,0,8865149.89,11.7927,180,MORTGAGE,Mortgage,136370.88,1683794.04,Employed,Professional Services,5.2650,0.9719,46.6,0.05,1,1,2025-09-21,3
1538,5369,0,9066843.70,12.9445,300,MORTGAGE,Mortgage,128027.61,1276053.48,Employed,Retail,7.1054,1.2040,33.3,0.11,1,1,2025-09-20,3
1540,5374,0,793515.47,23.9197,12,PERSONAL,Personal Loan,81943.50,1791330.84,Employed,Construction,0.4430,0.5489,43.1,0.03,1,0,2025-07-31,5
1541,5374,0,7941857.00,11.6459,180,MORTGAGE,Mortgage,121196.49,1791330.84,Employed,Construction,4.4335,0.8119,43.2,0.12,1,0,2025-09-02,3
1542,5375,0,755498.04,16.2840,12,PERSONAL,Personal Loan,73210.28,3195129.72,Employed,Transport,0.2365,0.2750,45.2,0.11,1,1,2025-07-11,5
1543,5378,0,665465.92,18.9750,24,PERSONAL,Personal Loan,38250.43,1979483.52,Employed,Professional Services,0.3362,0.2319,47.4,0.02,1,1,2025-09-12,3
1544,5379,0,6236822.05,14.2763,300,MORTGAGE,Mortgage,94988.36,3657951.48,Employed,Tech,1.7050,0.3116,49.4,0.09,1,1,2025-09-19,3
1546,5383,1,1047925.69,18.1924,60,PERSONAL,Personal Loan,33352.33,986098.08,Employed,Energy,1.0627,0.4059,35.3,0.03,1,1,2025-10-14,2
1548,5391,0,8840567.36,10.1913,120,MORTGAGE,Mortgage,148752.12,1962852.12,Self-employed,Construction,4.5039,0.9094,57.4,0.10,1,1,2025-10-27,2
1549,5396,0,120441.10,20.5709,36,PERSONAL,Personal Loan,5410.24,581537.76,Student,,0.2071,0.1116,21.2,0.29,1,1,2025-07-01,6
1550,5400,0,6017035.04,14.6058,180,MORTGAGE,Mortgage,106664.31,1480827.12,Employed,Healthcare,4.0633,0.8644,31.5,0.07,1,1,2025-10-04,2
1551,5401,0,5559046.64,10.6867,180,MORTGAGE,Mortgage,80390.15,4591716.84,Self-employed,Energy,1.2107,0.2101,53.3,0.13,1,1,2025-09-20,3
1553,5408,0,1449342.49,20.5895,60,PERSONAL,Personal Loan,49023.41,3903590.64,Employed,Healthcare,0.3713,0.1507,61.5,0.03,1,1,2025-09-03,3
1554,5413,1,771886.68,17.9593,36,PERSONAL,Personal Loan,32993.42,2762145.96,Self-employed,Retail,0.2795,0.1433,46.8,0.10,1,1,2025-07-08,5
1555,5416,0,6679554.05,12.3604,240,MORTGAGE,Mortgage,96633.11,2471145.84,Employed,Retail,2.7030,0.4693,45.6,0.10,1,1,2025-10-28,2
1556,5417,0,855031.69,20.2263,12,PERSONAL,Personal Loan,85664.41,1866651.72,Employed,Transport,0.4581,0.5507,51.6,0.34,2,1,2025-07-13,5
1557,5418,0,198314.04,23.0595,36,PERSONAL,Personal Loan,9319.58,365014.44,Retired,,0.5433,0.3064,50.4,0.20,2,1,2025-05-30,7
1558,5422,1,186450.59,21.4285,36,PERSONAL,Personal Loan,8508.65,1135917.96,Self-employed,Construction,0.1641,0.0899,47.2,0.10,1,1,2025-05-05,7
1559,5429,0,764784.80,22.0627,36,PERSONAL,Personal Loan,35305.04,2299652.28,Employed,Construction,0.3326,0.1842,63.9,0.13,1,1,2025-05-14,7
1560,5433,0,316335.19,18.8408,48,PERSONAL,Personal Loan,11556.99,1418223.36,Employed,Education,0.2231,0.0978,28.6,0.02,1,1,2025-10-04,2
1561,5434,0,323020.07,20.8075,36,PERSONAL,Personal Loan,14573.81,869698.32,Student,,0.3714,0.2011,19.4,0.05,1,1,2025-07-13,5
1562,5446,0,822372.03,20.6637,12,PERSONAL,Personal Loan,82692.04,4575504.24,Employed,Energy,0.1797,0.2169,61.3,0.04,1,0,2025-10-09,2
1563,5447,0,979347.31,21.8265,36,PERSONAL,Personal Loan,45017.20,1487765.52,Employed,Finance,0.6583,0.3631,54.5,0.02,1,1,2025-07-29,5
1564,5449,0,4247062.39,11.4679,240,MORTGAGE,Mortgage,58283.50,4106727.96,Employed,Retail,1.0342,0.1703,41.0,0.13,1,1,2025-08-16,4
1565,5450,0,1196032.89,22.5518,36,PERSONAL,Personal Loan,55700.38,4333827.36,Employed,Manufacturing,0.2760,0.1542,38.5,0.03,1,1,2025-07-10,5
1566,5454,0,695255.85,22.6808,24,PERSONAL,Personal Loan,42109.79,2309606.40,Employed,Manufacturing,0.3010,0.2188,59.4,0.10,1,1,2025-05-31,7
1569,5459,1,675531.92,20.3284,36,PERSONAL,Personal Loan,30208.51,5395917.36,Employed,Energy,0.1252,0.0672,55.1,0.18,1,1,2025-03-31,9
1570,5460,0,699677.16,16.8549,36,PERSONAL,Personal Loan,29262.97,2895651.96,Employed,Energy,0.2416,0.1213,49.9,0.01,1,1,2025-11-22,1
1571,5480,0,306019.10,23.5826,36,PERSONAL,Personal Loan,14514.47,2993187.00,Employed,Retail,0.1022,0.0582,46.0,0.47,1,1,2025-06-24,6
1573,5494,0,8329057.35,11.8207,120,MORTGAGE,Mortgage,151454.88,1086673.44,Employed,Healthcare,7.6647,1.6725,39.2,0.10,1,1,2025-11-28,1
1575,5503,1,5163789.74,14.5823,300,MORTGAGE,Mortgage,79962.58,1759137.60,Employed,Professional Services,2.9354,0.5455,37.4,0.07,2,1,2025-04-19,8
1576,5504,0,905941.59,19.4925,24,PERSONAL,Personal Loan,52463.45,4485061.56,Self-employed,Hospitality,0.2020,0.1404,32.9,0.12,1,1,2025-03-14,8
1580,5512,0,421017.90,19.4711,60,PERSONAL,Personal Loan,13848.37,1072236.96,Employed,Education,0.3927,0.1550,57.8,0.44,1,1,2025-06-21,6
1581,5515,0,9295427.66,12.4057,300,MORTGAGE,Mortgage,127081.66,2832851.64,Employed,Tech,3.2813,0.5383,43.6,0.10,1,1,2025-09-27,3
1583,5524,0,1039662.42,20.8123,60,PERSONAL,Personal Loan,35359.18,1275626.52,Employed,Public Sector,0.8150,0.3326,35.6,0.09,1,0,2025-05-20,7
1585,5528,1,8799999.29,11.2911,240,MORTGAGE,Mortgage,119468.06,2200312.68,Employed,Manufacturing,3.9994,0.6516,60.5,0.14,1,1,2025-08-12,4
1586,5532,1,1160639.50,17.8964,36,PERSONAL,Personal Loan,49549.38,2374652.16,Employed,Finance,0.4888,0.2504,39.3,0.08,1,1,2025-05-16,7
1587,5540,1,873390.65,19.7977,36,PERSONAL,Personal Loan,38670.12,1347384.72,Employed,Retail,0.6482,0.3444,34.0,0.01,1,1,2025-07-29,5
1589,5546,0,5458997.17,10.6206,120,MORTGAGE,Mortgage,93806.50,2058997.68,Employed,Public Sector,2.6513,0.5467,58.1,0.06,1,1,2025-02-01,11
1591,5551,0,3256663.78,10.8218,180,MORTGAGE,Mortgage,47461.71,1457491.68,Employed,Energy,2.2344,0.3908,52.2,0.07,1,1,2025-06-18,6
1593,5559,1,295778.49,16.2197,12,PERSONAL,Personal Loan,28646.07,501130.92,Retired,,0.5902,0.6860,75.1,0.03,1,1,2025-10-03,2
1594,5560,1,1359333.70,18.4851,36,PERSONAL,Personal Loan,58698.79,2894255.04,Self-employed,Finance,0.4697,0.2434,37.6,0.25,1,1,2025-05-22,7
1595,5561,0,862680.16,23.1692,60,PERSONAL,Personal Loan,31034.34,1744359.36,Employed,Construction,0.4946,0.2135,28.5,0.02,1,1,2025-05-24,7
1597,5565,1,230075.70,16.2971,36,PERSONAL,Personal Loan,9515.63,597607.68,Retired,,0.3850,0.1911,72.7,0.02,1,1,2025-09-08,3
1598,5566,1,5682277.59,12.0315,240,MORTGAGE,Mortgage,80648.09,2546925.00,Employed,Energy,2.2310,0.3800,49.0,0.09,1,1,2025-11-19,1
1599,5568,0,757755.48,16.2811,36,PERSONAL,Personal Loan,31329.67,2183363.64,Employed,Hospitality,0.3471,0.1722,28.5,0.04,1,1,2025-11-28,1
1600,5568,0,5154149.03,14.8784,300,MORTGAGE,Mortgage,81085.07,2183363.64,Employed,Hospitality,2.3606,0.4457,28.5,0.03,1,1,2025-11-25,1
1601,5575,1,7974799.06,10.0739,240,MORTGAGE,Mortgage,100176.10,1430721.60,Employed,Energy,5.5740,0.8402,35.0,0.08,1,1,2025-02-28,9
1602,5577,0,9139558.28,14.1376,180,MORTGAGE,Mortgage,158451.51,4287530.88,Employed,Energy,2.1317,0.4435,32.9,0.03,1,1,2025-05-05,7
1604,5584,0,557503.57,20.1946,12,PERSONAL,Personal Loan,55840.77,1399142.88,Employed,Tech,0.3985,0.4789,57.9,0.02,1,1,2025-08-09,4
1605,5586,0,9902471.74,14.6230,240,MORTGAGE,Mortgage,161930.17,4210886.64,Employed,Construction,2.3516,0.4615,38.1,0.05,1,0,2025-06-22,6
1606,5587,0,1428407.07,22.6813,36,PERSONAL,Personal Loan,66676.42,5557831.56,Employed,Tech,0.2570,0.1440,43.7,0.16,1,1,2025-04-28,8
1607,5587,0,8775008.03,12.3706,240,MORTGAGE,Mortgage,127022.63,5557831.56,Employed,Tech,1.5789,0.2743,43.6,0.08,1,1,2025-03-31,9
1609,5604,0,561055.97,19.9818,24,PERSONAL,Personal Loan,32719.76,2022133.08,Employed,Energy,0.2775,0.1942,43.4,0.02,1,1,2025-07-27,5
1610,5605,0,233115.28,24.5332,24,PERSONAL,Personal Loan,14479.02,1492360.92,Employed,Finance,0.1562,0.1164,29.9,0.03,1,1,2025-08-11,3
1611,5609,0,1132201.83,20.7329,24,PERSONAL,Personal Loan,66736.60,1808842.08,Employed,Transport,0.6259,0.4427,57.4,0.02,1,0,2025-08-22,4
1612,5610,1,298662.78,18.9994,24,PERSONAL,Personal Loan,17172.96,2778802.44,Employed,Tech,0.1075,0.0742,39.4,0.03,1,1,2025-01-22,11
1613,5610,0,9925197.20,10.6330,120,MORTGAGE,Mortgage,170655.49,2778802.44,Employed,Tech,3.5718,0.7370,39.4,0.05,1,1,2025-01-28,11
1614,5611,0,928226.18,16.6480,48,PERSONAL,Personal Loan,32215.64,581872.68,Employed,Retail,1.5952,0.6644,47.0,0.03,1,0,2025-10-19,2
1615,5615,1,348260.46,22.6358,60,PERSONAL,Personal Loan,12373.64,925646.52,Employed,Transport,0.3762,0.1604,63.1,0.10,1,0,2025-05-26,7
1617,5619,0,1159307.80,22.6367,48,PERSONAL,Personal Loan,46021.33,2806586.16,Employed,Construction,0.4131,0.1968,57.5,0.01,1,1,2025-02-07,10
1618,5625,0,7452851.12,13.0511,240,MORTGAGE,Mortgage,112110.13,6987639.84,Employed,Transport,1.0666,0.1925,63.4,0.09,1,1,2025-09-28,3
1619,5627,0,749103.84,24.0763,24,PERSONAL,Personal Loan,46242.37,1748159.64,Employed,Construction,0.4285,0.3174,44.8,0.05,1,1,2025-07-16,5
1620,5631,0,5349633.23,12.3338,180,MORTGAGE,Mortgage,84704.61,2661330.12,Employed,Finance,2.0101,0.3819,37.6,0.09,1,1,2025-06-08,6
1622,5637,0,140223.29,16.6902,12,PERSONAL,Personal Loan,13635.57,1577571.48,Employed,Retail,0.0889,0.1037,24.0,0.41,1,1,2025-07-11,5
1623,5639,0,1321432.22,23.4834,12,PERSONAL,Personal Loan,135979.12,934380.12,Self-employed,Tech,1.4142,1.7463,46.1,0.03,1,1,2025-07-26,5
1624,5641,0,243028.89,19.7202,48,PERSONAL,Personal Loan,9056.92,587101.68,Employed,Hospitality,0.4139,0.1851,54.8,0.03,1,1,2025-10-01,3
1625,5643,0,474454.09,16.3044,48,PERSONAL,Personal Loan,16330.87,1552122.84,Employed,Manufacturing,0.3057,0.1263,33.5,0.01,1,1,2025-05-30,7
1626,5645,0,4932985.50,14.4549,120,MORTGAGE,Mortgage,100529.72,1918107.84,Employed,Transport,2.5718,0.6289,41.0,0.12,1,1,2025-05-03,7
1627,5650,0,6587352.90,11.2124,240,MORTGAGE,Mortgage,88997.33,627181.44,Retired,,10.5031,1.7028,71.3,0.06,1,1,2025-04-20,8
1628,5651,0,3126065.73,14.7971,120,MORTGAGE,Mortgage,64597.80,2174601.36,Employed,Transport,1.4375,0.3565,42.3,0.09,1,1,2025-05-07,7
1629,5652,1,4548009.65,12.4403,240,MORTGAGE,Mortgage,66098.88,4541393.28,Self-employed,Professional Services,1.0015,0.1747,37.9,0.08,1,1,2025-06-24,6
1630,5654,0,412725.39,17.6342,36,PERSONAL,Personal Loan,17529.66,784706.76,Student,,0.5260,0.2681,22.0,0.01,1,1,2025-10-25,1
1631,5660,1,102257.48,22.1744,48,PERSONAL,Personal Loan,4019.95,3793118.64,Self-employed,Hospitality,0.0270,0.0127,53.4,0.34,2,1,2025-05-07,7
1632,5661,0,9389033.59,10.7189,180,MORTGAGE,Mortgage,136028.06,5131542.48,Employed,Healthcare,1.8297,0.3181,54.4,0.07,1,1,2025-03-18,9
1633,5669,0,455975.54,24.5592,48,PERSONAL,Personal Loan,18831.49,2488329.24,Employed,Transport,0.1832,0.0908,53.6,0.03,1,1,2025-11-06,1
1636,5677,0,468821.35,20.1357,48,PERSONAL,Personal Loan,17633.82,1936185.24,Employed,Manufacturing,0.2421,0.1093,43.7,0.17,2,1,2025-03-16,9
1637,5677,0,6633465.45,12.9248,300,MORTGAGE,Mortgage,93558.40,1936185.24,Employed,Manufacturing,3.4260,0.5799,43.6,0.07,1,1,2025-02-05,10
1638,5678,1,629525.32,20.9677,24,PERSONAL,Personal Loan,37229.97,736033.32,Employed,Retail,0.8553,0.6070,59.8,0.02,1,1,2025-11-27,1
1641,5684,0,9322781.29,10.7195,180,MORTGAGE,Mortgage,135072.86,2103195.24,Employed,Hospitality,4.4327,0.7707,40.0,0.12,1,1,2025-04-15,8
1642,5687,1,2835829.43,10.6315,180,MORTGAGE,Mortgage,40878.88,2221308.96,Employed,Hospitality,1.2766,0.2208,38.6,0.10,1,1,2025-05-12,7
1643,5688,0,4133475.54,10.2102,240,MORTGAGE,Mortgage,52392.49,1165930.80,Employed,Education,3.5452,0.5392,52.9,0.14,1,1,2025-07-14,5
1645,5699,1,9758244.99,13.2369,240,MORTGAGE,Mortgage,148300.12,2785891.92,Employed,Healthcare,3.5027,0.6388,52.7,0.11,1,1,2025-06-21,6
1646,5705,0,246322.35,24.5209,60,PERSONAL,Personal Loan,9138.74,1763578.80,Employed,Professional Services,0.1397,0.0622,25.4,0.02,1,1,2025-07-14,5
1647,5705,1,4877030.51,10.5249,180,MORTGAGE,Mortgage,69869.83,1763578.80,Employed,Professional Services,2.7654,0.4754,25.5,0.15,1,1,2025-08-28,4
1649,5708,0,3514700.79,10.7283,240,MORTGAGE,Mortgage,46066.89,5499011.52,Employed,Transport,0.6392,0.1005,36.8,0.06,1,0,2025-11-22,1
1650,5715,0,432380.76,16.2197,12,PERSONAL,Personal Loan,41875.97,1770318.12,Employed,Education,0.2442,0.2839,59.2,0.13,1,1,2025-04-20,8
1652,5722,0,2237982.86,12.0973,300,MORTGAGE,Mortgage,30021.23,1879421.52,Employed,Retail,1.1908,0.1917,47.5,0.08,1,1,2025-09-09,3
1653,5731,0,133213.14,21.2175,60,PERSONAL,Personal Loan,4575.59,1743941.28,Employed,Transport,0.0764,0.0315,33.1,0.09,1,1,2025-06-22,6
1654,5732,0,688029.51,20.3924,12,PERSONAL,Personal Loan,69027.94,2500136.88,Employed,Tech,0.2752,0.3313,54.6,0.01,1,0,2025-07-02,5
1656,5734,0,2883898.87,12.7634,180,MORTGAGE,Mortgage,46695.29,1482621.48,Employed,Professional Services,1.9451,0.3779,44.6,0.10,1,1,2025-07-03,5
1657,5738,0,963723.08,24.6847,48,PERSONAL,Personal Loan,39901.91,2158342.80,Employed,Education,0.4465,0.2218,42.7,0.08,2,1,2025-05-08,7
1658,5752,0,2655848.78,13.6057,120,MORTGAGE,Mortgage,52244.31,1367681.16,Employed,Education,1.9419,0.4584,49.8,0.10,1,1,2025-09-27,3
1659,5755,0,757456.06,19.7292,24,PERSONAL,Personal Loan,44014.00,4599622.80,Employed,Construction,0.1647,0.1148,40.7,0.04,1,1,2025-11-05,1
1660,5756,0,1049510.00,21.1294,36,PERSONAL,Personal Loan,47632.65,4661070.48,Employed,Energy,0.2252,0.1226,47.2,0.20,1,1,2025-06-05,6
1661,5757,1,1042061.94,23.3100,12,PERSONAL,Personal Loan,107080.55,1725298.92,Employed,Professional Services,0.6040,0.7448,32.9,0.14,1,1,2025-06-01,7
1665,5773,0,510307.73,17.5094,36,PERSONAL,Personal Loan,21621.20,1394273.40,Employed,Construction,0.3660,0.1861,28.8,0.10,1,0,2025-03-27,8
1667,5785,0,6366579.26,10.8860,120,MORTGAGE,Mortgage,110810.31,5091479.76,Employed,Healthcare,1.2504,0.2612,32.9,0.04,1,1,2025-03-26,9
1668,5788,0,710982.94,24.7600,24,PERSONAL,Personal Loan,44294.24,2485398.12,Employed,Transport,0.2861,0.2139,51.0,0.11,1,1,2025-07-08,5
1669,5789,0,654188.53,24.8206,48,PERSONAL,Personal Loan,27160.05,1531448.76,Employed,Finance,0.4272,0.2128,48.1,0.37,1,1,2025-05-23,7
1670,5793,0,1198911.47,21.2071,24,PERSONAL,Personal Loan,71142.51,5598833.76,Employed,Hospitality,0.2141,0.1525,34.3,0.02,1,1,2025-10-26,2
1671,5798,0,653013.80,22.7443,24,PERSONAL,Personal Loan,39585.86,1554207.24,Employed,Retail,0.4202,0.3056,33.3,0.01,1,1,2025-09-10,3
1672,5801,0,660217.50,22.1629,60,PERSONAL,Personal Loan,23197.24,1342032.12,Employed,Public Sector,0.4920,0.2074,23.9,0.04,1,1,2025-06-22,6
1673,5802,0,985862.78,24.7065,48,PERSONAL,Personal Loan,40836.49,2221107.48,Employed,Construction,0.4439,0.2206,60.3,0.02,1,1,2025-11-06,1
1675,5810,0,125762.43,20.4885,12,PERSONAL,Personal Loan,12627.44,2416791.96,Employed,Finance,0.0520,0.0627,25.1,0.03,1,1,2025-08-16,4
1677,5813,0,4626572.04,13.7001,180,MORTGAGE,Mortgage,78523.59,1011438.12,Employed,Construction,4.5743,0.9316,29.6,0.08,1,1,2025-08-27,4
1678,5816,0,1018315.56,16.3587,60,PERSONAL,Personal Loan,30853.86,1171081.80,Employed,Hospitality,0.8696,0.3162,59.9,0.01,1,1,2025-07-17,5
1679,5818,0,6367025.17,11.9879,240,MORTGAGE,Mortgage,90135.32,4524369.60,Employed,Retail,1.4073,0.2391,34.4,0.05,2,1,2025-05-13,7
1680,5819,0,243686.38,19.8591,24,PERSONAL,Personal Loan,14186.43,2139854.76,Employed,Education,0.1139,0.0796,36.6,0.03,1,1,2025-11-13,1
1681,5823,0,1345511.71,18.7035,36,PERSONAL,Personal Loan,58346.81,102367.68,Self-employed,Manufacturing,13.1439,6.8397,59.1,0.03,1,1,2025-07-20,5
1682,5827,0,1021615.20,22.8565,36,PERSONAL,Personal Loan,47836.99,1174354.20,Employed,Retail,0.8699,0.4888,61.2,0.02,1,1,2025-10-24,2
1683,5828,0,9950404.10,13.1265,240,MORTGAGE,Mortgage,150305.00,333183.24,Student,,29.8647,5.4134,22.0,0.08,1,1,2025-08-02,4
1684,5830,0,8477900.01,14.1141,300,MORTGAGE,Mortgage,127974.61,2284734.12,Employed,Retail,3.7107,0.6722,33.5,0.07,1,1,2025-10-18,2
1687,5845,0,8737802.40,14.6351,180,MORTGAGE,Mortgage,155108.86,550183.80,Retired,,15.8816,3.3831,77.0,0.07,2,1,2025-06-07,6
1688,5848,0,5936519.43,14.9550,300,MORTGAGE,Mortgage,93772.27,1835498.28,Employed,Professional Services,3.2343,0.6131,54.9,0.10,1,1,2025-03-10,9
1689,5851,0,361602.30,16.9712,24,PERSONAL,Personal Loan,20180.78,3221509.68,Self-employed,Professional Services,0.1122,0.0752,60.4,0.03,1,1,2025-11-18,1
1690,5852,0,329348.89,21.4390,12,PERSONAL,Personal Loan,33329.83,1432339.68,Employed,Healthcare,0.2299,0.2792,25.5,0.09,1,1,2025-06-02,6
1691,5856,1,1198421.10,18.9061,24,PERSONAL,Personal Loan,68815.44,1449540.84,Employed,Manufacturing,0.8268,0.5697,52.0,0.22,1,0,2025-05-20,7
1692,5856,1,9361879.78,11.5116,240,MORTGAGE,Mortgage,128816.35,1449540.84,Employed,Manufacturing,6.4585,1.0664,51.9,0.11,1,0,2025-04-10,8
1693,5859,0,1018722.54,18.7763,60,PERSONAL,Personal Loan,32918.58,1216036.80,Employed,Hospitality,0.8377,0.3248,35.4,0.02,1,1,2025-08-17,4
1694,5861,0,422132.57,23.1795,24,PERSONAL,Personal Loan,25742.88,752951.40,Student,,0.5606,0.4103,19.8,0.01,1,1,2025-11-16,1
1697,5870,0,1042938.06,20.8403,48,PERSONAL,Personal Loan,39840.49,1071189.12,Employed,Public Sector,0.9736,0.4463,39.1,0.26,1,1,2025-04-09,7
1698,5872,0,857696.47,23.6267,12,PERSONAL,Personal Loan,88361.82,2119741.56,Employed,Finance,0.4046,0.5002,52.4,0.03,1,1,2025-11-16,1
1699,5883,1,717571.70,21.3183,36,PERSONAL,Personal Loan,32680.39,2809295.88,Employed,Finance,0.2554,0.1396,46.9,0.13,1,1,2025-07-04,5
1700,5888,0,6002585.63,12.8930,180,MORTGAGE,Mortgage,97840.48,1844202.48,Self-employed,Manufacturing,3.2548,0.6366,41.2,0.10,1,1,2025-08-08,4
1701,5890,0,6470750.12,13.2444,120,MORTGAGE,Mortgage,125340.59,1871602.80,Employed,Retail,3.4573,0.8036,34.1,0.07,1,1,2025-07-23,5
1703,5901,0,1053381.74,22.4321,36,PERSONAL,Personal Loan,48951.91,1824058.20,Employed,Healthcare,0.5775,0.3220,57.8,0.08,1,1,2025-07-02,5
1704,5902,1,8426908.36,13.4055,240,MORTGAGE,Mortgage,129251.22,746232.12,Employed,Professional Services,11.2926,2.0785,28.1,0.11,1,1,2025-02-23,10
1705,5906,0,1150236.07,21.9858,12,PERSONAL,Personal Loan,116927.06,1637635.80,Employed,Tech,0.7024,0.8568,41.4,0.21,1,1,2025-04-13,8
1706,5906,0,5986375.27,12.2655,180,MORTGAGE,Mortgage,94445.88,1637635.80,Employed,Tech,3.6555,0.6921,41.4,0.15,1,1,2025-03-23,9
1707,5916,0,211070.32,18.8992,36,PERSONAL,Personal Loan,9187.28,3642821.64,Employed,Public Sector,0.0579,0.0303,48.1,0.21,2,1,2025-03-26,9
1708,5919,1,2612593.36,13.4390,120,MORTGAGE,Mortgage,51030.48,4687811.76,Employed,Education,0.5573,0.1306,40.8,0.11,1,1,2025-07-02,5
1709,5923,0,335650.57,18.8123,48,PERSONAL,Personal Loan,12254.69,503727.72,Retired,,0.6663,0.2919,72.7,0.38,1,1,2025-05-21,7
1710,5925,1,2049335.63,14.7645,300,MORTGAGE,Mortgage,32045.63,1294651.08,Employed,Retail,1.5829,0.2970,34.2,0.12,2,1,2025-08-05,4
1711,5926,0,526071.83,18.6930,12,PERSONAL,Personal Loan,52034.20,1219017.36,Employed,Tech,0.4316,0.5122,36.6,0.04,2,1,2025-11-15,1
1712,5929,0,2211320.39,12.0271,300,MORTGAGE,Mortgage,29534.21,2086385.16,Employed,Healthcare,1.0599,0.1699,26.4,0.10,1,1,2025-10-04,2
1713,5942,0,1035177.04,17.9424,60,PERSONAL,Personal Loan,32730.92,2169622.56,Employed,Transport,0.4771,0.1810,48.7,0.03,1,1,2025-09-09,3
1714,5951,1,983192.36,18.6159,60,PERSONAL,Personal Loan,31639.05,873802.80,Employed,Hospitality,1.1252,0.4345,34.9,0.27,1,1,2025-04-25,8
1715,5952,0,5241599.91,10.3415,120,MORTGAGE,Mortgage,88851.67,3631108.32,Self-employed,Construction,1.4435,0.2936,49.9,0.12,1,1,2025-07-10,5
1716,5954,0,9473983.90,11.5614,180,MORTGAGE,Mortgage,143910.34,4765586.40,Employed,Construction,1.9880,0.3624,38.0,0.13,1,1,2025-07-16,5
1718,5959,0,357077.27,17.0033,36,PERSONAL,Personal Loan,14978.39,2254141.80,Employed,Tech,0.1584,0.0797,57.7,0.33,1,1,2025-05-11,7
1719,5959,0,8062642.48,13.6661,120,MORTGAGE,Mortgage,159009.42,2254141.80,Employed,Tech,3.5768,0.8465,57.5,0.10,1,1,2025-02-16,9
1720,5961,1,7649812.93,13.3840,240,MORTGAGE,Mortgage,117195.13,1434794.64,Self-employed,Construction,5.3316,0.9802,51.7,0.12,1,1,2025-04-18,8
1722,5964,0,860956.78,23.0677,60,PERSONAL,Personal Loan,30899.52,4454537.40,Employed,Healthcare,0.1933,0.0832,32.5,0.04,2,1,2025-08-22,4
1723,5964,0,5405512.00,11.0797,300,MORTGAGE,Mortgage,67927.92,4454537.40,Employed,Healthcare,1.2135,0.1830,32.7,0.15,3,1,2025-10-02,2
1724,5976,0,898188.27,22.1989,36,PERSONAL,Personal Loan,41565.33,4700252.40,Employed,Retail,0.1911,0.1061,61.3,0.33,2,1,2025-05-07,7
1725,5976,0,4649909.63,10.0216,300,MORTGAGE,Mortgage,54332.64,4700252.40,Employed,Retail,0.9893,0.1387,61.1,0.11,2,1,2025-02-15,10
1726,5977,0,2739024.94,14.1707,120,MORTGAGE,Mortgage,55170.13,1266478.44,Employed,Hospitality,2.1627,0.5227,57.6,0.13,1,1,2025-05-13,7
1727,5981,0,275983.53,20.8470,12,PERSONAL,Personal Loan,27793.15,579931.20,Retired,,0.4759,0.5751,71.2,0.01,1,1,2025-11-29,1
1728,5983,1,798537.56,21.0456,36,PERSONAL,Personal Loan,36186.35,1419809.88,Employed,Public Sector,0.5624,0.3058,31.9,0.01,1,1,2025-08-03,4
1729,5996,0,2994915.08,11.9820,240,MORTGAGE,Mortgage,42383.04,1676624.88,Employed,Hospitality,1.7863,0.3033,34.6,0.11,1,1,2025-06-12,6
1730,5998,0,445959.35,22.4104,24,PERSONAL,Personal Loan,26910.08,965669.52,Employed,Retail,0.4618,0.3344,40.4,0.03,1,0,2025-12-01,1
1731,6002,0,492920.02,21.5713,36,PERSONAL,Personal Loan,22552.99,2606194.44,Employed,Construction,0.1891,0.1038,40.2,0.30,1,1,2025-05-15,7
1732,6003,1,687620.19,23.7428,36,PERSONAL,Personal Loan,32705.58,1155769.68,Employed,Energy,0.5949,0.3396,27.3,0.05,1,1,2025-06-25,6
1733,6006,1,3696518.24,12.2227,120,MORTGAGE,Mortgage,68455.51,6113250.84,Employed,Hospitality,0.6047,0.1344,36.9,0.10,1,1,2025-03-26,9
1734,6033,0,507729.44,24.4103,12,PERSONAL,Personal Loan,52638.98,5302179.12,Employed,Retail,0.0958,0.1191,44.2,0.03,1,1,2025-11-30,1
1735,6036,0,250150.20,19.1977,12,PERSONAL,Personal Loan,24847.77,1402803.36,Employed,Healthcare,0.1783,0.2126,57.1,0.01,1,1,2025-01-24,11
1736,6037,1,906708.87,24.5486,48,PERSONAL,Personal Loan,37438.46,1716071.88,Employed,Energy,0.5284,0.2618,40.0,0.09,1,1,2025-06-21,6
1737,6037,1,9875950.80,14.0325,300,MORTGAGE,Mortgage,148406.74,1716071.88,Employed,Energy,5.7550,1.0378,40.0,0.13,1,1,2025-07-06,4
1738,6039,0,4182784.99,11.9936,180,MORTGAGE,Mortgage,65043.24,1690592.88,Employed,Professional Services,2.4742,0.4617,51.9,0.07,1,0,2025-10-13,2
1740,6044,0,1270277.68,22.2507,60,PERSONAL,Personal Loan,44725.10,2330410.68,Employed,Public Sector,0.5451,0.2303,59.2,0.04,1,1,2025-08-28,4
1741,6048,1,365755.71,16.2256,36,PERSONAL,Personal Loan,15105.39,1272449.28,Employed,Retail,0.2874,0.1425,46.4,0.08,1,1,2025-07-10,5
1742,6048,0,5387372.37,10.8489,240,MORTGAGE,Mortgage,71153.27,1272449.28,Employed,Retail,4.2339,0.6710,46.4,0.11,1,1,2025-07-19,5
1743,6050,1,377513.02,16.0068,60,PERSONAL,Personal Loan,11327.53,1403238.72,Employed,Energy,0.2690,0.0969,63.3,0.10,1,1,2025-05-31,7
1744,6050,0,2643248.50,10.8299,300,MORTGAGE,Mortgage,32665.93,1403238.72,Employed,Energy,1.8837,0.2793,63.2,0.03,1,1,2025-05-04,7
1745,6051,1,724691.48,17.7904,12,PERSONAL,Personal Loan,71134.75,1694974.56,Employed,Tech,0.4276,0.5036,50.5,0.04,2,1,2025-06-04,6
1746,6063,0,1072728.47,16.1365,12,PERSONAL,Personal Loan,103819.11,1793507.04,Employed,Transport,0.5981,0.6946,56.6,0.02,1,1,2025-07-14,5
1749,6079,0,713473.82,17.3850,48,PERSONAL,Personal Loan,25200.49,1856877.96,Employed,Finance,0.3842,0.1629,29.2,0.01,1,1,2025-11-12,1
1750,6087,1,3502188.70,11.2998,120,MORTGAGE,Mortgage,62163.27,857952.24,Employed,Healthcare,4.0820,0.8695,50.3,0.12,1,1,2025-04-14,8
1751,6088,0,143762.34,22.7351,12,PERSONAL,Personal Loan,14703.90,1427250.84,Employed,Hospitality,0.1007,0.1236,62.8,0.05,1,1,2025-07-09,5
1752,6089,0,9656806.64,12.9311,240,MORTGAGE,Mortgage,144297.64,3935701.92,Employed,Education,2.4536,0.4400,60.6,0.04,1,0,2025-04-20,8
1753,6091,0,1051970.66,18.9686,48,PERSONAL,Personal Loan,38544.73,2065586.76,Employed,Transport,0.5093,0.2239,63.1,0.05,1,1,2025-07-12,5
1755,6097,0,355257.82,16.6676,36,PERSONAL,Personal Loan,14802.69,2046432.24,Employed,Manufacturing,0.1736,0.0868,62.5,0.04,1,1,2025-09-28,3
1756,6102,1,225692.46,23.9473,24,PERSONAL,Personal Loan,13907.79,790469.28,Student,,0.2855,0.2111,22.8,0.10,1,1,2025-05-17,7
1757,6109,0,424274.24,24.5401,12,PERSONAL,Personal Loan,44032.63,1618675.56,Employed,Transport,0.2621,0.3264,45.3,0.27,2,1,2025-06-21,6
1758,6112,0,701488.93,17.9889,60,PERSONAL,Personal Loan,22207.33,890784.36,Employed,Manufacturing,0.7875,0.2992,57.3,0.11,1,1,2025-06-28,6
1759,6113,0,4265386.13,14.5406,300,MORTGAGE,Mortgage,65902.35,4045374.84,Employed,Hospitality,1.0544,0.1955,37.8,0.12,1,0,2025-09-14,3
1760,6115,0,4941809.61,10.3991,120,MORTGAGE,Mortgage,84007.06,1723502.16,Employed,Education,2.8673,0.5849,48.6,0.12,1,1,2025-04-26,8
1761,6116,0,490861.19,19.5622,24,PERSONAL,Personal Loan,28454.49,1963254.36,Employed,Energy,0.2500,0.1739,41.8,0.13,2,1,2025-03-20,9
1762,6116,0,5705403.16,10.9804,300,MORTGAGE,Mortgage,71224.35,1963254.36,Employed,Energy,2.9061,0.4353,41.7,0.08,1,1,2025-03-02,9
1763,6118,0,326566.02,22.0671,24,PERSONAL,Personal Loan,19612.22,1581788.52,Employed,Hospitality,0.2065,0.1488,54.9,0.18,1,1,2025-07-03,5
1764,6120,0,912378.06,22.9231,60,PERSONAL,Personal Loan,32635.08,2875731.00,Employed,Finance,0.3173,0.1362,41.2,0.11,1,1,2025-06-24,6
1765,6121,0,1265600.73,20.5252,24,PERSONAL,Personal Loan,74380.62,4011199.68,Employed,Public Sector,0.3155,0.2225,44.2,0.24,2,1,2025-07-10,5
1766,6122,1,125426.34,18.5861,36,PERSONAL,Personal Loan,5426.72,1488131.52,Employed,Healthcare,0.0843,0.0438,43.4,0.05,1,1,2025-07-11,5
1767,6124,0,4136383.47,11.8218,300,MORTGAGE,Mortgage,54537.53,1612336.56,Employed,Construction,2.5655,0.4059,41.6,0.11,1,1,2025-06-11,6
1768,6130,0,176670.53,17.2210,24,PERSONAL,Personal Loan,9896.64,1136055.84,Employed,Education,0.1555,0.1045,42.6,0.49,2,1,2025-07-09,5
1769,6132,0,1143548.25,18.2931,12,PERSONAL,Personal Loan,112728.22,1530069.60,Employed,Manufacturing,0.7474,0.8841,53.0,0.18,2,1,2025-04-22,8
1770,6142,0,531527.22,18.2801,24,PERSONAL,Personal Loan,30243.94,1496625.36,Employed,Hospitality,0.3552,0.2425,31.0,0.26,1,1,2025-07-02,5
1771,6145,0,8209914.76,13.7116,120,MORTGAGE,Mortgage,162225.18,2373570.48,Employed,Tech,3.4589,0.8202,58.7,0.03,1,1,2025-10-10,2
1772,6148,1,274486.75,21.5342,48,PERSONAL,Personal Loan,10644.18,2291910.00,Employed,Construction,0.1198,0.0557,36.7,0.33,1,1,2025-06-23,6
1773,6148,0,5534337.96,11.5929,180,MORTGAGE,Mortgage,84212.18,2291910.00,Employed,Construction,2.4147,0.4409,36.4,0.08,1,1,2025-03-24,9
1774,6151,0,4997944.75,11.9156,120,MORTGAGE,Mortgage,91277.46,1755087.24,Employed,Public Sector,2.8477,0.6241,44.8,0.11,1,1,2025-03-15,9
1775,6152,0,195431.19,21.8248,48,PERSONAL,Personal Loan,7625.86,705280.20,Retired,,0.2771,0.1298,61.5,0.03,1,1,2025-09-07,3
1776,6153,0,965370.14,21.8472,24,PERSONAL,Personal Loan,57799.28,616331.52,Employed,Professional Services,1.5663,1.1254,33.5,0.02,1,1,2025-02-21,10
1777,6154,0,433538.40,20.0506,24,PERSONAL,Personal Loan,25308.02,1031993.40,Employed,Retail,0.4201,0.2943,65.0,0.02,1,1,2025-10-04,2
1778,6154,0,5154514.41,13.0420,180,MORTGAGE,Mortgage,84657.17,1031993.40,Employed,Retail,4.9947,0.9844,65.0,0.10,1,1,2025-11-02,1
1779,6156,0,818988.14,18.2084,60,PERSONAL,Personal Loan,26076.86,1807618.56,Employed,Public Sector,0.4531,0.1731,36.3,0.02,1,1,2025-09-17,3
1780,6158,0,1426839.05,20.3065,24,PERSONAL,Personal Loan,83596.72,2717289.00,Self-employed,Healthcare,0.5251,0.3692,40.9,0.02,1,1,2025-11-06,1
1781,6164,0,2551151.96,12.3737,120,MORTGAGE,Mortgage,47565.59,2887319.28,Employed,Healthcare,0.8836,0.1977,63.0,0.10,1,1,2025-09-05,3
1782,6167,0,125212.11,20.7035,48,PERSONAL,Personal Loan,4768.86,385828.92,Student,,0.3245,0.1483,20.3,0.02,1,1,2025-07-20,5
1783,6186,0,1205830.32,17.7234,48,PERSONAL,Personal Loan,42930.98,5028809.16,Employed,Healthcare,0.2398,0.1024,39.8,0.11,1,1,2025-06-13,6
1784,6190,0,1055992.52,21.3314,36,PERSONAL,Personal Loan,48104.62,2109834.24,Employed,Retail,0.5005,0.2736,46.7,0.07,1,1,2025-07-02,5
1785,6192,0,2414977.26,14.7975,240,MORTGAGE,Mortgage,39842.09,4069407.60,Self-employed,Professional Services,0.5934,0.1175,54.4,0.08,2,1,2025-04-23,8
1788,6199,0,5159624.54,12.3640,240,MORTGAGE,Mortgage,74659.77,1122827.76,Employed,Energy,4.5952,0.7979,34.8,0.11,1,1,2025-09-26,3
1789,6203,0,962887.54,20.5217,24,PERSONAL,Personal Loan,56587.06,1206713.16,Employed,Education,0.7979,0.5627,51.6,0.38,2,1,2025-06-23,6
1790,6203,0,3164904.16,11.0327,300,MORTGAGE,Mortgage,39647.55,1206713.16,Employed,Education,2.6227,0.3943,51.3,0.05,1,1,2025-02-26,10
1791,6204,0,886122.32,17.8095,24,PERSONAL,Personal Loan,50072.93,2693483.52,Self-employed,Transport,0.3290,0.2231,51.9,0.03,1,1,2025-08-28,4
1792,6207,1,987402.00,17.8136,24,PERSONAL,Personal Loan,55799.40,2396698.44,Employed,Finance,0.4120,0.2794,52.7,0.19,1,1,2025-06-05,6
1793,6207,0,2967039.30,10.7642,240,MORTGAGE,Mortgage,38977.50,2396698.44,Employed,Finance,1.2380,0.1952,52.6,0.06,1,1,2025-04-19,8
1794,6209,1,702305.67,22.8783,12,PERSONAL,Personal Loan,71915.11,4149135.72,Self-employed,Retail,0.1693,0.2080,55.4,0.12,2,1,2025-06-17,6
1796,6218,0,998152.31,19.0242,60,PERSONAL,Personal Loan,32460.08,1764299.28,Employed,Manufacturing,0.5657,0.2208,45.0,0.14,1,1,2025-06-29,6
1797,6223,1,797412.32,16.2038,60,PERSONAL,Personal Loan,24057.80,2847026.16,Employed,Tech,0.2801,0.1014,39.9,0.07,1,1,2025-06-04,6
1798,6223,0,7739851.34,12.5943,180,MORTGAGE,Mortgage,124230.85,2847026.16,Employed,Tech,2.7186,0.5236,39.9,0.11,1,1,2025-06-18,6
1799,6229,0,4232346.47,14.5364,300,MORTGAGE,Mortgage,65377.06,2630194.20,Employed,Manufacturing,1.6091,0.2983,47.5,0.10,1,1,2025-05-08,7
1802,6239,0,972150.21,16.5053,24,PERSONAL,Personal Loan,53877.62,2368375.56,Employed,Professional Services,0.4105,0.2730,45.7,0.10,1,1,2025-03-25,9
1804,6245,0,674804.17,16.5594,60,PERSONAL,Personal Loan,20558.70,1829535.24,Employed,Transport,0.3688,0.1348,26.5,0.02,1,1,2025-09-29,3
1805,6247,1,931015.37,19.3757,12,PERSONAL,Personal Loan,92617.18,1466665.68,Employed,Public Sector,0.6348,0.7578,36.2,0.04,1,1,2025-06-17,6
1806,6248,0,1202423.13,16.7191,36,PERSONAL,Personal Loan,50153.50,5931238.56,Employed,Professional Services,0.2027,0.1015,43.1,0.30,1,1,2025-04-29,8
1807,6250,1,488304.32,20.3328,36,PERSONAL,Personal Loan,21837.84,1945288.44,Employed,Professional Services,0.2510,0.1347,49.2,0.20,1,1,2025-06-07,6
1809,6254,0,921002.28,17.9303,60,PERSONAL,Personal Loan,29111.58,2413686.24,Self-employed,Public Sector,0.3816,0.1447,56.2,0.28,1,1,2025-04-29,8
1810,6254,0,8819444.19,11.0302,120,MORTGAGE,Mortgage,154562.23,2413686.24,Self-employed,Public Sector,3.6539,0.7684,56.0,0.10,1,1,2025-02-25,10
1811,6259,0,1496490.15,18.7192,48,PERSONAL,Personal Loan,54521.13,2050146.72,Self-employed,Transport,0.7299,0.3191,49.0,0.04,1,1,2025-06-19,6
1812,6267,1,1119918.52,23.2980,12,PERSONAL,Personal Loan,115069.76,4052400.72,Self-employed,Healthcare,0.2764,0.3407,63.2,0.04,1,1,2025-01-25,10
1813,6268,0,954618.55,22.3338,12,PERSONAL,Personal Loan,97318.43,1065039.24,Self-employed,Healthcare,0.8963,1.0965,39.4,0.03,1,1,2025-09-20,3
1814,6268,0,3558458.02,12.8287,240,MORTGAGE,Mortgage,52868.90,1065039.24,Self-employed,Healthcare,3.3412,0.5957,39.5,0.05,1,1,2025-09-29,3
1815,6272,0,337091.18,23.4927,48,PERSONAL,Personal Loan,13622.05,1145165.16,Employed,Manufacturing,0.2944,0.1427,27.7,0.02,1,1,2025-08-23,4
1816,6279,0,4283422.86,11.5732,120,MORTGAGE,Mortgage,77005.95,4752175.20,Employed,Professional Services,0.9014,0.1945,49.2,0.12,2,1,2025-03-25,9
1817,6285,0,1140377.45,19.7402,24,PERSONAL,Personal Loan,66275.13,1565025.12,Employed,Retail,0.7287,0.5082,55.3,0.02,1,1,2025-10-07,2
1818,6289,0,749766.60,19.6498,36,PERSONAL,Personal Loan,33104.15,1348630.08,Employed,Construction,0.5559,0.2946,60.5,0.01,1,1,2025-11-30,1
1819,6300,0,1179665.70,18.5910,12,PERSONAL,Personal Loan,116581.45,759972.00,Employed,Manufacturing,1.5522,1.8408,52.6,0.03,1,1,2025-10-02,2
1820,6300,0,5624442.79,10.5312,180,MORTGAGE,Mortgage,80607.01,759972.00,Employed,Manufacturing,7.4009,1.2728,52.6,0.09,1,1,2025-10-24,2
1821,6302,0,737847.89,17.2524,36,PERSONAL,Personal Loan,31103.81,3575053.68,Employed,Manufacturing,0.2064,0.1044,51.3,0.03,1,1,2025-11-17,1
1822,6303,0,243878.22,22.3620,36,PERSONAL,Personal Loan,11319.07,6353623.32,Employed,Hospitality,0.0384,0.0214,45.9,0.02,1,1,2025-09-02,3
1823,6304,0,889651.02,22.7064,24,PERSONAL,Personal Loan,53902.77,6040946.28,Employed,Retail,0.1473,0.1071,53.2,0.04,1,1,2025-02-09,10
1824,6305,1,216794.29,21.4787,24,PERSONAL,Personal Loan,12913.48,899576.04,Employed,Public Sector,0.2410,0.1723,23.8,0.06,1,1,2025-04-05,8
1825,6309,0,442245.35,20.3002,24,PERSONAL,Personal Loan,25908.28,1570716.96,Employed,Tech,0.2816,0.1979,57.6,0.07,1,1,2025-05-31,7
1826,6310,0,162830.87,22.7768,24,PERSONAL,Personal Loan,9875.26,3117165.00,Self-employed,Retail,0.0522,0.0380,45.4,0.02,1,1,2025-11-16,1
1827,6313,0,451866.91,20.8875,24,PERSONAL,Personal Loan,26693.10,5846735.16,Employed,Construction,0.0773,0.0548,41.2,0.02,1,1,2025-07-12,5
1828,6314,0,512038.10,18.3713,12,PERSONAL,Personal Loan,50508.85,2767792.80,Self-employed,Transport,0.1850,0.2190,57.1,0.06,1,1,2025-06-28,6
1829,6319,0,237644.65,22.1751,24,PERSONAL,Personal Loan,14293.36,4816828.20,Employed,Public Sector,0.0493,0.0356,43.3,0.02,1,1,2025-08-30,4
1830,6320,0,9485809.07,13.5164,240,MORTGAGE,Mortgage,146369.20,3110194.44,Self-employed,Education,3.0499,0.5647,42.5,0.05,1,1,2025-06-06,6
1831,6321,0,4074609.35,10.5429,240,MORTGAGE,Mortgage,52776.04,2664145.32,Self-employed,Energy,1.5294,0.2377,58.8,0.03,1,1,2025-07-08,5
1833,6329,0,393273.30,19.8111,24,PERSONAL,Personal Loan,22879.03,1389706.80,Employed,Tech,0.2830,0.1976,32.4,0.04,1,1,2025-08-11,4
1834,6331,0,265233.04,20.3739,36,PERSONAL,Personal Loan,11870.78,683399.64,Student,,0.3881,0.2084,22.2,0.13,1,1,2025-03-25,9
1837,6345,0,8100770.84,11.7958,300,MORTGAGE,Mortgage,106631.80,3933750.48,Self-employed,Retail,2.0593,0.3253,46.5,0.10,1,1,2025-05-20,7
1838,6348,0,6838682.37,14.6224,240,MORTGAGE,Mortgage,111826.13,970273.44,Employed,Manufacturing,7.0482,1.3830,45.2,0.10,1,1,2025-10-18,2
1839,6354,0,166405.39,21.5537,48,PERSONAL,Personal Loan,6455.66,1149433.68,Employed,Construction,0.1448,0.0674,23.9,0.36,1,1,2025-06-15,6
1840,6357,0,845619.33,21.6763,48,PERSONAL,Personal Loan,32891.98,1019420.16,Employed,Education,0.8295,0.3872,47.5,0.02,1,1,2025-10-06,2
1842,6368,1,851424.78,20.4464,36,PERSONAL,Personal Loan,38157.83,1241321.28,Employed,Retail,0.6859,0.3689,31.7,0.11,1,1,2025-06-15,6
1843,6369,0,453922.06,24.7519,12,PERSONAL,Personal Loan,47189.70,2551387.32,Employed,Manufacturing,0.1779,0.2219,33.7,0.02,1,1,2025-10-16,1
1844,6371,0,2655748.67,13.8506,120,MORTGAGE,Mortgage,52784.33,1817697.72,Employed,Transport,1.4611,0.3485,32.2,0.08,1,1,2025-03-02,9
1845,6377,0,9031716.95,12.6880,180,MORTGAGE,Mortgage,145671.56,1816774.20,Employed,Tech,4.9713,0.9622,57.9,0.11,1,1,2025-08-08,4
1846,6387,0,985373.33,20.1323,24,PERSONAL,Personal Loan,57588.75,632895.96,Employed,Public Sector,1.5569,1.0919,53.2,0.02,1,1,2025-09-04,3
1847,6392,0,3903113.23,14.6244,180,MORTGAGE,Mortgage,69251.20,4645027.44,Employed,Professional Services,0.8403,0.1789,42.6,0.10,2,1,2025-09-02,3
1851,6411,0,2827014.55,14.8317,240,MORTGAGE,Mortgage,46720.42,3624330.48,Employed,Manufacturing,0.7800,0.1547,59.6,0.14,2,1,2025-06-08,6
1852,6424,0,935857.32,20.5818,48,PERSONAL,Personal Loan,35548.38,6380564.28,Employed,Energy,0.1467,0.0669,34.0,0.03,1,0,2025-07-08,5
1853,6429,0,511438.54,24.4795,24,PERSONAL,Personal Loan,31743.07,5117147.64,Employed,Education,0.0999,0.0744,32.3,0.01,1,1,2025-11-18,1
1855,6439,0,5843818.57,12.8793,120,MORTGAGE,Mortgage,111418.73,2474940.48,Employed,Healthcare,2.3612,0.5402,46.6,0.11,1,1,2025-07-16,5
1857,6445,0,215000.48,24.8371,24,PERSONAL,Personal Loan,13408.34,2101695.48,Employed,Tech,0.1023,0.0766,65.1,0.32,1,1,2025-07-12,5
1858,6446,1,3109907.87,12.1167,240,MORTGAGE,Mortgage,44359.47,1581495.24,Employed,Tech,1.9664,0.3366,28.8,0.08,1,1,2025-02-07,10
1859,6464,0,758905.42,24.9962,24,PERSONAL,Personal Loan,47429.19,1351761.96,Employed,Education,0.5614,0.4210,45.8,0.12,1,1,2025-06-19,6
1860,6469,0,213384.13,21.6640,60,PERSONAL,Personal Loan,7408.70,1368079.92,Employed,Energy,0.1560,0.0650,26.0,0.02,1,1,2025-10-10,2
1861,6471,0,549775.99,16.4723,36,PERSONAL,Personal Loan,22818.28,2246492.88,Employed,Professional Services,0.2447,0.1219,59.7,0.07,1,1,2025-06-03,6
1862,6471,0,3242711.65,11.9545,240,MORTGAGE,Mortgage,45815.46,2246492.88,Employed,Professional Services,1.4435,0.2447,59.7,0.05,1,1,2025-05-25,7
1863,6476,0,443076.47,16.9892,36,PERSONAL,Personal Loan,18580.61,1353423.36,Employed,Energy,0.3274,0.1647,30.2,0.11,1,1,2025-05-31,7
1864,6478,1,362596.32,24.2852,24,PERSONAL,Personal Loan,22446.28,1695227.64,Employed,Energy,0.2139,0.1589,58.8,0.01,1,1,2025-09-21,3
1865,6480,1,774897.52,19.9730,36,PERSONAL,Personal Loan,34422.45,1501545.84,Employed,Retail,0.5161,0.2751,32.7,0.02,1,1,2025-12-01,1
1867,6481,0,8736820.27,10.9629,120,MORTGAGE,Mortgage,152624.24,3650451.24,Employed,Manufacturing,2.3934,0.5017,45.6,0.12,2,1,2025-04-15,8
1868,6485,0,3808329.18,13.9259,240,MORTGAGE,Mortgage,60063.38,1462082.52,Employed,Retail,2.6047,0.4930,34.5,0.08,1,1,2025-05-30,6
1869,6486,0,389811.11,21.5942,48,PERSONAL,Personal Loan,15135.78,1924159.20,Employed,Tech,0.2026,0.0944,48.4,0.03,1,1,2025-11-23,1
1870,6489,0,264489.14,23.1381,12,PERSONAL,Personal Loan,27140.58,2221933.44,Employed,Healthcare,0.1190,0.1466,37.9,0.02,1,1,2025-10-17,2
1871,6489,0,3734046.24,10.7065,180,MORTGAGE,Mortgage,54060.17,2221933.44,Employed,Healthcare,1.6805,0.2920,37.9,0.03,1,1,2025-10-18,2
1872,6501,1,9980470.05,13.4725,180,MORTGAGE,Mortgage,167498.62,536733.84,Student,,18.5948,3.7448,20.5,0.09,1,1,2025-02-21,10
1873,6506,0,635615.08,17.8032,60,PERSONAL,Personal Loan,20023.57,1525845.12,Employed,Energy,0.4166,0.1575,46.6,0.15,1,1,2025-06-30,6
1874,6506,0,5690054.28,13.9630,240,MORTGAGE,Mortgage,89917.08,1525845.12,Employed,Energy,3.7291,0.7072,46.5,0.13,1,1,2025-06-22,6
1877,6519,0,807932.33,24.0734,36,PERSONAL,Personal Loan,38650.63,1712486.52,Employed,Professional Services,0.4718,0.2708,36.1,0.07,1,1,2025-05-12,7
1878,6520,0,5051309.24,12.8554,300,MORTGAGE,Mortgage,70951.53,4074212.88,Self-employed,Professional Services,1.2398,0.2090,55.6,0.15,1,1,2025-07-18,5
1879,6521,0,835977.68,20.7859,48,PERSONAL,Personal Loan,31896.66,3508491.24,Employed,Education,0.2383,0.1091,48.5,0.02,1,1,2025-10-01,3
1881,6533,0,1322733.62,19.5274,60,PERSONAL,Personal Loan,43570.18,3814417.68,Employed,Professional Services,0.3468,0.1371,64.0,0.17,1,1,2025-04-14,8
1882,6534,0,967110.85,19.1293,60,PERSONAL,Personal Loan,31535.31,2514259.68,Employed,Energy,0.3847,0.1505,53.4,0.03,1,1,2025-06-24,6
1883,6541,0,1133723.69,18.3066,24,PERSONAL,Personal Loan,64534.01,1582000.20,Employed,Education,0.7166,0.4895,55.5,0.11,1,1,2025-02-18,10
1884,6543,0,1290679.05,24.9306,24,PERSONAL,Personal Loan,80592.80,0.00,Self-employed,Construction,,,63.2,0.45,1,1,2025-06-28,6
1885,6548,0,6456852.44,14.3917,120,MORTGAGE,Mortgage,131244.67,1072735.80,Employed,Education,6.0191,1.4681,38.4,0.13,1,1,2025-03-19,9
1886,6551,1,728187.22,18.6138,12,PERSONAL,Personal Loan,71977.54,1235712.24,Employed,Transport,0.5893,0.6990,30.1,0.07,1,1,2025-06-30,6
1887,6552,0,283173.11,17.9510,36,PERSONAL,Personal Loan,12101.95,587154.72,Student,,0.4823,0.2473,30.0,0.10,1,1,2025-07-12,4
1888,6553,0,1493351.74,19.8068,36,PERSONAL,Personal Loan,66130.76,3875525.28,Self-employed,Transport,0.3853,0.2048,60.7,0.04,1,1,2025-07-17,5
1889,6554,1,491920.25,21.3447,36,PERSONAL,Personal Loan,22414.36,2870534.04,Employed,Transport,0.1714,0.0937,30.0,0.01,1,1,2025-08-25,4
1890,6555,0,547313.93,18.7181,48,PERSONAL,Personal Loan,19939.60,2315030.52,Employed,Healthcare,0.2364,0.1034,35.8,0.02,1,1,2025-04-21,8
1891,6555,0,4102948.02,10.6129,240,MORTGAGE,Mortgage,53382.43,2315030.52,Employed,Healthcare,1.7723,0.2767,35.8,0.11,1,1,2025-05-22,7
1892,6564,1,761655.34,20.0686,60,PERSONAL,Personal Loan,25432.05,2465457.48,Employed,Transport,0.3089,0.1238,48.7,0.21,1,1,2025-05-23,7
1893,6564,1,2529181.27,13.9500,120,MORTGAGE,Mortgage,50478.24,2465457.48,Employed,Transport,1.0258,0.2457,48.7,0.13,1,1,2025-04-22,8
1894,6566,1,3428764.39,14.2798,180,MORTGAGE,Mortgage,59850.42,1477635.12,Employed,Energy,2.3204,0.4861,64.4,0.05,1,1,2025-07-02,5
1895,6578,0,1039594.99,21.3588,60,PERSONAL,Personal Loan,35830.33,1732097.04,Employed,Tech,0.6002,0.2482,42.5,0.10,1,1,2025-07-09,5
1896,6579,0,1102592.82,23.8018,12,PERSONAL,Personal Loan,113752.48,5166629.04,Employed,Professional Services,0.2134,0.2642,58.0,0.23,2,1,2025-04-01,9
1897,6580,0,7645493.46,12.7632,120,MORTGAGE,Mortgage,145029.91,2202852.96,Employed,Retail,3.4707,0.7900,36.3,0.04,1,0,2025-10-08,2
1898,6584,0,606350.34,24.2948,36,PERSONAL,Personal Loan,29119.03,4304095.20,Employed,Education,0.1409,0.0812,36.7,0.21,1,1,2025-04-20,8
1900,6588,0,456712.81,23.5187,60,PERSONAL,Personal Loan,16562.96,2884575.48,Employed,Professional Services,0.1583,0.0689,44.9,0.06,1,1,2025-06-17,6
1901,6592,1,2918532.29,12.8815,120,MORTGAGE,Mortgage,55650.33,1618679.52,Employed,Manufacturing,1.8030,0.4126,50.5,0.04,1,1,2025-01-27,11
1902,6594,1,1126554.39,22.2776,60,PERSONAL,Personal Loan,39690.01,1366145.52,Employed,Finance,0.8246,0.3486,64.2,0.02,1,1,2025-08-16,4
1904,6599,0,687662.73,21.0059,48,PERSONAL,Personal Loan,26363.79,1267322.16,Employed,Transport,0.5426,0.2496,54.8,0.23,1,1,2025-07-02,5
1905,6610,0,325018.79,16.9518,12,PERSONAL,Personal Loan,31676.28,2206722.60,Employed,Manufacturing,0.1473,0.1723,34.3,0.29,2,1,2025-04-27,8
1906,6610,1,4780724.88,13.1142,300,MORTGAGE,Mortgage,68181.90,2206722.60,Employed,Manufacturing,2.1664,0.3708,34.1,0.07,1,1,2025-02-04,10
1907,6623,0,866816.77,20.4658,24,PERSONAL,Personal Loan,50900.78,2273367.12,Employed,Professional Services,0.3813,0.2687,55.0,0.08,1,1,2025-06-19,6
1908,6630,1,263788.35,19.3214,24,PERSONAL,Personal Loan,15238.48,1304223.36,Employed,Manufacturing,0.2023,0.1402,31.8,0.04,1,1,2025-06-18,6
1909,6631,0,878316.19,21.4955,48,PERSONAL,Personal Loan,34031.46,2107669.80,Employed,Transport,0.4167,0.1938,39.8,0.01,1,1,2025-08-04,4
1910,6632,0,633099.61,24.5375,24,PERSONAL,Personal Loan,39324.72,1624944.48,Employed,Energy,0.3896,0.2904,32.2,0.03,1,1,2025-07-19,5
1911,6634,1,6068793.58,11.0959,180,MORTGAGE,Mortgage,89831.13,4162456.68,Self-employed,Finance,1.4580,0.2590,42.5,0.16,1,1,2025-08-05,4
1913,6647,0,961798.26,20.5264,24,PERSONAL,Personal Loan,56526.81,3551469.84,Employed,Professional Services,0.2708,0.1910,38.5,0.04,1,1,2025-06-30,5
1914,6650,0,584394.93,20.2796,12,PERSONAL,Personal Loan,58575.66,1167211.08,Employed,Construction,0.5007,0.6022,62.5,0.20,1,1,2025-06-22,6
1915,6653,0,173386.50,19.7300,60,PERSONAL,Personal Loan,5740.54,1995722.88,Employed,Energy,0.0869,0.0345,43.8,0.09,2,1,2025-03-19,9
1916,6653,0,5431605.47,10.4319,240,MORTGAGE,Mortgage,69849.99,1995722.88,Employed,Energy,2.7216,0.4200,43.9,0.16,2,1,2025-04-13,8
1917,6659,0,5578070.69,13.2028,240,MORTGAGE,Mortgage,84613.75,1397684.28,Employed,Education,3.9909,0.7265,30.5,0.07,1,1,2025-01-31,10
1918,6660,0,3411256.84,10.6097,240,MORTGAGE,Mortgage,44373.91,3096855.12,Employed,Public Sector,1.1015,0.1719,35.8,0.11,1,1,2025-09-21,3
1919,6664,0,2745662.52,12.8183,300,MORTGAGE,Mortgage,38481.15,1747452.00,Employed,Education,1.5712,0.2643,42.8,0.12,1,1,2025-07-31,5
1920,6669,0,908777.22,24.1563,48,PERSONAL,Personal Loan,37226.77,1758830.88,Employed,Manufacturing,0.5167,0.2540,45.3,0.02,1,1,2025-09-18,3
1921,6669,0,9600139.91,13.5866,180,MORTGAGE,Mortgage,162028.49,1758830.88,Employed,Manufacturing,5.4583,1.1055,45.4,0.11,1,1,2025-10-20,2
1922,6670,0,5878232.08,12.4053,180,MORTGAGE,Mortgage,93424.54,2608315.32,Employed,Healthcare,2.2537,0.4298,40.4,0.09,1,1,2025-02-03,10
1923,6672,0,489810.83,19.9394,60,PERSONAL,Personal Loan,16302.29,1218895.80,Employed,Retail,0.4018,0.1605,23.7,0.01,1,1,2025-10-21,2
1924,6673,0,1155018.84,21.7172,36,PERSONAL,Personal Loan,52987.00,1750357.68,Employed,Construction,0.6599,0.3633,32.4,0.05,1,0,2025-06-30,5
1925,6673,0,3557386.43,11.8313,120,MORTGAGE,Mortgage,64718.64,1750357.68,Employed,Construction,2.0324,0.4437,32.4,0.06,1,0,2025-07-03,5
1926,6674,0,533254.46,17.4728,48,PERSONAL,Personal Loan,18874.01,2001993.48,Employed,Finance,0.2664,0.1131,47.3,0.07,1,1,2025-06-25,6
1928,6678,0,224146.94,16.6685,48,PERSONAL,Personal Loan,7783.22,1641910.68,Employed,Education,0.1365,0.0569,51.5,0.10,1,1,2025-06-29,6
1929,6684,0,6359830.87,13.7640,120,MORTGAGE,Mortgage,125945.85,5174871.48,Employed,Education,1.2290,0.2921,48.0,0.08,1,1,2025-04-15,8
1930,6689,0,5812990.23,13.3981,120,MORTGAGE,Mortgage,113344.11,2127749.04,Employed,Finance,2.7320,0.6392,48.7,0.07,1,1,2025-11-25,1
1932,6695,0,179373.16,18.9708,24,PERSONAL,Personal Loan,10309.59,1613709.12,Employed,Transport,0.1112,0.0767,61.8,0.21,2,1,2025-04-25,8
1933,6695,0,3244557.72,14.6982,300,MORTGAGE,Mortgage,50556.16,1613709.12,Employed,Transport,2.0106,0.3759,61.7,0.11,1,1,2025-03-19,9
1934,6697,0,3060158.82,12.0613,180,MORTGAGE,Mortgage,47758.79,1480386.96,Employed,Retail,2.0671,0.3871,54.5,0.13,1,1,2025-10-20,2
1935,6702,0,340482.56,19.0562,48,PERSONAL,Personal Loan,12500.31,708379.68,Student,,0.4806,0.2118,17.9,0.03,1,1,2025-07-27,5
1936,6703,0,515363.06,17.5469,24,PERSONAL,Personal Loan,29009.31,4469434.20,Employed,Construction,0.1153,0.0779,58.4,0.06,1,1,2025-06-25,6
1937,6703,1,3695689.53,10.7514,240,MORTGAGE,Mortgage,48510.24,4469434.20,Employed,Construction,0.8269,0.1302,58.4,0.12,1,1,2025-07-17,5
1938,6706,0,9441896.27,11.8651,120,MORTGAGE,Mortgage,172040.01,935362.20,Employed,Finance,10.0944,2.2071,42.9,0.11,2,1,2025-02-25,10
1939,6717,0,1167164.79,16.0637,36,PERSONAL,Personal Loan,48045.40,1704231.96,Self-employed,Public Sector,0.6849,0.3383,49.4,0.03,1,1,2025-05-01,8
1940,6721,0,1339921.02,17.9452,36,PERSONAL,Personal Loan,57257.65,2618238.96,Self-employed,Healthcare,0.5118,0.2624,39.6,0.04,2,1,2025-06-11,6
1942,6735,0,4724155.55,14.5876,180,MORTGAGE,Mortgage,83673.72,2117011.08,Employed,Public Sector,2.2315,0.4743,33.6,0.09,1,0,2025-05-07,7
1943,6739,0,634406.57,23.4867,24,PERSONAL,Personal Loan,38850.37,1974320.28,Employed,Energy,0.3213,0.2361,24.7,0.02,1,1,2025-11-27,1
1944,6744,0,654267.88,19.4949,12,PERSONAL,Personal Loan,65151.40,1604747.40,Employed,Retail,0.4077,0.4872,28.5,0.03,1,1,2025-07-05,5
1945,6745,0,1008422.18,23.0655,60,PERSONAL,Personal Loan,36190.17,1106247.00,Employed,Education,0.9116,0.3926,45.8,0.11,1,1,2025-03-20,9
1946,6747,0,7828101.39,12.9640,240,MORTGAGE,Mortgage,117186.68,2045540.40,Employed,Transport,3.8269,0.6875,61.2,0.07,1,1,2025-05-31,7
1947,6749,0,189784.84,23.7887,12,PERSONAL,Personal Loan,19577.68,1428732.72,Employed,Education,0.1328,0.1644,32.1,0.42,2,1,2025-06-26,5
1949,6758,1,456850.71,20.3514,24,PERSONAL,Personal Loan,26783.41,1638243.36,Employed,Healthcare,0.2789,0.1962,34.2,0.04,1,1,2025-04-20,8
1950,6762,1,473536.05,17.2376,12,PERSONAL,Personal Loan,46263.53,2009347.08,Employed,Professional Services,0.2357,0.2763,35.8,0.02,1,1,2025-11-12,1
1951,6763,1,5060884.68,11.1398,180,MORTGAGE,Mortgage,75097.06,1110184.20,Employed,Energy,4.5586,0.8117,61.7,0.13,1,1,2025-11-30,1
1952,6768,0,1391647.86,22.6922,60,PERSONAL,Personal Loan,49510.42,2467702.08,Self-employed,Retail,0.5639,0.2408,42.6,0.20,1,1,2025-05-05,7
1953,6770,0,1028580.76,16.0798,24,PERSONAL,Personal Loan,56640.34,1531808.40,Employed,Healthcare,0.6715,0.4437,32.1,0.03,1,1,2025-08-12,4
1954,6775,0,956902.80,19.2623,36,PERSONAL,Personal Loan,41940.76,1011436.68,Employed,Energy,0.9461,0.4976,56.5,0.02,1,1,2025-11-10,1
1955,6776,0,9148571.88,10.7690,240,MORTGAGE,Mortgage,120219.86,1901488.56,Employed,Construction,4.8113,0.7587,62.1,0.10,1,1,2025-02-10,10
1956,6778,1,321003.25,18.1003,60,PERSONAL,Personal Loan,10191.93,2151521.52,Employed,Energy,0.1492,0.0568,42.5,0.02,1,1,2025-07-08,5
1957,6780,0,5348588.47,12.3380,180,MORTGAGE,Mortgage,84706.78,1251604.20,Self-employed,Professional Services,4.2734,0.8121,65.0,0.05,1,1,2025-06-01,7
1958,6782,0,1047189.72,19.5420,60,PERSONAL,Personal Loan,34506.65,2422268.28,Employed,Transport,0.4323,0.1709,56.6,0.07,1,1,2025-03-30,9
1959,6783,0,322168.04,20.8984,60,PERSONAL,Personal Loan,10980.13,1538300.52,Employed,Healthcare,0.2094,0.0857,42.0,0.12,1,1,2025-05-22,7
1961,6786,1,5545786.36,13.2971,300,MORTGAGE,Mortgage,79938.35,1981754.88,Employed,Manufacturing,2.7984,0.4840,41.9,0.10,1,1,2025-11-29,1
1962,6787,0,5070047.56,11.8709,120,MORTGAGE,Mortgage,92405.42,3540934.20,Employed,Transport,1.4318,0.3132,61.8,0.09,1,1,2025-10-26,2
1964,6790,0,8356371.81,10.4857,300,MORTGAGE,Mortgage,100873.25,2045152.92,Self-employed,Manufacturing,4.0859,0.5919,61.1,0.10,1,1,2025-11-25,1
1965,6792,1,3465401.88,11.0713,120,MORTGAGE,Mortgage,60850.44,1502397.24,Employed,Construction,2.3066,0.4860,44.9,0.13,1,1,2025-11-11,1
1966,6793,0,8449503.22,12.5978,180,MORTGAGE,Mortgage,135645.98,1033506.12,Employed,Healthcare,8.1756,1.5750,53.8,0.05,1,1,2025-02-14,10
1967,6794,0,865018.10,16.3512,36,PERSONAL,Personal Loan,35815.02,1611069.12,Self-employed,Public Sector,0.5369,0.2668,32.1,0.00,1,1,2025-08-07,4
1968,6794,0,4436960.19,12.6054,300,MORTGAGE,Mortgage,61397.92,1611069.12,Self-employed,Public Sector,2.7540,0.4573,32.2,0.04,1,1,2025-08-19,4
1969,6801,0,7697232.73,11.0353,240,MORTGAGE,Mortgage,102856.20,5212685.52,Employed,Energy,1.4766,0.2368,57.7,0.13,1,1,2025-09-05,3
1970,6804,1,739079.07,19.6119,24,PERSONAL,Personal Loan,42873.92,2980545.60,Self-employed,Transport,0.2480,0.1726,51.0,0.31,1,1,2025-05-02,7
1971,6805,1,7299330.81,13.7332,240,MORTGAGE,Mortgage,113949.85,1030626.60,Employed,Education,7.0824,1.3268,50.0,0.10,1,1,2025-07-27,5
1975,6843,1,4793192.16,14.3631,300,MORTGAGE,Mortgage,73348.22,1495866.72,Employed,Hospitality,3.2043,0.5884,49.9,0.05,1,0,2025-07-16,5
1976,6846,1,8240130.45,10.9177,300,MORTGAGE,Mortgage,102436.50,5813787.36,Employed,Finance,1.4173,0.2114,36.7,0.10,1,1,2025-02-20,10
1977,6849,1,525858.41,22.6543,48,PERSONAL,Personal Loan,20882.85,4364604.60,Employed,Manufacturing,0.1205,0.0574,40.9,0.13,2,1,2025-06-18,5
1978,6849,0,4147665.23,12.8454,240,MORTGAGE,Mortgage,61680.62,4364604.60,Employed,Manufacturing,0.9503,0.1696,40.9,0.12,2,1,2025-06-15,6
1979,6850,0,202581.36,17.3278,36,PERSONAL,Personal Loan,8552.50,4202597.04,Employed,Transport,0.0482,0.0244,36.7,0.03,1,1,2025-09-07,3
1980,6850,0,7787830.76,13.3668,300,MORTGAGE,Mortgage,112708.08,4202597.04,Employed,Transport,1.8531,0.3218,36.8,0.10,3,1,2025-10-03,2
1981,6851,0,890304.01,18.3662,60,PERSONAL,Personal Loan,28464.65,2631346.56,Employed,Retail,0.3383,0.1298,57.4,0.27,1,1,2025-06-01,7
1982,6858,0,4024754.12,13.0261,300,MORTGAGE,Mortgage,57104.89,971572.68,Employed,Education,4.1425,0.7053,39.8,0.11,2,1,2025-07-01,6
1983,6869,0,920208.73,16.5381,24,PERSONAL,Personal Loan,51024.12,3869728.92,Self-employed,Transport,0.2378,0.1582,33.2,0.02,1,1,2025-11-10,1
1984,6870,0,5645610.54,13.8677,300,MORTGAGE,Mortgage,84061.73,5882755.68,Employed,Public Sector,0.9597,0.1715,35.8,0.12,1,1,2025-09-17,3
1985,6883,0,1386934.79,19.1959,48,PERSONAL,Personal Loan,51080.69,1872967.80,Self-employed,Finance,0.7405,0.3273,33.5,0.18,1,1,2025-03-30,9
1986,6884,1,5141666.32,10.0426,120,MORTGAGE,Mortgage,85876.97,1715610.72,Employed,Education,2.9970,0.6007,57.1,0.15,1,1,2025-05-06,7
1987,6888,1,397437.44,16.6323,36,PERSONAL,Personal Loan,16548.51,2119500.72,Employed,Manufacturing,0.1875,0.0937,37.4,0.03,1,1,2025-05-06,7
1988,6890,1,956156.66,17.3315,36,PERSONAL,Personal Loan,40369.60,1592212.32,Employed,Retail,0.6005,0.3043,49.9,0.08,1,1,2025-05-26,7
1989,6891,1,487151.71,17.5633,24,PERSONAL,Personal Loan,27427.98,2100100.80,Employed,Professional Services,0.2320,0.1567,29.1,0.01,1,1,2025-09-01,4
1990,6894,1,772706.20,16.4610,60,PERSONAL,Personal Loan,23478.03,2055225.48,Employed,Education,0.3760,0.1371,38.3,0.48,3,1,2025-07-04,5
1991,6907,0,316036.95,19.3086,24,PERSONAL,Personal Loan,18253.40,1453899.48,Employed,Energy,0.2174,0.1507,31.5,0.01,1,1,2025-07-26,5
1992,6908,0,366976.20,21.4792,48,PERSONAL,Personal Loan,14213.97,2614894.80,Self-employed,Public Sector,0.1403,0.0652,46.4,0.03,1,1,2025-10-30,2
1993,6909,0,4917858.46,12.8810,240,MORTGAGE,Mortgage,73280.19,2823906.60,Employed,Transport,1.7415,0.3114,57.9,0.05,1,1,2025-11-10,1
1994,6911,0,234240.36,23.6024,60,PERSONAL,Personal Loan,8511.20,406865.28,Retired,,0.5757,0.2510,72.1,0.01,1,1,2025-09-19,3
1998,6931,1,1166937.70,22.7619,36,PERSONAL,Personal Loan,54549.70,2670948.96,Employed,Manufacturing,0.4369,0.2451,35.9,0.36,2,1,2025-05-30,7
1999,6932,1,126228.72,17.1072,12,PERSONAL,Personal Loan,12318.58,2311173.84,Employed,Tech,0.0546,0.0640,63.6,0.07,1,1,2025-02-13,10
2000,6938,0,981945.18,24.3472,12,PERSONAL,Personal Loan,101751.78,1120537.08,Employed,Construction,0.8763,1.0897,46.4,0.31,1,1,2025-06-22,5
2001,6942,1,442812.72,24.0124,48,PERSONAL,Personal Loan,18086.10,2563575.72,Employed,Construction,0.1727,0.0847,32.4,0.03,1,1,2025-07-27,5
2002,6947,0,278052.85,22.7574,36,PERSONAL,Personal Loan,12996.82,777789.84,Student,,0.3575,0.2005,20.8,0.03,1,0,2025-10-24,2
2003,6948,0,684277.19,23.7169,12,PERSONAL,Personal Loan,70547.21,1956552.00,Employed,Manufacturing,0.3497,0.4327,54.3,0.10,1,1,2025-06-25,6
2004,6955,1,1118190.16,18.0696,36,PERSONAL,Personal Loan,47898.55,871777.56,Employed,Finance,1.2827,0.6593,25.4,0.02,1,1,2025-09-04,3
2005,6956,0,986338.83,19.4698,48,PERSONAL,Personal Loan,36551.91,5707614.48,Employed,Education,0.1728,0.0768,64.4,0.01,1,1,2025-11-08,1
2006,6956,0,7131142.22,13.2352,180,MORTGAGE,Mortgage,118269.20,5707614.48,Employed,Education,1.2494,0.2487,64.4,0.07,1,1,2025-11-30,1
2008,6963,0,833298.60,16.0593,24,PERSONAL,Personal Loan,45872.60,1419009.48,Employed,Retail,0.5872,0.3879,40.7,0.16,1,1,2025-06-15,6
2009,6963,0,3388559.25,10.9160,300,MORTGAGE,Mortgage,42119.79,1419009.48,Employed,Retail,2.3880,0.3562,40.6,0.11,1,1,2025-05-31,7
2011,6968,1,6584488.01,11.2165,300,MORTGAGE,Mortgage,83494.05,2788505.52,Self-employed,Retail,2.3613,0.3593,34.6,0.07,1,1,2025-09-01,4
2012,6969,0,530145.25,23.3462,60,PERSONAL,Personal Loan,19149.82,4649369.52,Employed,Education,0.1140,0.0494,32.9,0.03,1,1,2025-09-26,3
2013,6969,0,4704301.81,11.8896,240,MORTGAGE,Mortgage,66211.48,4649369.52,Employed,Education,1.0118,0.1709,33.0,0.08,1,1,2025-10-14,1
2014,6970,0,181542.47,17.4953,12,PERSONAL,Personal Loan,17775.32,5435909.40,Employed,Professional Services,0.0334,0.0392,43.4,0.01,1,0,2025-08-16,4
2015,6972,1,6519452.25,12.6013,120,MORTGAGE,Mortgage,122790.08,767973.96,Employed,Professional Services,8.4892,1.9187,36.9,0.05,1,1,2025-06-28,6
2017,6979,0,528094.50,20.5967,36,PERSONAL,Personal Loan,23733.46,826023.72,Employed,Healthcare,0.6393,0.3448,38.3,0.02,1,1,2025-01-13,11
2019,6986,0,347058.46,17.2465,48,PERSONAL,Personal Loan,12218.34,1281179.04,Employed,Healthcare,0.2709,0.1144,50.2,0.09,1,1,2025-05-30,7
2021,6988,0,302893.18,23.4979,60,PERSONAL,Personal Loan,10979.35,1612761.36,Employed,Hospitality,0.1878,0.0817,30.9,0.19,1,1,2025-06-16,6
2022,6997,0,363977.44,18.2974,60,PERSONAL,Personal Loan,11616.16,6488372.16,Employed,Retail,0.0561,0.0215,45.7,0.33,1,1,2025-06-13,6
2023,7001,0,1101158.48,22.6282,60,PERSONAL,Personal Loan,39117.00,4291272.12,Employed,Construction,0.2566,0.1094,61.8,0.03,1,1,2025-09-22,3
2024,7002,0,1168520.64,23.5859,60,PERSONAL,Personal Loan,42442.52,1406669.28,Employed,Energy,0.8307,0.3621,45.8,0.01,1,1,2025-07-19,5
2026,7010,1,585351.37,19.0607,60,PERSONAL,Personal Loan,19053.53,1313502.60,Employed,Manufacturing,0.4456,0.1741,39.3,0.08,1,1,2025-04-16,8
2027,7013,1,4537005.73,11.0081,120,MORTGAGE,Mortgage,79428.23,3558054.72,Employed,Construction,1.2751,0.2679,44.4,0.05,1,1,2025-08-03,4
2029,7015,0,925317.12,22.4743,24,PERSONAL,Personal Loan,55884.76,4957349.64,Employed,Public Sector,0.1867,0.1353,36.1,0.02,2,1,2025-07-15,5
2030,7017,0,280233.94,17.3959,36,PERSONAL,Personal Loan,11846.71,818951.16,Employed,Healthcare,0.3422,0.1736,25.1,0.07,1,1,2025-05-28,6
2031,7018,0,4792184.97,12.3400,300,MORTGAGE,Mortgage,65253.59,2168728.56,Self-employed,Retail,2.2097,0.3611,33.8,0.10,1,1,2025-08-26,4
2033,7028,0,9290347.34,13.1673,300,MORTGAGE,Mortgage,132908.48,6073587.00,Employed,Hospitality,1.5296,0.2626,41.5,0.14,2,1,2025-07-05,5
2034,7031,0,362850.10,20.6524,48,PERSONAL,Personal Loan,13804.15,2067713.40,Employed,Energy,0.1755,0.0801,34.7,0.26,3,1,2025-04-26,8
2035,7032,0,690517.42,17.4350,48,PERSONAL,Personal Loan,24418.42,3413266.20,Self-employed,Construction,0.2023,0.0858,43.0,0.05,1,1,2025-07-15,5
2036,7032,0,2265550.30,11.5964,300,MORTGAGE,Mortgage,29445.36,3413266.20,Self-employed,Construction,0.6637,0.1035,43.1,0.12,1,1,2025-08-09,4
2037,7035,0,113042.27,20.7250,36,PERSONAL,Personal Loan,5092.40,3339771.24,Employed,Public Sector,0.0338,0.0183,34.4,0.03,1,1,2025-05-29,7
2038,7037,0,1196228.59,21.4096,36,PERSONAL,Personal Loan,54570.88,5923937.04,Employed,Public Sector,0.2019,0.1105,45.9,0.10,1,1,2025-06-21,6
2039,7042,1,844674.60,19.4713,48,PERSONAL,Personal Loan,31303.15,1663809.72,Employed,Healthcare,0.5077,0.2258,31.1,0.29,1,1,2025-06-30,6
2043,7058,0,1491509.43,19.4599,60,PERSONAL,Personal Loan,49045.68,6327917.28,Employed,Healthcare,0.2357,0.0930,53.1,0.09,2,1,2025-04-30,8
2045,7079,0,1077348.73,24.6781,24,PERSONAL,Personal Loan,67045.30,4849169.76,Employed,Tech,0.2222,0.1659,40.8,0.34,1,1,2025-06-10,6
2046,7080,0,930560.87,23.2329,12,PERSONAL,Personal Loan,95563.10,2891623.32,Self-employed,Energy,0.3218,0.3966,36.1,0.35,1,1,2025-05-10,7
2047,7080,0,8393090.80,11.6190,120,MORTGAGE,Mortgage,151208.53,2891623.32,Self-employed,Energy,2.9026,0.6275,35.8,0.08,1,1,2025-02-02,10
2048,7082,0,875560.48,23.4032,48,PERSONAL,Personal Loan,35316.61,2034223.68,Employed,Manufacturing,0.4304,0.2083,38.4,0.02,1,1,2025-10-25,2
2049,7085,0,277983.56,22.1204,36,PERSONAL,Personal Loan,12846.02,3233738.64,Employed,Professional Services,0.0860,0.0477,60.4,0.02,1,1,2025-06-26,6
2051,7088,0,6761111.61,14.5719,180,MORTGAGE,Mortgage,119663.60,2034112.44,Employed,Healthcare,3.3239,0.7059,47.9,0.14,1,1,2025-08-23,4
2052,7089,0,1142125.15,17.2530,60,PERSONAL,Personal Loan,35456.32,1679809.56,Employed,Hospitality,0.6799,0.2533,43.1,0.05,1,1,2025-05-21,7
2053,7093,0,978832.27,20.0494,12,PERSONAL,Personal Loan,97923.52,4401342.72,Employed,Energy,0.2224,0.2670,38.0,0.13,1,1,2025-03-04,9
2054,7094,0,287659.08,18.8373,48,PERSONAL,Personal Loan,10508.50,568619.88,Retired,,0.5059,0.2218,67.3,0.04,1,1,2025-10-19,2
2055,7095,0,905541.31,16.6240,60,PERSONAL,Personal Loan,27637.12,2278211.64,Employed,Public Sector,0.3975,0.1456,45.5,0.02,1,1,2025-08-12,4
2056,7096,0,239926.10,19.7355,12,PERSONAL,Personal Loan,23939.73,2762109.84,Employed,Public Sector,0.0869,0.1040,24.5,0.13,1,1,2025-03-16,9
2057,7099,0,235600.93,19.7293,60,PERSONAL,Personal Loan,7800.22,1650778.92,Employed,Energy,0.1427,0.0567,36.9,0.02,1,1,2025-11-04,1
2058,7101,0,413305.30,21.7963,60,PERSONAL,Personal Loan,14395.53,2898802.56,Self-employed,Hospitality,0.1426,0.0596,64.9,0.05,1,1,2025-07-07,5
2059,7103,1,3460555.89,13.9513,300,MORTGAGE,Mortgage,51767.90,1561912.80,Employed,Manufacturing,2.2156,0.3977,62.6,0.07,2,1,2025-02-05,10
2060,7107,0,1020759.10,19.8233,60,PERSONAL,Personal Loan,33875.00,2295594.84,Employed,Retail,0.4447,0.1771,47.3,0.07,1,1,2025-03-27,9
2062,7111,0,1144949.25,18.6019,48,PERSONAL,Personal Loan,41601.64,1993815.48,Employed,Retail,0.5743,0.2504,35.1,0.06,1,1,2025-06-17,6
2063,7111,0,7969294.18,11.0449,240,MORTGAGE,Mortgage,106555.44,1993815.48,Employed,Retail,3.9970,0.6413,35.2,0.09,1,1,2025-06-28,6
2064,7118,1,9123031.48,14.2228,120,MORTGAGE,Mortgage,184154.47,1894863.84,Employed,Education,4.8146,1.1662,35.8,0.13,1,1,2025-06-10,6
2065,7122,0,7763951.03,12.5715,120,MORTGAGE,Mortgage,146036.68,2613319.56,Employed,Public Sector,2.9709,0.6706,41.0,0.09,1,1,2025-08-24,4
2066,7126,0,6516523.53,14.2715,300,MORTGAGE,Mortgage,99222.22,2787698.64,Employed,Retail,2.3376,0.4271,60.5,0.10,1,1,2025-10-24,2
2067,7128,0,7063609.83,11.1171,180,MORTGAGE,Mortgage,104681.32,1991631.72,Employed,Education,3.5466,0.6307,30.1,0.15,1,1,2025-11-21,1
2068,7129,1,3714691.82,11.5092,180,MORTGAGE,Mortgage,56264.79,5169312.48,Employed,Healthcare,0.7186,0.1306,49.1,0.06,1,1,2025-08-14,4
2069,7130,1,914392.77,22.5540,12,PERSONAL,Personal Loan,93385.41,4639323.00,Employed,Hospitality,0.1971,0.2415,58.5,0.22,2,1,2025-06-06,6
2070,7134,0,3550398.87,12.2718,180,MORTGAGE,Mortgage,56032.59,1908398.76,Employed,Finance,1.8604,0.3523,35.7,0.16,1,0,2025-08-24,4
2071,7136,0,636956.20,16.7871,24,PERSONAL,Personal Loan,35450.38,1436288.64,Employed,Education,0.4435,0.2962,57.0,0.36,1,1,2025-06-01,7
2072,7137,1,2005926.43,12.7525,180,MORTGAGE,Mortgage,32461.18,1336563.36,Employed,Healthcare,1.5008,0.2914,57.2,0.05,1,1,2025-05-05,7
2073,7142,0,973035.84,21.5807,48,PERSONAL,Personal Loan,37770.58,6091401.36,Employed,Public Sector,0.1597,0.0744,44.6,0.11,1,1,2025-05-31,7
2074,7142,0,7199193.21,11.4814,180,MORTGAGE,Mortgage,108876.20,6091401.36,Employed,Public Sector,1.1819,0.2145,44.6,0.13,1,1,2025-06-06,6
2076,7152,0,173459.46,17.9277,24,PERSONAL,Personal Loan,9818.92,848375.88,Employed,Energy,0.2045,0.1389,30.3,0.22,1,1,2025-06-27,6
2077,7154,0,202097.96,16.2254,12,PERSONAL,Personal Loan,19574.10,572882.76,Student,,0.3528,0.4100,19.3,0.02,1,1,2025-11-02,1
2079,7156,0,638618.08,17.7687,36,PERSONAL,Personal Loan,27195.57,644790.60,Employed,Professional Services,0.9904,0.5061,25.3,0.02,1,1,2025-07-23,5
2080,7158,0,1408294.24,21.1791,24,PERSONAL,Personal Loan,83534.26,4016832.84,Employed,Education,0.3506,0.2496,63.3,0.07,2,1,2025-05-04,7
2083,7169,0,284209.46,19.4844,36,PERSONAL,Personal Loan,12509.42,1207949.04,Self-employed,Public Sector,0.2353,0.1243,51.1,0.03,1,1,2025-05-20,7
2084,7175,0,6790394.61,13.3257,240,MORTGAGE,Mortgage,103698.95,1061723.52,Employed,Hospitality,6.3956,1.1720,32.0,0.10,2,1,2025-08-08,3
2085,7176,0,1183302.58,17.0740,12,PERSONAL,Personal Loan,115444.97,1354410.36,Employed,Construction,0.8737,1.0228,49.4,0.11,1,1,2025-02-23,10
2086,7178,0,8483550.83,13.3285,120,MORTGAGE,Mortgage,164923.76,2403684.24,Employed,Transport,3.5294,0.8234,47.1,0.13,1,1,2025-04-20,8
2087,7179,0,507890.67,18.4585,36,PERSONAL,Personal Loan,21920.49,828887.64,Employed,Energy,0.6127,0.3173,29.9,0.04,1,1,2025-08-19,4
2088,7184,0,630278.64,21.9999,36,PERSONAL,Personal Loan,29062.80,1338502.68,Employed,Healthcare,0.4709,0.2606,24.7,0.02,1,1,2025-07-09,5
2089,7185,0,257891.89,17.2249,24,PERSONAL,Personal Loan,14447.30,1128063.48,Employed,Construction,0.2286,0.1537,28.1,0.01,1,1,2025-09-24,3
2090,7210,0,708896.79,18.6875,60,PERSONAL,Personal Loan,22854.54,2096770.08,Employed,Hospitality,0.3381,0.1308,37.8,0.09,1,1,2025-02-06,10
2091,7210,1,3382471.81,13.5182,120,MORTGAGE,Mortgage,66291.37,2096770.08,Employed,Hospitality,1.6132,0.3794,37.8,0.06,1,1,2025-01-25,11
2093,7223,0,451973.69,18.0144,36,PERSONAL,Personal Loan,19339.85,1348454.76,Employed,Retail,0.3352,0.1721,63.8,0.06,1,1,2025-07-05,5
2094,7224,0,737137.05,22.9678,36,PERSONAL,Personal Loan,34584.71,1656452.64,Employed,Energy,0.4450,0.2505,35.9,0.01,1,1,2025-11-17,1
2095,7224,0,3585790.69,12.9042,240,MORTGAGE,Mortgage,53500.59,1656452.64,Employed,Energy,2.1647,0.3876,36.0,0.04,1,1,2025-12-01,1
2099,7229,0,2362685.62,12.1485,120,MORTGAGE,Mortgage,43608.29,4592425.92,Employed,Public Sector,0.5145,0.1139,57.3,0.08,1,1,2025-08-02,4
2100,7230,0,409315.16,18.2591,48,PERSONAL,Personal Loan,14755.50,2356437.00,Employed,Manufacturing,0.1737,0.0751,62.6,0.13,1,1,2025-05-10,7
2102,7234,0,731256.74,24.9059,36,PERSONAL,Personal Loan,35489.86,1409926.56,Employed,Education,0.5186,0.3021,25.8,0.06,1,1,2025-06-25,6
2103,7234,0,3821917.39,10.6174,180,MORTGAGE,Mortgage,55048.56,1409926.56,Employed,Education,2.7107,0.4685,25.8,0.08,1,1,2025-07-03,5
2104,7235,1,701621.08,16.6478,60,PERSONAL,Personal Loan,21427.39,2064130.56,Employed,Hospitality,0.3399,0.1246,60.9,0.04,1,1,2025-05-02,7
2105,7238,1,3349485.88,13.9901,180,MORTGAGE,Mortgage,57657.96,2446178.64,Employed,Manufacturing,1.3693,0.2828,36.8,0.12,1,1,2025-07-12,5
2106,7241,0,1036671.38,19.9045,36,PERSONAL,Personal Loan,45991.78,1805411.40,Employed,Tech,0.5742,0.3057,63.1,0.02,1,1,2025-07-17,5
2107,7242,0,110150.68,20.6538,36,PERSONAL,Personal Loan,4955.60,3208280.04,Employed,Professional Services,0.0343,0.0185,32.5,0.04,1,1,2025-06-21,6
2108,7243,0,430006.87,17.4649,60,PERSONAL,Personal Loan,13425.14,1189392.00,Employed,Construction,0.3615,0.1354,27.2,0.24,2,1,2025-05-24,7
2109,7244,0,7856380.82,13.8915,180,MORTGAGE,Mortgage,134593.99,2017358.76,Employed,Healthcare,3.8944,0.8006,33.4,0.13,1,1,2025-09-11,3
2110,7248,0,879202.23,19.6745,24,PERSONAL,Personal Loan,51048.31,1278875.40,Employed,Tech,0.6875,0.4790,42.1,0.01,1,1,2025-08-12,4
2111,7250,1,602601.80,20.3181,60,PERSONAL,Personal Loan,20246.47,320169.72,Employed,Transport,1.8821,0.7588,49.4,0.02,1,1,2025-08-17,4
2112,7257,0,169246.59,24.6047,60,PERSONAL,Personal Loan,6290.99,2488312.68,Employed,Retail,0.0680,0.0303,43.1,0.03,1,1,2025-11-21,1
2113,7259,0,1218436.77,22.1732,60,PERSONAL,Personal Loan,42821.15,3245724.24,Employed,Construction,0.3754,0.1583,48.2,0.04,1,1,2025-07-03,5
2114,7259,0,6241656.28,12.6866,240,MORTGAGE,Mortgage,91994.73,3245724.24,Employed,Construction,1.9230,0.3401,48.2,0.06,1,1,2025-07-09,5
2115,7264,0,779670.97,19.7910,24,PERSONAL,Personal Loan,45345.01,1153332.60,Employed,Manufacturing,0.6760,0.4718,35.1,0.23,2,1,2025-06-24,6
2117,7272,0,1022512.44,21.1354,36,PERSONAL,Personal Loan,46412.46,3647933.40,Self-employed,Transport,0.2803,0.1527,58.2,0.16,1,1,2025-07-09,5
2118,7273,0,3478883.79,12.1770,240,MORTGAGE,Mortgage,49797.32,4662842.16,Self-employed,Professional Services,0.7461,0.1282,52.5,0.07,1,1,2025-03-19,9
2119,7277,0,522905.83,24.2361,24,PERSONAL,Personal Loan,32348.74,2001186.96,Employed,Manufacturing,0.2613,0.1940,26.3,0.14,1,1,2025-06-16,6
2120,7280,0,5360002.04,10.6947,300,MORTGAGE,Mortgage,65636.35,2140966.08,Employed,Tech,2.5035,0.3679,50.4,0.09,1,1,2025-10-27,2
2121,7281,0,656758.29,16.8238,48,PERSONAL,Personal Loan,22890.11,2231496.72,Employed,Construction,0.2943,0.1231,59.6,0.04,1,1,2025-10-21,2
2122,7284,1,228068.86,17.8277,36,PERSONAL,Personal Loan,9723.53,2336964.48,Employed,Transport,0.0976,0.0499,43.7,0.07,1,1,2025-06-20,6
2123,7284,0,4141857.78,13.4913,300,MORTGAGE,Mortgage,60372.06,2336964.48,Employed,Transport,1.7723,0.3100,43.7,0.08,1,1,2025-06-21,6
2124,7286,0,1027587.95,22.8848,48,PERSONAL,Personal Loan,41004.87,1385044.80,Employed,Retail,0.7419,0.3553,36.5,0.10,1,1,2025-06-10,6
2125,7286,0,7585149.98,12.4225,120,MORTGAGE,Mortgage,141731.69,1385044.80,Employed,Retail,5.4765,1.2280,36.4,0.06,1,1,2025-05-26,7
2127,7296,0,3484266.39,14.1664,300,MORTGAGE,Mortgage,52747.15,1254308.16,Employed,Hospitality,2.7778,0.5046,27.7,0.08,1,1,2025-05-29,7
2128,7300,0,586220.08,16.4707,12,PERSONAL,Personal Loan,56897.89,4020405.84,Employed,Finance,0.1458,0.1698,62.3,0.02,1,1,2025-07-14,5
2129,7305,0,754471.23,16.3665,60,PERSONAL,Personal Loan,22864.56,2863128.96,Employed,Finance,0.2635,0.0958,63.2,0.13,1,1,2025-06-26,6
2130,7305,0,2717672.60,11.4093,300,MORTGAGE,Mortgage,34897.86,2863128.96,Employed,Finance,0.9492,0.1463,63.2,0.08,1,1,2025-06-11,6
2131,7307,0,8529335.36,13.9443,300,MORTGAGE,Mortgage,127544.13,1389275.64,Employed,Finance,6.1394,1.1017,24.5,0.09,1,1,2025-04-17,8
2132,7308,0,227630.66,20.4183,12,PERSONAL,Personal Loan,22842.41,5022155.04,Employed,Healthcare,0.0453,0.0546,57.6,0.05,1,1,2025-06-30,6
2133,7309,0,981678.91,19.0810,36,PERSONAL,Personal Loan,42878.37,1863909.00,Employed,Construction,0.5267,0.2761,30.2,0.07,1,1,2025-03-31,9
2134,7309,0,6809343.09,14.0372,180,MORTGAGE,Mortgage,117483.11,1863909.00,Employed,Construction,3.6533,0.7564,30.2,0.05,1,1,2025-03-23,9
2135,7312,0,1108149.95,22.9834,24,PERSONAL,Personal Loan,67397.13,4067571.12,Self-employed,Professional Services,0.2724,0.1988,35.9,0.03,1,1,2025-10-30,2
2136,7315,0,5762219.30,12.8702,180,MORTGAGE,Mortgage,93813.09,2362782.96,Employed,Tech,2.4387,0.4765,40.7,0.11,1,1,2025-04-12,8
2137,7317,1,8153720.02,10.5829,180,MORTGAGE,Mortgage,117206.78,1865598.48,Employed,Finance,4.3706,0.7539,40.4,0.13,1,1,2025-04-21,8
2138,7318,0,547406.56,21.1000,36,PERSONAL,Personal Loan,24830.97,1969572.24,Employed,Transport,0.2779,0.1513,40.6,0.28,1,1,2025-06-24,6
2139,7320,0,5494251.60,13.8698,120,MORTGAGE,Mortgage,109288.91,4213286.88,Employed,Public Sector,1.3040,0.3113,32.7,0.11,1,1,2025-10-12,2
2141,7329,0,311112.25,20.9066,36,PERSONAL,Personal Loan,14062.26,257315.64,Retired,,1.2091,0.6558,53.3,0.09,1,1,2025-05-06,7
2142,7335,0,1430990.39,20.9792,48,PERSONAL,Personal Loan,54829.83,4905150.12,Self-employed,Public Sector,0.2917,0.1341,64.7,0.43,1,1,2025-06-08,6
2143,7338,0,5262941.50,14.9259,240,MORTGAGE,Mortgage,87390.71,784988.28,Employed,Tech,6.7045,1.3359,30.5,0.04,1,1,2025-03-01,10
2144,7340,0,538595.70,20.1528,36,PERSONAL,Personal Loan,24006.17,2008529.88,Employed,Hospitality,0.2682,0.1434,60.2,0.01,1,1,2025-11-17,1
2146,7341,0,718218.93,18.8251,60,PERSONAL,Personal Loan,23237.43,3977245.92,Employed,Healthcare,0.1806,0.0701,38.1,0.03,1,1,2025-10-25,2
2147,7342,1,6234589.50,10.2906,120,MORTGAGE,Mortgage,105419.63,2185493.76,Employed,Professional Services,2.8527,0.5788,41.4,0.06,1,1,2025-05-29,7
2149,7348,0,489933.74,20.8726,36,PERSONAL,Personal Loan,22131.10,2294317.56,Employed,Finance,0.2135,0.1158,39.6,0.03,1,1,2025-08-29,4
2150,7349,1,1226628.94,19.5259,60,PERSONAL,Personal Loan,40403.01,5960705.04,Employed,Energy,0.2058,0.0813,35.9,0.27,1,1,2025-06-12,6
2151,7349,0,6950987.81,13.2778,120,MORTGAGE,Mortgage,134836.42,5960705.04,Employed,Energy,1.1661,0.2715,35.7,0.10,1,1,2025-04-09,8
2152,7350,0,486627.01,19.9310,60,PERSONAL,Personal Loan,16192.92,898894.56,Employed,Hospitality,0.5414,0.2162,54.0,0.02,1,1,2025-07-31,5
2153,7352,1,488499.11,19.5710,48,PERSONAL,Personal Loan,18144.08,2185377.48,Employed,Professional Services,0.2235,0.0996,30.1,0.25,1,1,2025-04-18,8
2154,7364,0,888549.98,19.1978,48,PERSONAL,Personal Loan,32726.63,1512392.40,Employed,Finance,0.5875,0.2597,46.2,0.02,1,0,2025-09-25,3
2155,7364,0,9672347.17,12.6801,300,MORTGAGE,Mortgage,134446.43,1512392.40,Employed,Finance,6.3954,1.0668,46.3,0.12,1,0,2025-10-31,2
2156,7365,1,596189.68,18.6969,60,PERSONAL,Personal Loan,19225.58,2116113.12,Employed,Energy,0.2817,0.1090,27.1,0.28,1,1,2025-07-09,5
2157,7366,0,1106213.88,16.1582,36,PERSONAL,Personal Loan,45623.52,1718822.64,Employed,Manufacturing,0.6436,0.3185,39.2,0.06,1,0,2025-05-13,7
2158,7369,0,3846939.83,11.6889,180,MORTGAGE,Mortgage,58843.97,1356292.32,Employed,Energy,2.8364,0.5206,32.2,0.11,1,1,2025-03-18,9
2159,7375,0,621202.44,24.1968,36,PERSONAL,Personal Loan,29781.55,1448304.72,Employed,Transport,0.4289,0.2468,45.6,0.04,1,1,2025-07-30,5
2160,7377,1,9520430.23,14.8671,240,MORTGAGE,Mortgage,157619.45,2133411.48,Employed,Finance,4.4625,0.8866,48.8,0.08,1,1,2025-05-22,7
2161,7380,0,219059.96,18.8354,48,PERSONAL,Personal Loan,8002.15,2555181.36,Employed,Construction,0.0857,0.0376,33.7,0.03,1,1,2025-08-18,4
2162,7383,1,992592.24,16.0812,24,PERSONAL,Personal Loan,54659.74,1876201.80,Employed,Public Sector,0.5290,0.3496,38.2,0.16,1,1,2025-04-19,8
2163,7388,0,345013.16,20.3941,12,PERSONAL,Personal Loan,34614.62,848730.24,Retired,,0.4065,0.4894,74.7,0.19,1,1,2025-05-30,7
2165,7393,0,1047412.80,19.1435,60,PERSONAL,Personal Loan,34166.17,1847172.96,Employed,Public Sector,0.5670,0.2220,41.7,0.03,1,1,2025-10-30,2
2166,7395,0,6673314.92,13.5876,300,MORTGAGE,Mortgage,97806.33,1932457.56,Employed,Manufacturing,3.4533,0.6073,38.3,0.09,1,1,2025-07-29,5
2167,7407,0,9223154.57,10.0530,180,MORTGAGE,Mortgage,128506.73,1877439.24,Employed,Retail,4.9126,0.8214,61.4,0.14,2,1,2025-08-13,4
2168,7416,1,7096292.60,10.9812,180,MORTGAGE,Mortgage,104362.02,1853993.64,Employed,Public Sector,3.8276,0.6755,33.5,0.06,1,1,2025-04-22,8
2169,7425,0,671795.83,22.1656,60,PERSONAL,Personal Loan,23605.56,2388399.96,Employed,Healthcare,0.2813,0.1186,63.4,0.07,1,1,2025-07-02,5
2170,7434,1,1141758.22,19.5159,24,PERSONAL,Personal Loan,66141.96,1757562.24,Employed,Healthcare,0.6496,0.4516,48.3,0.02,1,1,2025-07-22,5
2171,7434,1,5793246.44,12.2008,240,MORTGAGE,Mortgage,83040.39,1757562.24,Employed,Healthcare,3.2962,0.5670,48.4,0.11,1,1,2025-08-26,4
2172,7437,1,9814341.73,10.2083,180,MORTGAGE,Mortgage,138013.91,1572345.60,Employed,Energy,6.2418,1.0533,33.9,0.13,1,1,2025-05-10,7
2173,7441,0,3627990.99,13.2332,300,MORTGAGE,Mortgage,52101.58,2423698.68,Employed,Manufacturing,1.4969,0.2580,50.8,0.13,1,1,2025-08-08,4
2174,7442,1,512950.96,22.5252,60,PERSONAL,Personal Loan,18177.79,1904577.36,Employed,Finance,0.2693,0.1145,56.6,0.04,1,1,2025-10-03,2
2175,7447,0,6021005.17,14.6997,120,MORTGAGE,Mortgage,123930.85,1321504.68,Employed,Hospitality,4.5562,1.1254,23.7,0.11,1,1,2025-07-01,6
2176,7452,0,8897693.10,13.7404,180,MORTGAGE,Mortgage,151313.18,1805073.48,Employed,Public Sector,4.9293,1.0059,55.5,0.06,1,1,2025-03-11,9
2178,7462,0,6394843.39,14.5794,180,MORTGAGE,Mortgage,113221.06,794909.28,Employed,Finance,8.0447,1.7092,28.0,0.05,1,1,2025-03-08,9
2179,7464,1,648356.76,16.6179,24,PERSONAL,Personal Loan,35993.47,2354968.08,Employed,Public Sector,0.2753,0.1834,55.4,0.02,1,1,2025-08-23,4
2180,7467,0,3525180.70,13.7666,120,MORTGAGE,Mortgage,69817.97,1935541.92,Employed,Healthcare,1.8213,0.4329,32.8,0.07,1,1,2025-02-27,9
2181,7469,0,138046.27,21.0852,12,PERSONAL,Personal Loan,13929.47,387000.72,Student,,0.3567,0.4319,21.6,0.02,1,1,2025-08-24,4
2182,7472,0,776998.32,17.5801,24,PERSONAL,Personal Loan,43758.02,3250573.20,Employed,Finance,0.2390,0.1615,42.3,0.04,1,1,2025-03-04,9
2183,7472,0,5285521.67,12.8169,180,MORTGAGE,Mortgage,85817.34,3250573.20,Employed,Finance,1.6260,0.3168,42.3,0.07,1,1,2025-03-16,9
2184,7473,0,582866.69,17.3668,36,PERSONAL,Personal Loan,24626.18,1628117.40,Employed,Manufacturing,0.3580,0.1815,64.3,0.04,1,0,2025-05-31,7
2185,7474,0,6522458.88,14.6589,120,MORTGAGE,Mortgage,134030.55,3420066.12,Employed,Transport,1.9071,0.4703,38.8,0.06,1,1,2025-02-22,10
2186,7476,0,8704661.70,12.6212,180,MORTGAGE,Mortgage,139911.96,3360303.12,Employed,Education,2.5904,0.4996,49.4,0.08,1,1,2025-07-01,6
2187,7480,1,262825.79,21.5044,36,PERSONAL,Personal Loan,12010.64,1232491.80,Employed,Energy,0.2132,0.1169,41.4,0.02,1,1,2025-05-24,7
2188,7480,0,3616180.49,13.8834,180,MORTGAGE,Mortgage,61927.29,1232491.80,Employed,Energy,2.9340,0.6029,41.5,0.04,1,1,2025-06-01,7
2189,7481,0,9907233.56,14.5392,180,MORTGAGE,Mortgage,175076.23,3709909.68,Employed,Healthcare,2.6705,0.5663,40.9,0.12,1,1,2025-04-16,8
2191,7488,0,206238.36,16.8353,60,PERSONAL,Personal Loan,6330.71,571642.92,Student,,0.3608,0.1329,21.2,0.03,1,1,2025-09-02,3
2192,7489,1,257249.77,21.9289,48,PERSONAL,Personal Loan,10060.37,476168.16,Retired,,0.5402,0.2535,72.4,0.04,1,1,2025-09-03,3
2193,7491,0,4100385.34,12.4103,120,MORTGAGE,Mortgage,76575.72,1567854.00,Employed,Tech,2.6153,0.5861,63.5,0.13,1,1,2025-05-17,7
2194,7493,1,6958080.45,11.1108,300,MORTGAGE,Mortgage,87618.47,1116018.72,Employed,Transport,6.2347,0.9421,36.3,0.10,1,1,2025-05-24,7
2195,7499,0,977704.48,17.0585,48,PERSONAL,Personal Loan,34267.32,1357555.56,Employed,Energy,0.7202,0.3029,33.2,0.02,1,1,2025-10-29,2
2196,7505,0,129238.43,24.2469,48,PERSONAL,Personal Loan,5303.83,570534.48,Student,,0.2265,0.1116,19.3,0.03,1,1,2025-08-03,4
2198,7515,0,5411806.89,13.5113,240,MORTGAGE,Mortgage,83482.98,2273749.20,Employed,Construction,2.3801,0.4406,33.9,0.12,2,1,2025-07-10,5
2199,7525,0,123833.08,22.0086,12,PERSONAL,Personal Loan,12590.58,2633434.08,Employed,Retail,0.0470,0.0574,60.4,0.06,1,1,2025-06-28,6
2201,7528,0,4321767.16,10.8080,180,MORTGAGE,Mortgage,62934.53,1659271.56,Employed,Professional Services,2.6046,0.4551,45.2,0.12,1,1,2025-05-04,7
2202,7530,1,9961228.78,12.8382,240,MORTGAGE,Mortgage,148075.33,2744646.00,Self-employed,Education,3.6293,0.6474,36.2,0.09,1,1,2025-06-22,6
2204,7532,0,5903938.71,14.9438,300,MORTGAGE,Mortgage,93202.53,684388.44,Student,,8.6266,1.6342,21.6,0.13,1,1,2025-05-22,7
2205,7534,1,5863951.52,10.5502,120,MORTGAGE,Mortgage,100421.15,1880279.28,Employed,Education,3.1187,0.6409,30.9,0.14,1,1,2025-03-31,9
2206,7539,0,1443165.92,19.6311,36,PERSONAL,Personal Loan,63697.05,3635994.36,Employed,Finance,0.3969,0.2102,61.2,0.02,1,1,2025-11-21,1
2207,7541,0,1023226.44,22.2100,60,PERSONAL,Personal Loan,35991.99,2065682.16,Employed,Education,0.4953,0.2091,56.8,0.03,1,1,2025-10-01,3
2209,7546,0,6245626.29,12.4333,240,MORTGAGE,Mortgage,90734.90,945509.28,Self-employed,Retail,6.6056,1.1516,46.4,0.11,1,1,2025-09-15,3
2210,7548,0,609615.52,21.6162,12,PERSONAL,Personal Loan,61782.60,2321715.36,Employed,Manufacturing,0.2626,0.3193,37.4,0.01,1,0,2025-07-17,5
2211,7551,0,538734.76,24.3387,48,PERSONAL,Personal Loan,22150.39,957507.72,Employed,Healthcare,0.5626,0.2776,62.7,0.02,1,1,2025-09-30,3
2212,7553,0,116945.32,24.8271,48,PERSONAL,Personal Loan,4855.87,1147270.56,Employed,Tech,0.1019,0.0508,29.0,0.13,2,1,2025-05-20,7
2214,7558,0,494302.97,24.1119,12,PERSONAL,Personal Loan,51124.07,1753472.52,Employed,Public Sector,0.2819,0.3499,50.6,0.05,1,1,2025-05-08,7
2215,7558,0,9678015.78,14.8281,240,MORTGAGE,Mortgage,159913.89,1753472.52,Employed,Public Sector,5.5193,1.0944,50.7,0.14,1,1,2025-06-10,6
2216,7566,0,404985.48,24.3199,12,PERSONAL,Personal Loan,41956.46,2240420.88,Employed,Construction,0.1808,0.2247,64.2,0.25,1,1,2025-06-18,6
2217,7566,0,5383305.92,10.5710,180,MORTGAGE,Mortgage,77329.69,2240420.88,Employed,Construction,2.4028,0.4142,64.0,0.08,1,1,2025-04-16,8
2218,7567,0,979072.77,19.8588,24,PERSONAL,Personal Loan,56997.37,923593.56,Employed,Finance,1.0601,0.7406,59.1,0.10,1,1,2025-07-14,5
2219,7568,1,8278925.59,14.9020,120,MORTGAGE,Mortgage,171801.50,2452612.80,Employed,Manufacturing,3.3756,0.8406,39.0,0.08,1,1,2025-02-25,10
2220,7570,0,9718644.61,13.1126,180,MORTGAGE,Mortgage,160189.72,2512415.16,Employed,Construction,3.8682,0.7651,54.3,0.08,1,1,2025-03-02,9
2222,7575,0,897345.64,24.1095,48,PERSONAL,Personal Loan,36723.50,1837305.96,Employed,Energy,0.4884,0.2399,63.4,0.10,1,1,2025-06-22,6
2223,7583,0,1444665.49,19.2163,36,PERSONAL,Personal Loan,63263.87,1812805.08,Self-employed,Retail,0.7969,0.4188,38.9,0.03,1,1,2025-07-08,5
2226,7598,0,958900.55,20.4026,12,PERSONAL,Personal Loan,96211.77,2124467.88,Employed,Retail,0.4514,0.5434,46.9,0.08,1,1,2025-06-27,6
2227,7598,0,9170559.94,14.8413,300,MORTGAGE,Mortgage,143987.73,2124467.88,Employed,Retail,4.3166,0.8133,46.9,0.10,1,1,2025-07-04,5
2228,7600,0,1469340.64,16.2182,48,PERSONAL,Personal Loan,50469.65,5145225.48,Employed,Education,0.2856,0.1177,56.6,0.13,1,1,2025-03-01,9
2229,7603,0,426589.94,18.7583,48,PERSONAL,Personal Loan,15555.71,802020.48,Employed,Construction,0.5319,0.2327,39.1,0.12,1,1,2025-05-21,7
2230,7603,1,9857658.69,12.6452,300,MORTGAGE,Mortgage,136735.58,802020.48,Employed,Construction,12.2910,2.0459,39.0,0.08,1,1,2025-05-05,7
2231,7611,1,366784.14,16.8924,48,PERSONAL,Personal Loan,12804.56,729956.52,Student,,0.5025,0.2105,18.3,0.36,1,1,2025-06-28,6
2232,7612,0,6331735.09,13.3522,120,MORTGAGE,Mortgage,123216.62,1654944.36,Employed,Tech,3.8260,0.8934,44.5,0.13,1,1,2025-11-06,1
2233,7614,0,9858843.40,11.8376,180,MORTGAGE,Mortgage,152025.56,3312741.36,Employed,Healthcare,2.9760,0.5507,58.3,0.05,1,1,2025-11-15,1
2234,7624,0,195439.60,17.9487,24,PERSONAL,Personal Loan,11066.56,1164208.92,Employed,Professional Services,0.1679,0.1141,29.0,0.02,1,1,2025-09-06,3
2235,7631,0,6493960.89,14.1090,240,MORTGAGE,Mortgage,103410.92,4614936.00,Employed,Professional Services,1.4072,0.2689,57.7,0.15,1,0,2025-04-13,8
2236,7634,0,337163.98,17.6156,24,PERSONAL,Personal Loan,18997.95,1841944.92,Self-employed,Education,0.1830,0.1238,49.0,0.02,1,1,2025-07-17,5
2237,7636,0,768855.90,17.3979,24,PERSONAL,Personal Loan,43182.73,2492272.92,Employed,Education,0.3085,0.2079,63.0,0.08,1,1,2025-05-30,7
2238,7636,0,5805772.34,12.6361,300,MORTGAGE,Mortgage,80487.84,2492272.92,Employed,Education,2.3295,0.3875,63.0,0.06,1,1,2025-05-23,7
2239,7644,1,676233.75,21.6826,60,PERSONAL,Personal Loan,23489.32,5815972.80,Employed,Retail,0.1163,0.0485,48.9,0.45,1,1,2025-06-21,6
2240,7644,1,3091468.82,11.1874,300,MORTGAGE,Mortgage,39126.14,5815972.80,Employed,Retail,0.5315,0.0807,48.5,0.04,1,1,2025-01-24,11
2241,7648,0,3245461.25,14.0510,180,MORTGAGE,Mortgage,56031.99,1958986.20,Employed,Manufacturing,1.6567,0.3432,59.7,0.14,1,1,2025-10-27,2
2242,7649,1,955908.50,23.3957,24,PERSONAL,Personal Loan,58466.31,2001772.80,Employed,Transport,0.4775,0.3505,39.1,0.04,1,0,2025-04-02,8
2243,7649,1,7417116.14,14.6759,300,MORTGAGE,Mortgage,115434.43,2001772.80,Employed,Transport,3.7053,0.6920,39.2,0.11,1,0,2025-04-25,8
2244,7658,0,5489312.29,13.8131,120,MORTGAGE,Mortgage,108931.29,1645807.56,Employed,Manufacturing,3.3353,0.7942,47.1,0.07,1,1,2025-10-27,2
2245,7659,0,9253616.05,13.5729,240,MORTGAGE,Mortgage,143222.07,6071814.60,Employed,Public Sector,1.5240,0.2831,59.1,0.10,1,1,2025-11-16,1
2246,7660,1,870757.89,18.6613,12,PERSONAL,Personal Loan,86104.39,1020102.48,Employed,Finance,0.8536,1.0129,25.2,0.08,1,1,2025-06-05,6
2247,7660,0,3388879.71,10.8137,300,MORTGAGE,Mortgage,41834.87,1020102.48,Employed,Finance,3.3221,0.4921,25.2,0.10,1,1,2025-06-09,6
2248,7666,0,1043690.92,21.6531,36,PERSONAL,Personal Loan,47824.03,974560.68,Employed,Energy,1.0709,0.5889,48.3,0.05,1,1,2025-04-21,8
2249,7670,0,9349106.40,14.5869,240,MORTGAGE,Mortgage,152600.01,1156997.28,Employed,Hospitality,8.0805,1.5827,54.4,0.05,1,1,2025-04-28,8
2250,7671,0,9674978.17,11.6639,300,MORTGAGE,Mortgage,126289.91,1551388.20,Employed,Education,6.2363,0.9769,39.3,0.05,1,1,2025-09-04,3
2252,7674,0,2204845.73,10.0322,300,MORTGAGE,Mortgage,25782.36,1475726.40,Employed,Manufacturing,1.4941,0.2097,49.9,0.11,1,1,2025-11-14,1
2253,7675,0,9123796.32,10.7844,300,MORTGAGE,Mortgage,112408.21,2377413.24,Employed,Construction,3.8377,0.5674,47.1,0.09,1,1,2025-04-30,8
2254,7679,1,915524.28,20.1933,60,PERSONAL,Personal Loan,30664.95,4996263.36,Self-employed,Public Sector,0.1832,0.0737,52.1,0.08,1,1,2025-03-05,9
2255,7684,0,572241.62,19.8320,12,PERSONAL,Personal Loan,57144.05,1926861.24,Employed,Finance,0.2970,0.3559,49.4,0.02,1,1,2025-11-14,1
2256,7684,0,2476509.95,11.3826,120,MORTGAGE,Mortgage,44128.52,1926861.24,Employed,Finance,1.2853,0.2748,49.4,0.04,1,1,2025-11-19,1
2257,7689,0,304939.43,22.9906,36,PERSONAL,Personal Loan,14312.82,2574360.60,Employed,Construction,0.1185,0.0667,51.3,0.02,1,1,2025-07-13,5
2258,7690,0,6074170.16,12.5116,300,MORTGAGE,Mortgage,83578.56,1576032.96,Self-employed,Hospitality,3.8541,0.6364,37.3,0.07,1,1,2025-04-15,8
2259,7694,1,5480848.93,10.0784,300,MORTGAGE,Mortgage,64301.32,1932427.32,Employed,Education,2.8363,0.3993,59.4,0.12,1,1,2025-05-13,7
2260,7708,0,504895.62,17.5497,48,PERSONAL,Personal Loan,17902.63,3465180.72,Employed,Education,0.1457,0.0620,44.0,0.02,1,1,2025-05-05,7
2261,7712,1,575417.87,22.7291,24,PERSONAL,Personal Loan,34874.69,3605827.08,Self-employed,Retail,0.1596,0.1161,63.2,0.23,2,1,2025-05-27,7
2262,7712,0,7182166.82,13.0540,240,MORTGAGE,Mortgage,108055.70,3605827.08,Self-employed,Retail,1.9918,0.3596,63.0,0.10,2,1,2025-04-09,8
2263,7714,1,1341819.23,16.4050,36,PERSONAL,Personal Loan,55616.54,4337304.36,Employed,Energy,0.3094,0.1539,32.6,0.07,1,1,2025-07-10,5
2264,7716,0,3982621.51,11.0057,180,MORTGAGE,Mortgage,58651.96,5321948.16,Employed,Energy,0.7483,0.1322,58.2,0.07,1,1,2025-04-28,7
2265,7720,1,366460.52,19.7934,60,PERSONAL,Personal Loan,12152.26,2328483.96,Self-employed,Retail,0.1574,0.0626,32.5,0.10,1,1,2025-02-25,10
2266,7727,1,1216397.42,18.3687,12,PERSONAL,Personal Loan,119986.15,5185989.36,Employed,Manufacturing,0.2346,0.2776,57.2,0.04,1,1,2025-09-30,3
2269,7740,0,232138.82,19.4168,24,PERSONAL,Personal Loan,13428.61,2912880.12,Employed,Energy,0.0797,0.0553,42.5,0.42,1,1,2025-06-06,6
2270,7743,0,649746.90,16.7569,60,PERSONAL,Personal Loan,19902.23,2434371.36,Employed,Energy,0.2669,0.0981,44.1,0.02,1,1,2025-11-03,1
2272,7755,1,795198.32,17.9107,24,PERSONAL,Personal Loan,45002.06,2671422.12,Self-employed,Energy,0.2977,0.2021,46.0,0.03,1,1,2025-05-19,7
2274,7757,0,105854.39,24.3024,12,PERSONAL,Personal Loan,10964.96,2145036.72,Employed,Professional Services,0.0493,0.0613,33.2,0.03,2,1,2025-07-24,5
2277,7772,0,673489.47,17.1705,24,PERSONAL,Personal Loan,37698.85,708945.24,Employed,Energy,0.9500,0.6381,23.4,0.03,1,1,2025-09-13,3
2278,7775,0,257449.90,21.1155,24,PERSONAL,Personal Loan,15257.23,1353762.72,Employed,Public Sector,0.1902,0.1352,43.0,0.14,1,1,2025-07-04,5
2279,7775,1,8799781.40,14.1840,300,MORTGAGE,Mortgage,133346.02,1353762.72,Employed,Public Sector,6.5002,1.1820,42.9,0.06,1,1,2025-06-04,6
2280,7776,1,289173.09,23.8032,24,PERSONAL,Personal Loan,17784.92,1588196.04,Employed,Energy,0.1821,0.1344,36.1,0.15,1,1,2025-05-12,7
2281,7784,1,8122721.99,14.3381,300,MORTGAGE,Mortgage,124129.41,3959501.40,Self-employed,Finance,2.0515,0.3762,36.0,0.10,2,1,2025-06-20,6
2282,7796,1,586078.40,24.1637,24,PERSONAL,Personal Loan,36221.45,1992381.36,Employed,Education,0.2942,0.2182,31.8,0.02,1,1,2025-08-05,4
2283,7799,0,1102979.98,21.1353,48,PERSONAL,Personal Loan,42405.26,0.00,Employed,Manufacturing,,,56.8,0.03,1,1,2025-09-16,2
2285,7818,0,795854.98,17.5771,36,PERSONAL,Personal Loan,33764.43,5519857.32,Employed,Construction,0.1442,0.0734,61.3,0.33,1,1,2025-05-26,7
2286,7823,0,556411.05,20.1438,60,PERSONAL,Personal Loan,18613.71,1660267.20,Employed,Public Sector,0.3351,0.1345,40.9,0.03,1,1,2025-09-02,3
2287,7823,0,2905054.96,11.8250,300,MORTGAGE,Mortgage,38310.41,1660267.20,Employed,Public Sector,1.7498,0.2769,41.0,0.09,1,1,2025-09-25,3
2288,7829,0,536621.51,21.9728,60,PERSONAL,Personal Loan,18769.59,355488.72,Self-employed,Public Sector,1.5095,0.6336,33.3,0.13,1,0,2025-05-11,7
2289,7829,1,4075138.13,11.2316,300,MORTGAGE,Mortgage,51725.73,355488.72,Self-employed,Public Sector,11.4635,1.7461,33.4,0.15,1,0,2025-05-19,7
2290,7835,1,292807.74,19.5815,12,PERSONAL,Personal Loan,29178.66,1441836.96,Employed,Hospitality,0.2031,0.2428,29.2,0.07,1,1,2025-07-05,5
2292,7846,0,5745107.89,13.8527,120,MORTGAGE,Mortgage,114196.95,4509493.44,Employed,Construction,1.2740,0.3039,45.7,0.11,1,1,2025-10-18,2
2293,7849,0,4272334.02,13.6926,180,MORTGAGE,Mortgage,72484.66,2755211.16,Self-employed,Hospitality,1.5506,0.3157,55.5,0.09,1,1,2025-03-09,9
2295,7851,0,853378.79,18.3107,12,PERSONAL,Personal Loan,84136.54,1318235.16,Employed,Professional Services,0.6474,0.7659,28.0,0.02,1,0,2025-09-19,3
2296,7853,1,521717.82,20.8669,60,PERSONAL,Personal Loan,17767.49,903890.52,Employed,Tech,0.5772,0.2359,30.9,0.05,1,1,2025-05-18,6
2297,7857,0,798446.91,17.5498,12,PERSONAL,Personal Loan,78214.40,851596.44,Employed,Professional Services,0.9376,1.1021,29.5,0.04,1,1,2025-11-08,1
2298,7858,0,298506.88,17.1742,24,PERSONAL,Personal Loan,16709.97,1649712.48,Employed,Healthcare,0.1809,0.1215,56.1,0.02,1,1,2025-10-20,2
2299,7862,1,345340.60,23.6208,12,PERSONAL,Personal Loan,35576.07,1478534.88,Employed,Healthcare,0.2336,0.2887,26.2,0.19,1,1,2025-07-11,5
2300,7863,0,357359.69,20.7985,12,PERSONAL,Personal Loan,35973.76,2575362.48,Employed,Transport,0.1388,0.1676,30.1,0.13,1,0,2025-06-10,6
2301,7863,0,7343552.58,12.1298,240,MORTGAGE,Mortgage,104827.99,2575362.48,Employed,Transport,2.8515,0.4885,30.1,0.09,1,0,2025-05-25,7
2302,7865,1,1165064.61,19.2591,12,PERSONAL,Personal Loan,115787.13,1497032.52,Employed,Manufacturing,0.7782,0.9281,32.3,0.02,1,1,2025-10-04,2
2303,7870,1,389559.26,20.6938,24,PERSONAL,Personal Loan,22949.52,1430102.04,Employed,Professional Services,0.2724,0.1926,23.6,0.16,2,1,2025-05-28,7
2304,7874,0,4405465.73,12.5896,300,MORTGAGE,Mortgage,60904.10,1192932.00,Employed,Public Sector,3.6930,0.6126,43.8,0.08,1,1,2025-10-15,2
2306,7878,0,309067.16,17.4895,12,PERSONAL,Personal Loan,30260.12,515140.56,Retired,,0.6000,0.7049,71.5,0.02,1,1,2025-10-15,2
2308,7891,0,441301.11,24.6366,12,PERSONAL,Personal Loan,45835.22,2337229.08,Employed,Retail,0.1888,0.2353,35.4,0.02,1,0,2025-11-15,1
2309,7892,0,324040.76,18.5166,48,PERSONAL,Personal Loan,11750.96,1095785.28,Employed,Manufacturing,0.2957,0.1287,25.0,0.26,1,1,2025-05-06,7
2310,7894,0,640329.39,18.3776,48,PERSONAL,Personal Loan,23146.63,1078031.88,Employed,Construction,0.5940,0.2577,40.7,0.03,1,1,2025-10-12,2
2311,7894,0,2030818.91,12.2616,300,MORTGAGE,Mortgage,27520.30,1078031.88,Employed,Construction,1.8838,0.3063,40.8,0.13,1,1,2025-11-17,1
2312,7895,0,5584950.93,13.5751,240,MORTGAGE,Mortgage,86450.85,4182193.08,Employed,Tech,1.3354,0.2481,59.4,0.12,1,1,2025-11-09,1
2314,7901,0,2185091.59,14.8303,300,MORTGAGE,Mortgage,34288.28,3175699.32,Employed,Professional Services,0.6881,0.1296,44.1,0.13,1,1,2025-03-21,9
2315,7902,1,808627.08,22.2067,60,PERSONAL,Personal Loan,28441.23,2121370.80,Employed,Retail,0.3812,0.1609,42.6,0.19,1,1,2025-03-23,9
2316,7902,0,6351375.14,11.4147,240,MORTGAGE,Mortgage,86879.93,2121370.80,Employed,Retail,2.9940,0.4915,42.5,0.11,1,1,2025-02-24,10
2317,7903,0,1100269.18,23.0854,60,PERSONAL,Personal Loan,39504.61,2501294.40,Employed,Education,0.4399,0.1895,56.0,0.01,1,1,2025-07-05,5
2318,7904,0,6464258.62,14.8071,240,MORTGAGE,Mortgage,106698.51,4605961.92,Employed,Transport,1.4035,0.2780,58.3,0.11,1,0,2025-05-13,7
2320,7906,0,8490321.20,12.2031,180,MORTGAGE,Mortgage,133508.65,2129258.40,Employed,Hospitality,3.9875,0.7524,48.2,0.12,1,1,2025-09-26,3
2321,7907,0,9929026.56,10.8902,300,MORTGAGE,Mortgage,123204.33,2566294.80,Employed,Hospitality,3.8690,0.5761,36.4,0.15,1,1,2025-09-24,3
2322,7917,0,5087458.66,14.5298,180,MORTGAGE,Mortgage,89863.46,2267464.32,Employed,Energy,2.2437,0.4756,47.2,0.10,1,1,2025-10-01,2
2324,7919,0,512708.95,24.1599,48,PERSONAL,Personal Loan,21003.93,968114.28,Employed,Public Sector,0.5296,0.2603,25.6,0.02,1,1,2025-11-29,1
2325,7920,0,894599.22,17.9314,48,PERSONAL,Personal Loan,32005.33,2983627.68,Employed,Retail,0.2998,0.1287,54.1,0.02,1,1,2025-09-29,3
2326,7923,0,532380.39,23.7023,12,PERSONAL,Personal Loan,54880.57,1844747.04,Employed,Healthcare,0.2886,0.3570,55.3,0.01,1,1,2025-10-06,2
2327,7930,0,360891.45,18.1516,48,PERSONAL,Personal Loan,12977.54,1428596.52,Employed,Hospitality,0.2526,0.1090,44.7,0.34,2,1,2025-05-16,7
2328,7936,0,6771423.12,13.2274,120,MORTGAGE,Mortgage,131068.79,4990128.72,Employed,Energy,1.3570,0.3152,37.1,0.13,1,1,2025-08-13,4
2329,7937,0,2385893.94,12.3764,180,MORTGAGE,Mortgage,37862.28,1755442.68,Employed,Manufacturing,1.3591,0.2588,46.5,0.05,1,1,2025-05-20,7
2330,7943,0,927770.60,22.0444,12,PERSONAL,Personal Loan,94357.67,1759719.96,Employed,Tech,0.5272,0.6435,51.7,0.02,1,1,2025-11-27,1
2331,7949,0,199418.42,21.5098,12,PERSONAL,Personal Loan,20192.74,1305123.60,Employed,Healthcare,0.1528,0.1857,25.8,0.03,1,1,2025-07-22,5
2334,7952,0,2572950.34,13.3350,240,MORTGAGE,Mortgage,39312.54,1645729.32,Employed,Energy,1.5634,0.2867,40.2,0.11,2,1,2025-05-12,7
2335,7957,0,3963915.29,11.5077,180,MORTGAGE,Mortgage,60034.71,1819100.52,Employed,Construction,2.1791,0.3960,53.5,0.11,2,1,2025-05-08,7
2336,7964,0,9626253.45,14.0411,180,MORTGAGE,Mortgage,166115.18,2799421.80,Employed,Tech,3.4387,0.7121,46.8,0.10,1,1,2025-08-25,4
2337,7966,0,1421653.01,20.5282,24,PERSONAL,Personal Loan,83555.52,4347874.32,Employed,Transport,0.3270,0.2306,40.0,0.04,2,1,2025-07-17,5
2338,7967,0,1014732.97,19.6555,60,PERSONAL,Personal Loan,33533.12,1933836.96,Employed,Transport,0.5247,0.2081,44.7,0.02,1,1,2025-11-23,1
2339,7969,0,453459.11,18.9581,48,PERSONAL,Personal Loan,16611.00,2170886.88,Employed,Transport,0.2089,0.0918,54.4,0.03,1,1,2025-10-22,2
2340,7970,0,777633.41,17.0587,12,PERSONAL,Personal Loan,75857.30,1584903.36,Employed,Transport,0.4907,0.5743,45.9,0.09,1,1,2025-06-22,6
2342,7980,1,9899507.56,14.0815,120,MORTGAGE,Mortgage,198662.49,3591915.00,Self-employed,Healthcare,2.7561,0.6637,57.3,0.04,1,1,2025-03-07,9
2343,7981,0,766887.39,23.3666,60,PERSONAL,Personal Loan,27714.42,1392051.12,Employed,Retail,0.5509,0.2389,58.3,0.05,1,1,2025-07-08,5
2344,7989,0,6812197.02,12.1601,240,MORTGAGE,Mortgage,97414.99,637062.36,Employed,Energy,10.6931,1.8350,41.5,0.08,1,1,2025-08-29,4
2346,7995,0,906785.13,17.9735,48,PERSONAL,Personal Loan,32473.11,1396030.92,Employed,Education,0.6495,0.2791,31.5,0.30,2,1,2025-05-23,7
2348,8001,1,2366065.32,14.4426,300,MORTGAGE,Mortgage,36363.66,2129526.96,Employed,Public Sector,1.1111,0.2049,40.9,0.06,1,1,2025-03-31,9
2349,8002,0,2801330.13,10.3794,240,MORTGAGE,Mortgage,35902.31,4883628.60,Employed,Retail,0.5736,0.0882,36.6,0.09,2,1,2025-04-01,9
2350,8005,0,8795129.81,10.9000,300,MORTGAGE,Mortgage,109206.20,2788601.64,Employed,Transport,3.1540,0.4699,52.6,0.11,2,1,2025-05-04,7
2351,8006,0,998670.36,17.5719,48,PERSONAL,Personal Loan,35429.41,2066325.72,Employed,Professional Services,0.4833,0.2058,41.9,0.10,1,1,2025-07-05,5
2352,8007,0,725994.82,22.3968,36,PERSONAL,Personal Loan,33716.49,1277098.68,Employed,Public Sector,0.5685,0.3168,47.2,0.02,1,0,2025-07-18,5
2353,8009,0,117293.47,19.1719,12,PERSONAL,Personal Loan,11648.40,5283576.12,Employed,Manufacturing,0.0222,0.0265,54.4,0.02,1,1,2025-08-21,4
2354,8009,0,8288606.74,11.7716,180,MORTGAGE,Mortgage,127356.28,5283576.12,Employed,Manufacturing,1.5687,0.2893,54.4,0.03,1,1,2025-08-23,4
2356,8012,0,3824617.58,11.0134,180,MORTGAGE,Mortgage,56349.58,3098440.44,Self-employed,Professional Services,1.2344,0.2182,42.7,0.08,1,1,2025-03-20,9
2357,8013,0,1022642.96,17.7822,12,PERSONAL,Personal Loan,100374.28,535061.64,Employed,Construction,1.9113,2.2511,24.3,0.29,2,1,2025-06-13,6
2358,8020,0,9559901.87,12.9708,300,MORTGAGE,Mortgage,135199.32,1703498.28,Employed,Retail,5.6119,0.9524,37.1,0.12,1,1,2025-04-05,8
2361,8028,1,2052500.65,12.3370,300,MORTGAGE,Mortgage,27943.09,2929690.92,Self-employed,Education,0.7006,0.1145,34.0,0.08,1,1,2025-04-18,8
2362,8030,0,6270831.60,10.7954,240,MORTGAGE,Mortgage,82541.91,5898138.96,Employed,Manufacturing,1.0632,0.1679,42.3,0.07,1,1,2025-02-01,11
2363,8032,0,422211.02,22.2306,24,PERSONAL,Personal Loan,25413.80,1646210.40,Employed,Construction,0.2565,0.1853,32.5,0.37,1,1,2025-07-12,5
2364,8035,0,8911575.25,10.1431,240,MORTGAGE,Mortgage,112457.40,2399806.68,Employed,Public Sector,3.7135,0.5623,63.2,0.15,2,1,2025-08-28,4
2365,8036,0,8171368.41,11.8906,240,MORTGAGE,Mortgage,115016.10,3546222.00,Self-employed,Education,2.3042,0.3892,48.2,0.13,1,1,2025-10-17,2
2366,8039,1,492648.99,20.8890,36,PERSONAL,Personal Loan,22260.48,1548025.80,Employed,Healthcare,0.3182,0.1726,43.5,0.09,1,1,2025-02-13,10
2367,8044,0,499132.74,20.3161,60,PERSONAL,Personal Loan,16769.24,1730179.32,Employed,Tech,0.2885,0.1163,43.3,0.22,2,1,2025-05-27,7
2368,8046,0,2053319.28,14.7496,300,MORTGAGE,Mortgage,32082.43,1380585.24,Employed,Education,1.4873,0.2789,32.8,0.11,1,1,2025-10-19,2
2369,8054,0,396126.94,19.4869,24,PERSONAL,Personal Loan,22938.03,923084.40,Employed,Tech,0.4291,0.2982,49.6,0.14,1,1,2025-02-24,10
2371,8058,0,412178.87,23.5633,48,PERSONAL,Personal Loan,16680.64,2662979.88,Employed,Education,0.1548,0.0752,37.7,0.11,1,1,2025-05-27,7
2372,8060,0,1189495.91,16.2191,60,PERSONAL,Personal Loan,35902.06,1034915.28,Employed,Finance,1.1494,0.4163,46.5,0.01,1,1,2025-11-28,1
2376,8076,1,192247.94,16.0230,48,PERSONAL,Personal Loan,6572.16,2380511.40,Employed,Education,0.0808,0.0331,33.8,0.41,1,1,2025-07-04,5
2377,8077,0,7285806.76,13.8750,180,MORTGAGE,Mortgage,124718.84,1797698.04,Employed,Healthcare,4.0529,0.8325,49.2,0.04,1,1,2025-01-18,11
2378,8078,1,675707.68,16.9452,24,PERSONAL,Personal Loan,37696.15,2264083.68,Employed,Hospitality,0.2984,0.1998,45.6,0.08,2,1,2025-04-12,8
2379,8081,0,626699.27,17.3779,36,PERSONAL,Personal Loan,26483.91,1699250.40,Employed,Manufacturing,0.3688,0.1870,43.8,0.04,1,1,2025-07-02,5
2380,8095,0,8060362.92,12.1751,180,MORTGAGE,Mortgage,126559.56,833933.28,Employed,Retail,9.6655,1.8211,34.5,0.08,1,1,2025-07-21,5
2381,8097,0,203988.92,18.1941,24,PERSONAL,Personal Loan,11592.37,6030283.32,Employed,Finance,0.0338,0.0231,63.2,0.06,1,1,2025-03-11,9
2384,8102,1,1329039.83,24.3135,48,PERSONAL,Personal Loan,54616.34,4788399.48,Employed,Energy,0.2776,0.1369,33.9,0.11,1,1,2025-06-30,6
2385,8104,1,391486.01,22.0984,24,PERSONAL,Personal Loan,23521.26,925835.76,Employed,Construction,0.4228,0.3049,33.5,0.03,1,1,2025-05-03,7
2386,8109,0,9438494.05,12.8530,240,MORTGAGE,Mortgage,140421.20,3403789.44,Employed,Construction,2.7729,0.4951,42.2,0.09,1,1,2025-04-14,8
2388,8116,0,1137375.89,19.4272,12,PERSONAL,Personal Loan,113194.68,1567804.68,Employed,Healthcare,0.7255,0.8664,49.3,0.35,2,1,2025-06-16,6
2389,8120,0,4759375.73,11.1523,120,MORTGAGE,Mortgage,83893.12,1776874.80,Employed,Finance,2.6785,0.5666,37.9,0.07,1,1,2025-11-02,1
2390,8122,0,5065109.25,12.3533,180,MORTGAGE,Mortgage,80281.84,4565682.00,Self-employed,Healthcare,1.1094,0.2110,32.7,0.03,1,1,2025-05-14,7
2391,8123,0,965044.20,17.4602,60,PERSONAL,Personal Loan,30125.62,3229204.68,Self-employed,Hospitality,0.2988,0.1119,34.7,0.01,1,1,2025-11-08,1
2392,8126,1,621789.61,22.0106,24,PERSONAL,Personal Loan,37312.87,1888251.00,Employed,Manufacturing,0.3293,0.2371,50.1,0.11,1,1,2025-07-01,6
2394,8132,1,731569.63,21.8218,48,PERSONAL,Personal Loan,28544.51,1692718.68,Employed,Construction,0.4322,0.2024,44.6,0.40,1,1,2025-07-09,5
2395,8132,0,4984952.64,10.3033,180,MORTGAGE,Mortgage,70495.40,1692718.68,Employed,Construction,2.9449,0.4998,44.3,0.03,1,1,2025-02-24,9
2396,8136,0,203918.71,17.2067,36,PERSONAL,Personal Loan,8588.38,1419421.20,Employed,Construction,0.1437,0.0726,24.6,0.01,1,1,2025-10-26,2
2397,8137,0,1133657.50,19.4095,60,PERSONAL,Personal Loan,37230.73,2166416.76,Employed,Healthcare,0.5233,0.2062,50.8,0.04,1,1,2025-11-24,1
2398,8139,0,174086.66,18.4785,24,PERSONAL,Personal Loan,9934.33,1539248.64,Employed,Manufacturing,0.1131,0.0774,27.1,0.02,1,1,2025-07-13,5
2399,8145,0,1053618.33,18.0222,48,PERSONAL,Personal Loan,37774.15,1817746.20,Employed,Hospitality,0.5796,0.2494,56.4,0.01,2,1,2025-10-17,2
2400,8146,0,6932547.26,11.7290,300,MORTGAGE,Mortgage,90868.36,2180665.92,Self-employed,Education,3.1791,0.5000,52.5,0.07,1,1,2025-07-17,5
2401,8152,1,4293203.82,10.0538,180,MORTGAGE,Mortgage,59820.31,2324049.84,Employed,Finance,1.8473,0.3089,38.2,0.06,1,1,2025-07-28,5
2402,8154,0,2259262.51,13.3927,240,MORTGAGE,Mortgage,34628.28,1829490.36,Employed,Hospitality,1.2349,0.2271,46.7,0.12,1,1,2025-10-16,2
2403,8158,0,618529.66,20.8739,12,PERSONAL,Personal Loan,62303.41,2285763.12,Employed,Manufacturing,0.2706,0.3271,35.6,0.16,1,1,2025-06-12,6
2404,8161,0,7707355.32,14.0242,120,MORTGAGE,Mortgage,154302.54,1025475.24,Employed,Professional Services,7.5159,1.8056,29.8,0.05,1,1,2025-09-29,3
2405,8163,0,1410367.31,16.5059,12,PERSONAL,Personal Loan,136930.09,1930115.04,Employed,Public Sector,0.7307,0.8513,39.6,0.16,2,1,2025-06-28,6
2406,8171,0,9203917.05,11.3279,180,MORTGAGE,Mortgage,138017.08,3425360.64,Employed,Professional Services,2.6870,0.4835,32.5,0.08,1,1,2025-08-08,4
2407,8172,0,544469.88,24.6967,12,PERSONAL,Personal Loan,56578.00,1243181.40,Employed,Tech,0.4380,0.5461,23.2,0.07,2,1,2025-05-27,7
2408,8174,0,2671891.79,11.9354,180,MORTGAGE,Mortgage,41418.92,1937678.04,Employed,Transport,1.3789,0.2565,28.8,0.14,1,1,2025-11-09,1
2409,8175,0,860993.47,23.6317,48,PERSONAL,Personal Loan,34892.98,1049662.32,Self-employed,Manufacturing,0.8203,0.3989,64.4,0.05,1,1,2025-07-05,5
2410,8178,1,518565.48,19.2438,12,PERSONAL,Personal Loan,51529.77,3717963.00,Self-employed,Energy,0.1395,0.1663,42.7,0.16,2,1,2025-06-01,7
2412,8188,0,434679.98,22.8506,60,PERSONAL,Personal Loan,15521.91,5802429.36,Employed,Retail,0.0749,0.0321,45.6,0.41,3,1,2025-06-25,6
2413,8192,0,1190889.74,24.0883,48,PERSONAL,Personal Loan,48715.63,2775061.20,Employed,Tech,0.4291,0.2107,52.7,0.49,2,1,2025-07-10,5
2414,8193,0,1391592.03,24.0943,24,PERSONAL,Personal Loan,85924.20,4230005.64,Self-employed,Hospitality,0.3290,0.2438,42.4,0.08,1,0,2025-06-05,6
2415,8196,1,1005066.17,20.4706,60,PERSONAL,Personal Loan,33896.36,3074191.68,Employed,Healthcare,0.3269,0.1323,41.4,0.08,1,1,2025-06-27,6
2416,8196,0,6905767.64,10.6152,120,MORTGAGE,Mortgage,118636.48,3074191.68,Employed,Healthcare,2.2464,0.4631,41.4,0.10,1,1,2025-07-04,5
2418,8199,0,4757391.54,13.6852,300,MORTGAGE,Mortgage,70112.85,786394.92,Employed,Transport,6.0496,1.0699,23.9,0.06,1,1,2025-05-03,7
2419,8201,0,1194913.88,20.3437,24,PERSONAL,Personal Loan,70045.55,1741688.76,Employed,Healthcare,0.6861,0.4826,50.1,0.03,1,1,2025-11-05,1
2420,8202,0,615669.75,24.9955,12,PERSONAL,Personal Loan,64129.96,1272547.92,Employed,Healthcare,0.4838,0.6047,29.9,0.08,1,1,2025-07-01,6
2423,8212,1,8091314.60,12.5321,300,MORTGAGE,Mortgage,111472.02,1896481.68,Employed,Manufacturing,4.2665,0.7053,56.2,0.12,1,1,2025-06-07,6
2424,8213,1,7582028.25,10.8569,120,MORTGAGE,Mortgage,131781.34,0.00,Employed,Manufacturing,,,32.7,0.15,2,1,2025-04-20,8
2425,8215,0,394279.83,22.4614,48,PERSONAL,Personal Loan,15594.23,797502.48,Student,,0.4944,0.2346,17.7,0.02,1,1,2025-11-03,1
2426,8219,0,158179.04,20.2027,36,PERSONAL,Personal Loan,7056.90,5644846.92,Employed,Public Sector,0.0280,0.0150,36.4,0.04,2,1,2025-11-18,1
2428,8226,0,9312030.61,11.3775,180,MORTGAGE,Mortgage,140023.19,1467345.12,Employed,Hospitality,6.3462,1.1451,43.0,0.11,1,1,2025-08-26,4
2429,8227,0,1047882.74,21.9354,36,PERSONAL,Personal Loan,48262.63,1613103.72,Employed,Construction,0.6496,0.3590,48.1,0.02,1,1,2025-09-28,3
2430,8230,1,122105.79,20.1207,12,PERSONAL,Personal Loan,12222.86,979913.04,Student,,0.1246,0.1497,26.4,0.06,1,1,2025-04-29,7
2431,8234,1,1169472.74,17.8795,60,PERSONAL,Personal Loan,36915.87,1016009.28,Employed,Finance,1.1510,0.4360,39.7,0.03,1,1,2025-04-29,8
2432,8234,0,7168724.17,10.2603,300,MORTGAGE,Mortgage,85190.13,1016009.28,Employed,Finance,7.0558,1.0062,39.8,0.07,1,1,2025-05-14,7
2433,8244,1,493628.72,22.9804,12,PERSONAL,Personal Loan,50588.88,1756013.76,Employed,Retail,0.2811,0.3457,37.7,0.04,1,1,2025-06-13,6
2434,8244,0,3529429.23,14.6963,240,MORTGAGE,Mortgage,57930.58,1756013.76,Employed,Retail,2.0099,0.3959,37.8,0.10,1,1,2025-07-05,5
2435,8246,0,977836.30,16.8052,48,PERSONAL,Personal Loan,34065.54,2111859.12,Employed,Professional Services,0.4630,0.1936,23.9,0.15,1,1,2025-03-20,9
2436,8251,0,1103232.88,18.7118,60,PERSONAL,Personal Loan,35590.11,5124305.88,Employed,Professional Services,0.2153,0.0833,45.8,0.04,1,1,2025-08-23,4
2437,8253,1,222814.81,24.2466,12,PERSONAL,Personal Loan,23069.99,1301540.88,Employed,Healthcare,0.1712,0.2127,47.1,0.03,1,1,2025-07-20,5
2438,8253,0,7354498.20,13.3858,240,MORTGAGE,Mortgage,112681.94,1301540.88,Employed,Healthcare,5.6506,1.0389,47.2,0.08,1,1,2025-08-07,4
2439,8262,0,844401.42,21.2347,24,PERSONAL,Personal Loan,50125.57,1805090.28,Employed,Transport,0.4678,0.3332,35.7,0.13,1,1,2025-06-13,4
2440,8264,0,830903.57,16.1014,60,PERSONAL,Personal Loan,24997.32,1481853.36,Employed,Healthcare,0.5607,0.2024,47.5,0.15,1,1,2025-05-03,7
2441,8270,1,221333.50,21.2840,60,PERSONAL,Personal Loan,7614.61,1336619.28,Employed,Tech,0.1656,0.0684,27.6,0.03,1,1,2025-08-17,4
2442,8271,0,184247.81,24.5218,24,PERSONAL,Personal Loan,11442.07,1888261.80,Employed,Professional Services,0.0976,0.0727,40.9,0.00,1,1,2025-09-26,3
2443,8271,0,4560432.25,14.4485,300,MORTGAGE,Mortgage,70110.95,1888261.80,Employed,Professional Services,2.4151,0.4456,41.0,0.10,1,1,2025-10-31,2
2444,8275,0,629392.21,19.1190,60,PERSONAL,Personal Loan,20517.66,3690740.28,Employed,Hospitality,0.1705,0.0667,62.7,0.02,1,1,2025-10-23,2
2445,8275,0,5093606.51,11.9987,180,MORTGAGE,Mortgage,79228.36,3690740.28,Employed,Hospitality,1.3801,0.2576,62.7,0.11,1,1,2025-11-25,1
2446,8276,0,4724963.80,11.8254,180,MORTGAGE,Mortgage,72811.95,1922756.04,Employed,Tech,2.4574,0.4544,60.4,0.04,1,1,2025-02-01,11
2447,8285,0,446006.94,24.0057,12,PERSONAL,Personal Loan,46089.50,2962377.96,Employed,Energy,0.1506,0.1867,33.9,0.46,2,1,2025-07-11,5
2448,8285,0,5337799.66,10.8617,240,MORTGAGE,Mortgage,70555.48,2962377.96,Employed,Energy,1.8019,0.2858,33.6,0.11,1,1,2025-03-06,8
2449,8289,0,2796300.58,11.3517,300,MORTGAGE,Mortgage,35773.31,326121.60,Employed,Healthcare,8.5744,1.3163,39.3,0.06,1,1,2025-02-05,10
2451,8301,1,6799213.58,13.5575,120,MORTGAGE,Mortgage,133477.06,2391063.72,Employed,Education,2.8436,0.6699,54.7,0.08,1,1,2025-07-12,5
2452,8306,0,168757.73,20.0893,36,PERSONAL,Personal Loan,7512.90,2223071.40,Employed,Energy,0.0759,0.0406,28.6,0.00,1,1,2025-11-06,1
2454,8309,0,5406004.93,10.6778,120,MORTGAGE,Mortgage,93153.57,2820212.52,Employed,Manufacturing,1.9169,0.3964,42.5,0.07,2,0,2025-10-08,2
2456,8320,0,520378.89,20.5716,60,PERSONAL,Personal Loan,17593.84,1062470.16,Employed,Transport,0.4898,0.1987,48.3,0.02,1,1,2025-07-07,5
2458,8340,0,1115850.07,21.6275,60,PERSONAL,Personal Loan,38708.37,1189979.52,Employed,Transport,0.9377,0.3903,39.3,0.04,1,1,2025-07-05,5
2459,8350,0,2107314.38,13.8690,300,MORTGAGE,Mortgage,31379.67,2019159.12,Employed,Tech,1.0437,0.1865,40.8,0.08,1,1,2025-05-15,7
2460,8351,0,615686.44,18.9674,60,PERSONAL,Personal Loan,19993.08,1762280.04,Employed,Transport,0.3494,0.1361,43.5,0.02,1,1,2025-08-20,4
2461,8366,0,735884.56,24.2817,12,PERSONAL,Personal Loan,76214.15,2394212.16,Employed,Finance,0.3074,0.3820,49.3,0.30,1,1,2025-06-15,6
2462,8367,1,228350.06,20.7433,60,PERSONAL,Personal Loan,7753.11,1030515.60,Employed,Professional Services,0.2216,0.0903,36.9,0.06,1,1,2025-05-26,7
2463,8370,0,612000.38,20.7600,24,PERSONAL,Personal Loan,36087.62,1408843.68,Employed,Healthcare,0.4344,0.3074,57.1,0.02,1,1,2025-09-25,3
2465,8386,0,897723.19,16.1411,12,PERSONAL,Personal Loan,86885.47,2539681.80,Employed,Transport,0.3535,0.4105,50.7,0.02,1,1,2025-11-29,1
2466,8387,1,241057.74,22.5026,24,PERSONAL,Personal Loan,14564.43,628131.12,Retired,,0.3838,0.2782,71.9,0.02,1,1,2025-03-17,9
2467,8388,1,466402.07,17.0282,24,PERSONAL,Personal Loan,26051.74,2568108.36,Employed,Construction,0.1816,0.1217,42.6,0.02,1,1,2025-11-04,1
2468,8394,0,3492703.93,11.5045,300,MORTGAGE,Mortgage,45127.19,3351230.28,Employed,Hospitality,1.0422,0.1616,56.7,0.10,1,1,2025-08-09,4
2469,8402,1,1162453.64,17.6737,48,PERSONAL,Personal Loan,41338.50,2477016.84,Employed,Professional Services,0.4693,0.2003,52.6,0.12,2,1,2025-06-08,6
2470,8402,0,6585716.65,12.9783,120,MORTGAGE,Mortgage,126107.14,2477016.84,Employed,Professional Services,2.6587,0.6109,52.5,0.07,1,1,2025-05-20,7
2471,8404,0,4605647.50,14.5710,300,MORTGAGE,Mortgage,71276.23,1613784.84,Employed,Construction,2.8539,0.5300,42.2,0.11,2,1,2025-04-15,8
2472,8405,0,2966908.53,12.4329,180,MORTGAGE,Mortgage,47222.22,4542540.24,Employed,Tech,0.6531,0.1247,42.6,0.15,2,1,2025-10-18,2
2476,8418,1,335337.16,17.4575,36,PERSONAL,Personal Loan,14193.38,1713247.20,Employed,Energy,0.1957,0.0994,43.9,0.10,2,1,2025-03-24,9
2477,8420,0,8337140.84,11.7626,180,MORTGAGE,Mortgage,128039.49,2208944.28,Employed,Energy,3.7743,0.6956,58.6,0.05,1,1,2025-05-25,7
2478,8426,0,1251551.44,19.5763,12,PERSONAL,Personal Loan,124713.24,0.00,Self-employed,Manufacturing,,,48.0,0.01,1,1,2025-07-25,5
2479,8432,0,4623395.62,13.9826,180,MORTGAGE,Mortgage,79558.11,2387358.12,Self-employed,Professional Services,1.9366,0.3999,53.1,0.04,1,1,2025-05-10,7
2481,8440,0,501405.08,21.5771,48,PERSONAL,Personal Loan,19461.66,6389721.72,Employed,Healthcare,0.0785,0.0365,41.6,0.22,2,1,2025-07-14,5
2482,8450,0,1084915.77,22.0217,60,PERSONAL,Personal Loan,37991.67,2026488.60,Self-employed,Education,0.5354,0.2250,36.8,0.26,1,1,2025-05-27,7
2483,8452,0,9279950.77,10.6356,180,MORTGAGE,Mortgage,133803.49,2254481.40,Employed,Manufacturing,4.1162,0.7122,50.1,0.04,1,1,2025-11-09,1
2484,8454,0,806708.55,23.1355,24,PERSONAL,Personal Loan,49165.86,5078330.04,Employed,Hospitality,0.1589,0.1162,59.9,0.16,1,1,2025-04-06,8
2488,8462,0,3841929.14,14.0529,180,MORTGAGE,Mortgage,66335.92,5011690.08,Employed,Healthcare,0.7666,0.1588,40.6,0.10,1,1,2025-05-24,5
2489,8463,0,1497342.47,24.2888,48,PERSONAL,Personal Loan,61501.84,2317586.52,Self-employed,Finance,0.6461,0.3184,41.5,0.01,1,1,2025-11-20,1
2490,8464,0,815255.72,21.2807,12,PERSONAL,Personal Loan,82395.65,1987743.72,Employed,Finance,0.4101,0.4974,59.3,0.07,1,1,2025-07-04,5
2491,8466,0,610337.24,20.2754,60,PERSONAL,Personal Loan,20484.65,1769308.08,Employed,Public Sector,0.3450,0.1389,52.6,0.02,1,1,2025-08-06,4
2492,8466,0,8849978.09,12.7562,120,MORTGAGE,Mortgage,167826.56,1769308.08,Employed,Public Sector,5.0019,1.1383,52.7,0.11,1,1,2025-09-09,3
2493,8471,0,210518.24,17.4346,48,PERSONAL,Personal Loan,7444.38,1475906.88,Employed,Retail,0.1426,0.0605,27.5,0.02,1,1,2025-11-05,1
2494,8480,1,1150272.49,19.8369,24,PERSONAL,Personal Loan,66942.89,3630668.52,Self-employed,Manufacturing,0.3168,0.2213,53.0,0.04,1,1,2025-07-19,5
2495,8481,0,968605.85,19.6837,24,PERSONAL,Personal Loan,56246.70,3793312.20,Self-employed,Retail,0.2553,0.1779,38.3,0.04,1,1,2025-05-17,7
2496,8483,0,106214.67,17.8983,12,PERSONAL,Personal Loan,10435.44,470210.28,Retired,,0.2259,0.2663,55.4,0.07,1,1,2025-04-28,8
2497,8484,0,4699794.77,13.2052,180,MORTGAGE,Mortgage,77828.08,1338015.00,Employed,Healthcare,3.5125,0.6980,60.8,0.08,1,1,2025-02-17,10
2498,8485,1,954999.71,18.0568,36,PERSONAL,Personal Loan,40897.97,821126.88,Employed,Public Sector,1.1630,0.5977,48.4,0.04,1,1,2025-05-20,7
2501,8495,0,943803.82,24.9699,36,PERSONAL,Personal Loan,45855.68,1488235.32,Employed,Professional Services,0.6342,0.3697,42.5,0.03,1,1,2025-10-05,2
2502,8497,0,1398030.43,17.5244,60,PERSONAL,Personal Loan,43716.88,6585313.44,Self-employed,Transport,0.2123,0.0797,64.0,0.03,1,1,2025-09-17,3
2503,8506,0,318455.36,17.4923,12,PERSONAL,Personal Loan,31180.04,1712712.36,Employed,Healthcare,0.1859,0.2185,61.4,0.03,1,1,2025-11-05,1
2504,8507,0,334808.91,19.1921,24,PERSONAL,Personal Loan,19305.11,1549223.04,Employed,Construction,0.2161,0.1495,42.7,0.02,1,1,2025-07-15,5
2505,8507,0,3464670.11,12.1899,300,MORTGAGE,Mortgage,46743.89,1549223.04,Employed,Construction,2.2364,0.3621,42.7,0.05,1,1,2025-07-25,5
2506,8510,0,193061.58,24.2511,24,PERSONAL,Personal Loan,11945.86,1365160.56,Employed,Construction,0.1414,0.1050,25.3,0.01,1,1,2025-11-11,1
2507,8516,0,504663.28,22.2512,60,PERSONAL,Personal Loan,17768.86,3508555.80,Employed,Retail,0.1438,0.0608,58.8,0.44,2,1,2025-06-25,6
2509,8518,0,759039.23,17.3199,24,PERSONAL,Personal Loan,42582.04,1787367.24,Employed,Retail,0.4247,0.2859,39.2,0.20,1,1,2025-06-29,6
2510,8525,1,8702521.74,12.5001,120,MORTGAGE,Mortgage,163173.01,1922333.04,Employed,Public Sector,4.5271,1.0186,49.8,0.11,1,1,2025-08-25,4
2513,8531,0,1047523.23,18.8170,60,PERSONAL,Personal Loan,33884.76,1669825.80,Employed,Professional Services,0.6273,0.2435,52.6,0.06,1,1,2025-05-20,7
2514,8531,0,2916386.26,12.5472,120,MORTGAGE,Mortgage,54796.95,1669825.80,Employed,Professional Services,1.7465,0.3938,52.6,0.05,1,1,2025-05-17,7
2515,8535,0,6137044.99,11.9206,120,MORTGAGE,Mortgage,112106.42,3350161.44,Self-employed,Finance,1.8319,0.4016,48.0,0.08,2,1,2025-07-02,5
2516,8540,0,9231058.04,11.4647,300,MORTGAGE,Mortgage,118962.95,3693609.36,Employed,Energy,2.4992,0.3865,33.3,0.10,1,1,2025-03-08,8
2519,8548,0,6942209.80,10.6079,300,MORTGAGE,Mortgage,84509.26,2627826.72,Employed,Healthcare,2.6418,0.3859,48.3,0.06,1,1,2025-10-28,2
2521,8550,0,207989.10,16.5382,24,PERSONAL,Personal Loan,11532.68,3582151.92,Self-employed,Professional Services,0.0581,0.0386,53.6,0.22,1,1,2025-06-04,6
2522,8551,0,694763.33,24.7636,48,PERSONAL,Personal Loan,28811.60,2255733.72,Employed,Professional Services,0.3080,0.1533,47.1,0.02,1,1,2025-07-21,5
2523,8556,1,492888.99,18.6453,48,PERSONAL,Personal Loan,17926.91,1305558.60,Employed,Professional Services,0.3775,0.1648,47.5,0.25,1,1,2025-05-11,6
2524,8556,0,4269771.30,12.5190,120,MORTGAGE,Mortgage,80125.82,1305558.60,Employed,Professional Services,3.2705,0.7365,47.3,0.07,1,1,2025-03-04,9
2526,8559,0,1393244.91,17.7789,48,PERSONAL,Personal Loan,49667.90,2988045.36,Self-employed,Hospitality,0.4663,0.1995,45.1,0.09,1,1,2025-04-12,8
2527,8559,0,8663533.47,13.6842,180,MORTGAGE,Mortgage,146925.35,2988045.36,Self-employed,Hospitality,2.8994,0.5901,45.2,0.11,1,1,2025-04-18,8
2528,8561,0,157891.80,16.8313,24,PERSONAL,Personal Loan,8793.43,2121884.04,Employed,Finance,0.0744,0.0497,57.6,0.20,1,1,2025-03-22,9
2529,8561,1,8114381.99,13.8846,180,MORTGAGE,Mortgage,138967.36,2121884.04,Employed,Finance,3.8241,0.7859,57.5,0.10,1,1,2025-02-15,10
2531,8564,1,1068732.77,20.3061,60,PERSONAL,Personal Loan,35897.04,2014012.68,Employed,Energy,0.5306,0.2139,39.8,0.03,1,1,2025-07-23,5
2532,8565,1,224371.07,23.2625,48,PERSONAL,Personal Loan,9023.92,1883721.48,Self-employed,Finance,0.1191,0.0575,60.3,0.15,1,1,2025-06-05,6
2534,8568,0,1209782.67,22.9061,60,PERSONAL,Personal Loan,43255.88,6208946.76,Employed,Retail,0.1948,0.0836,45.0,0.27,1,1,2025-07-02,5
2535,8568,0,9971951.11,12.7534,240,MORTGAGE,Mortgage,147530.03,6208946.76,Employed,Retail,1.6061,0.2851,44.8,0.08,1,1,2025-04-24,8
2536,8571,0,1414300.14,24.4191,60,PERSONAL,Personal Loan,52351.62,5101342.20,Employed,Healthcare,0.2772,0.1231,53.5,0.27,1,1,2025-05-20,7
2537,8590,0,884650.34,20.1387,60,PERSONAL,Personal Loan,29590.60,712534.68,Employed,Finance,1.2416,0.4983,61.6,0.19,1,1,2025-04-10,8
2538,8590,0,3000823.85,10.0600,300,MORTGAGE,Mortgage,35159.65,712534.68,Employed,Finance,4.2115,0.5921,61.5,0.09,1,1,2025-03-05,9
2539,8591,0,9093360.47,14.4468,180,MORTGAGE,Mortgage,159993.64,1863898.32,Employed,Retail,4.8787,1.0301,31.7,0.04,1,1,2025-05-13,7
2540,8592,1,6060912.49,11.3223,240,MORTGAGE,Mortgage,82440.03,1197325.32,Employed,Public Sector,5.0620,0.8262,33.8,0.03,1,0,2025-05-02,7
2541,8593,1,6769403.70,13.2574,240,MORTGAGE,Mortgage,102993.09,4446509.52,Employed,Transport,1.5224,0.2780,50.8,0.08,1,1,2025-04-09,8
2542,8595,0,800784.45,18.6378,60,PERSONAL,Personal Loan,25783.79,822320.16,Employed,Public Sector,0.9738,0.3763,29.1,0.02,1,1,2025-11-27,1
2543,8596,0,783723.21,18.5144,60,PERSONAL,Personal Loan,25153.86,2666664.60,Employed,Transport,0.2939,0.1132,54.6,0.15,1,1,2025-05-27,7
2544,8602,1,1320814.89,24.5454,60,PERSONAL,Personal Loan,49030.19,3226481.76,Employed,Energy,0.4094,0.1824,63.0,0.25,2,0,2025-06-14,6
2545,8603,0,591628.06,22.1916,24,PERSONAL,Personal Loan,35592.15,1737370.92,Employed,Finance,0.3405,0.2458,31.2,0.21,1,1,2025-06-03,6
2547,8611,0,1166793.32,22.5988,24,PERSONAL,Personal Loan,70589.83,2456643.48,Employed,Construction,0.4750,0.3448,39.1,0.43,1,1,2025-06-20,6
2548,8614,0,483076.97,23.2408,36,PERSONAL,Personal Loan,22774.72,2049118.56,Employed,Education,0.2357,0.1334,60.8,0.13,1,0,2025-05-01,8
2549,8617,1,1168344.90,18.1626,36,PERSONAL,Personal Loan,50137.51,3306478.68,Self-employed,Manufacturing,0.3534,0.1820,42.8,0.04,1,0,2025-05-06,7
2550,8625,0,842666.57,24.7892,24,PERSONAL,Personal Loan,52518.63,5439619.68,Self-employed,Transport,0.1549,0.1159,47.4,0.04,1,1,2025-05-23,7
2551,8626,0,604184.88,19.5821,24,PERSONAL,Personal Loan,35033.71,2499801.00,Employed,Finance,0.2417,0.1682,36.9,0.14,1,1,2025-07-09,5
2552,8627,0,893619.16,19.5437,60,PERSONAL,Personal Loan,29447.51,1806790.92,Employed,Finance,0.4946,0.1956,47.9,0.23,1,1,2025-06-03,6
2553,8627,0,3914395.18,14.5213,300,MORTGAGE,Mortgage,60416.41,1806790.92,Employed,Finance,2.1665,0.4013,47.8,0.09,1,1,2025-04-11,8
2554,8629,0,1069428.06,23.0542,12,PERSONAL,Personal Loan,109664.68,1843005.36,Employed,Public Sector,0.5803,0.7140,49.9,0.03,1,1,2025-11-15,1
2556,8632,0,768224.94,17.3762,24,PERSONAL,Personal Loan,43133.40,1269391.08,Employed,Finance,0.6052,0.4078,29.8,0.03,1,1,2025-10-16,2
2558,8636,0,176520.00,24.8013,48,PERSONAL,Personal Loan,7325.77,678298.08,Student,,0.2602,0.1296,22.8,0.14,1,1,2025-05-07,7
2559,8642,0,3732040.67,14.0882,120,MORTGAGE,Mortgage,74915.12,1395641.64,Employed,Retail,2.6741,0.6441,49.6,0.04,1,1,2025-10-19,2
2561,8650,0,726272.80,16.5850,36,PERSONAL,Personal Loan,30211.94,2287651.44,Employed,Manufacturing,0.3175,0.1585,46.8,0.33,1,1,2025-06-25,6
2562,8663,0,3735761.41,11.7704,240,MORTGAGE,Mortgage,52208.51,2606721.24,Employed,Public Sector,1.4331,0.2403,57.2,0.09,1,1,2025-03-18,9
2563,8676,1,872286.81,24.7190,48,PERSONAL,Personal Loan,36141.02,197953.32,Employed,Construction,4.4065,2.1909,34.5,0.02,1,1,2025-06-19,6
2564,8681,0,657763.85,20.2943,48,PERSONAL,Personal Loan,24827.46,1912276.80,Employed,Tech,0.3440,0.1558,52.9,0.14,1,1,2025-06-20,6
2565,8682,0,575581.99,22.8057,24,PERSONAL,Personal Loan,34921.37,2332412.16,Employed,Construction,0.2468,0.1797,48.2,0.10,1,1,2025-06-30,6
2566,8684,0,667423.19,21.3396,24,PERSONAL,Personal Loan,39678.09,1637710.56,Employed,Public Sector,0.4075,0.2907,41.2,0.01,1,1,2025-07-29,5
2567,8684,0,3192477.55,11.7881,120,MORTGAGE,Mortgage,57965.02,1637710.56,Employed,Public Sector,1.9494,0.4247,41.2,0.04,1,1,2025-08-10,4
2568,8685,1,403691.56,20.6132,24,PERSONAL,Personal Loan,23754.96,1432129.80,Employed,Tech,0.2819,0.1990,27.1,0.12,1,1,2025-05-05,7
2569,8699,0,1025037.24,23.1840,12,PERSONAL,Personal Loan,105223.49,2255097.96,Employed,Energy,0.4545,0.5599,56.7,0.18,1,1,2025-04-21,8
2571,8707,1,9492332.25,11.3258,120,MORTGAGE,Mortgage,168692.98,686777.52,Employed,Retail,13.8216,2.9476,34.8,0.07,1,1,2025-03-25,8
2573,8716,0,796715.15,16.5112,36,PERSONAL,Personal Loan,33093.25,1352733.72,Employed,Healthcare,0.5890,0.2936,26.3,0.07,1,1,2025-04-12,8
2574,8717,0,1107788.97,16.3861,12,PERSONAL,Personal Loan,107442.70,2438766.24,Employed,Public Sector,0.4542,0.5287,43.4,0.03,1,1,2025-09-28,3
2575,8717,0,4352805.54,14.2358,120,MORTGAGE,Mortgage,87911.44,2438766.24,Employed,Public Sector,1.7848,0.4326,43.5,0.10,1,1,2025-10-23,2
2576,8719,0,997149.27,21.2875,36,PERSONAL,Personal Loan,45387.60,3976634.88,Self-employed,Construction,0.2508,0.1370,49.1,0.02,1,1,2025-07-06,5
2577,8721,0,9916883.35,11.9721,120,MORTGAGE,Mortgage,181578.96,3761580.48,Employed,Manufacturing,2.6364,0.5793,34.8,0.07,1,1,2025-09-11,3
2578,8733,1,1061351.87,16.2978,24,PERSONAL,Personal Loan,58637.75,2126015.88,Employed,Energy,0.4992,0.3310,58.6,0.08,1,1,2025-06-22,5
2579,8733,0,8297973.03,14.8413,300,MORTGAGE,Mortgage,130287.17,2126015.88,Employed,Energy,3.9031,0.7354,58.6,0.13,1,1,2025-07-10,5
2580,8738,0,272289.82,22.3913,24,PERSONAL,Personal Loan,16426.18,1634873.16,Employed,Energy,0.1666,0.1206,26.6,0.36,1,1,2025-07-08,5
2581,8742,1,9509450.73,13.3051,240,MORTGAGE,Mortgage,145059.54,642250.44,Student,,14.8065,2.7103,20.7,0.08,1,1,2025-01-30,11
2582,8743,0,553667.92,16.8197,12,PERSONAL,Personal Loan,53899.43,2881038.12,Employed,Energy,0.1922,0.2245,58.1,0.18,1,1,2025-03-12,9
2583,8750,0,1104578.86,16.5513,24,PERSONAL,Personal Loan,61259.30,1403113.44,Employed,Education,0.7872,0.5239,57.1,0.07,1,1,2025-05-02,7
2585,8757,0,3897128.96,11.9872,240,MORTGAGE,Mortgage,55167.76,2574297.60,Employed,Hospitality,1.5139,0.2572,49.9,0.05,1,1,2025-04-22,8
2586,8763,0,2051698.66,10.3449,240,MORTGAGE,Mortgage,26235.93,2716676.04,Employed,Retail,0.7552,0.1159,55.5,0.13,1,1,2025-10-02,2
2587,8767,0,1149062.93,18.2040,60,PERSONAL,Personal Loan,36582.33,1382669.76,Employed,Finance,0.8310,0.3175,47.7,0.02,1,1,2025-04-22,7
2588,8769,0,1001798.92,17.6856,60,PERSONAL,Personal Loan,31461.16,3710423.40,Employed,Healthcare,0.2700,0.1017,53.4,0.01,1,1,2025-07-07,5
2591,8776,0,1043843.96,24.5028,48,PERSONAL,Personal Loan,43061.00,1737321.72,Employed,Tech,0.6008,0.2974,48.3,0.02,1,1,2025-11-30,1
2592,8780,0,1355104.99,19.5203,12,PERSONAL,Personal Loan,134968.80,0.00,Employed,Finance,,,38.1,0.10,1,0,2025-06-04,5
2593,8785,0,207559.41,18.1749,24,PERSONAL,Personal Loan,11791.95,1299830.88,Employed,Construction,0.1597,0.1089,40.6,0.02,1,1,2025-10-07,2
2594,8786,0,271588.61,22.4461,12,PERSONAL,Personal Loan,27712.47,3823035.72,Employed,Tech,0.0710,0.0870,36.5,0.15,1,1,2025-05-19,7
2595,8788,0,1356286.98,16.9163,24,PERSONAL,Personal Loan,75631.42,5979021.72,Employed,Tech,0.2268,0.1518,41.8,0.01,1,1,2025-09-06,3
2596,8794,1,901316.54,23.8601,12,PERSONAL,Personal Loan,93030.96,3621590.52,Self-employed,Manufacturing,0.2489,0.3083,38.6,0.02,1,1,2025-10-13,2
2597,8796,0,2320473.95,12.6842,240,MORTGAGE,Mortgage,34196.44,1846085.76,Employed,Finance,1.2570,0.2223,38.5,0.09,1,1,2025-10-06,2
2599,8803,1,252866.25,24.7098,60,PERSONAL,Personal Loan,9421.33,760358.40,Employed,Retail,0.3326,0.1487,32.9,0.08,1,1,2025-04-14,8
2600,8803,1,6949868.81,14.6709,300,MORTGAGE,Mortgage,108133.59,760358.40,Employed,Retail,9.1403,1.7066,32.9,0.11,1,1,2025-04-24,8
2601,8804,0,9636799.08,13.9959,120,MORTGAGE,Mortgage,192703.06,5247056.40,Employed,Construction,1.8366,0.4407,40.5,0.12,1,1,2025-03-08,9
2602,8809,0,1057832.29,19.6142,36,PERSONAL,Personal Loan,46674.68,1027198.32,Employed,Hospitality,1.0298,0.5453,32.3,0.03,1,1,2025-08-29,4
2603,8809,0,5940493.37,10.5213,300,MORTGAGE,Mortgage,71886.41,1027198.32,Employed,Hospitality,5.7832,0.8398,32.4,0.12,1,1,2025-09-30,3
2604,8811,0,371919.46,24.4803,24,PERSONAL,Personal Loan,23083.89,1612349.88,Employed,Hospitality,0.2307,0.1718,51.3,0.14,1,1,2025-05-25,7
2605,8814,1,229938.33,16.2914,36,PERSONAL,Personal Loan,9508.86,549911.04,Student,,0.4181,0.2075,21.9,0.18,1,1,2025-03-10,8
2606,8829,0,373711.34,16.8497,24,PERSONAL,Personal Loan,20818.74,536176.68,Employed,Public Sector,0.6970,0.4659,24.3,0.08,1,1,2025-03-14,8
2607,8829,0,9402806.14,12.9710,240,MORTGAGE,Mortgage,140814.86,536176.68,Employed,Public Sector,17.5368,3.1515,24.3,0.10,1,1,2025-03-24,9
2609,8840,0,1173613.10,22.8123,36,PERSONAL,Personal Loan,54911.04,1916117.28,Employed,Transport,0.6125,0.3439,49.2,0.35,2,0,2025-06-04,5
2610,8843,0,745078.53,24.1393,24,PERSONAL,Personal Loan,46033.00,1668317.40,Self-employed,Manufacturing,0.4466,0.3311,45.6,0.10,1,1,2025-06-18,6
2611,8847,0,5576914.99,14.1827,300,MORTGAGE,Mortgage,84502.81,1591151.16,Employed,Public Sector,3.5050,0.6373,29.6,0.07,1,1,2025-08-31,4
2612,8849,0,877773.35,21.7447,36,PERSONAL,Personal Loan,40288.36,2280522.72,Employed,Retail,0.3849,0.2120,33.9,0.12,1,1,2025-04-10,8
2613,8850,0,987651.22,24.0081,12,PERSONAL,Personal Loan,102063.96,2027214.00,Employed,Hospitality,0.4872,0.6042,48.7,0.01,1,1,2025-07-24,5
2614,8852,0,822937.05,23.0181,48,PERSONAL,Personal Loan,32929.89,2157645.72,Employed,Energy,0.3814,0.1831,36.8,0.02,1,0,2025-10-07,2
2615,8855,1,8504323.24,11.7218,240,MORTGAGE,Mortgage,118506.33,2190418.32,Employed,Retail,3.8825,0.6492,56.0,0.07,1,1,2025-06-27,6
2616,8858,0,418231.31,17.2732,36,PERSONAL,Personal Loan,17637.70,2243837.64,Employed,Hospitality,0.1864,0.0943,24.7,0.44,2,1,2025-07-01,6
2617,8868,1,8181042.16,14.3540,120,MORTGAGE,Mortgage,166034.25,1810417.08,Employed,Public Sector,4.5189,1.1005,40.5,0.07,1,1,2025-05-21,7
2618,8869,0,8414183.63,12.4465,300,MORTGAGE,Mortgage,115319.89,655984.44,Student,,12.8268,2.1096,22.4,0.07,1,1,2025-09-06,3
2619,8870,0,3630958.59,11.4568,180,MORTGAGE,Mortgage,54837.96,4694718.60,Employed,Finance,0.7734,0.1402,42.6,0.12,2,1,2025-02-25,10
2620,8876,0,7568846.13,14.0876,120,MORTGAGE,Mortgage,151929.45,3441997.20,Employed,Construction,2.1990,0.5297,42.7,0.14,1,1,2025-07-09,5
2621,8881,0,702159.80,16.8647,48,PERSONAL,Personal Loan,24496.42,567051.12,Employed,Construction,1.2383,0.5184,52.1,0.22,1,1,2025-07-17,5
2622,8886,1,816811.82,16.5959,36,PERSONAL,Personal Loan,33985.66,2036181.24,Employed,Transport,0.4011,0.2003,33.1,0.15,2,1,2025-07-02,5
2625,8896,0,226168.70,20.8716,36,PERSONAL,Personal Loan,10216.22,2007591.12,Employed,Professional Services,0.1127,0.0611,25.2,0.02,1,1,2025-07-28,5
2626,8906,0,2123920.33,14.8094,180,MORTGAGE,Mortgage,38011.21,1334904.48,Employed,Public Sector,1.5911,0.3417,46.0,0.10,1,0,2025-05-02,7
2628,8913,0,389978.96,24.2008,48,PERSONAL,Personal Loan,15989.40,1355005.08,Employed,Education,0.2878,0.1416,29.4,0.19,1,1,2025-07-07,5
2629,8919,0,4448847.91,11.2466,240,MORTGAGE,Mortgage,60232.21,1734852.72,Employed,Public Sector,2.5644,0.4166,45.1,0.11,1,1,2025-07-30,5
2630,8921,0,9026303.62,14.3368,120,MORTGAGE,Mortgage,183059.45,3939637.32,Employed,Transport,2.2912,0.5576,48.0,0.07,1,1,2025-06-09,6
2631,8929,0,334644.23,23.2042,12,PERSONAL,Personal Loan,34357.98,2242512.84,Self-employed,Construction,0.1492,0.1839,38.4,0.14,1,1,2025-05-10,7
2633,8937,0,846366.48,24.6396,60,PERSONAL,Personal Loan,31484.55,1668960.12,Employed,Transport,0.5071,0.2264,26.0,0.02,1,1,2025-11-14,1
2634,8937,0,6945274.43,11.4842,180,MORTGAGE,Mortgage,105052.29,1668960.12,Employed,Transport,4.1614,0.7553,26.1,0.05,1,1,2025-11-24,1
2635,8938,1,868754.12,21.4881,60,PERSONAL,Personal Loan,30035.80,3193357.68,Employed,Professional Services,0.2721,0.1129,62.3,0.01,2,1,2025-05-19,7
2636,8941,0,199556.29,18.5612,24,PERSONAL,Personal Loan,11401.52,1427586.00,Employed,Education,0.1398,0.0958,55.2,0.02,1,1,2025-01-07,11
2637,8941,1,5317024.77,14.1156,300,MORTGAGE,Mortgage,80267.58,1427586.00,Employed,Education,3.7245,0.6747,55.2,0.10,1,1,2025-02-06,10
2638,8942,1,870734.74,23.8411,60,PERSONAL,Personal Loan,31811.64,1771265.28,Employed,Transport,0.4916,0.2155,50.3,0.24,1,1,2025-05-22,7
2639,8942,0,4925683.43,11.4739,180,MORTGAGE,Mortgage,74462.24,1771265.28,Employed,Transport,2.7809,0.5045,50.1,0.08,1,1,2025-03-27,9
2640,8946,0,2335083.83,13.4022,300,MORTGAGE,Mortgage,33863.00,3166599.60,Employed,Energy,0.7374,0.1283,35.0,0.12,1,1,2025-11-03,1
2641,8949,0,1410557.65,20.3399,60,PERSONAL,Personal Loan,47418.13,3568652.64,Self-employed,Education,0.3953,0.1594,35.8,0.14,1,1,2025-05-28,5
2642,8949,1,8718956.54,12.1886,120,MORTGAGE,Mortgage,161217.87,3568652.64,Self-employed,Education,2.4432,0.5421,35.8,0.07,1,1,2025-05-04,7
2643,8953,1,6040844.20,14.1256,240,MORTGAGE,Mortgage,96278.97,2185856.88,Employed,Public Sector,2.7636,0.5286,37.8,0.07,1,1,2025-08-19,3
2644,8960,0,5151064.53,14.6733,240,MORTGAGE,Mortgage,84448.70,4633789.20,Employed,Tech,1.1116,0.2187,42.2,0.14,1,1,2025-08-19,4
2645,8963,1,3161067.93,10.5164,120,MORTGAGE,Mortgage,54044.78,3491856.12,Employed,Construction,0.9053,0.1857,41.2,0.12,1,1,2025-11-15,1
2646,8970,0,556266.00,19.8155,36,PERSONAL,Personal Loan,24637.41,1491172.44,Employed,Construction,0.3730,0.1983,30.5,0.05,1,1,2025-04-15,8
2647,8973,1,652648.52,18.3041,12,PERSONAL,Personal Loan,64342.50,5617813.80,Employed,Energy,0.1162,0.1374,62.7,0.30,1,1,2025-05-03,7
2648,8976,0,779545.07,18.4049,36,PERSONAL,Personal Loan,33610.24,2048170.80,Employed,Healthcare,0.3806,0.1969,65.4,0.46,2,1,2025-06-29,6
2649,8976,0,5510206.35,13.0618,120,MORTGAGE,Mortgage,105896.06,2048170.80,Employed,Healthcare,2.6903,0.6204,65.0,0.10,1,1,2025-02-15,10
2650,8977,0,8484652.73,13.2378,240,MORTGAGE,Mortgage,128951.17,2889598.92,Employed,Education,2.9363,0.5355,41.3,0.10,2,1,2025-09-24,3
2652,8990,0,511531.41,22.7329,36,PERSONAL,Personal Loan,23899.70,2014179.12,Employed,Retail,0.2540,0.1424,50.3,0.33,1,1,2025-06-01,7
2653,8990,0,9893529.91,12.3235,180,MORTGAGE,Mortgage,156566.48,2014179.12,Employed,Retail,4.9119,0.9328,50.1,0.12,1,1,2025-03-18,9
2654,8992,0,281665.14,23.4457,24,PERSONAL,Personal Loan,17239.24,2375620.44,Employed,Public Sector,0.1186,0.0871,36.0,0.02,1,1,2025-11-25,1
2655,8995,0,1258129.64,19.7893,12,PERSONAL,Personal Loan,125592.06,2468153.04,Employed,Public Sector,0.5097,0.6106,62.0,0.03,1,1,2025-11-05,1
2657,9000,0,5254143.73,10.4487,180,MORTGAGE,Mortgage,74938.83,2633810.04,Employed,Professional Services,1.9949,0.3414,36.0,0.11,1,1,2025-10-20,2
2658,9001,0,4960516.99,11.6983,180,MORTGAGE,Mortgage,75916.44,2007929.76,Employed,Transport,2.4705,0.4537,34.4,0.11,1,1,2025-05-12,7
2659,9002,0,996581.41,21.4012,36,PERSONAL,Personal Loan,45456.18,337914.48,Employed,Construction,2.9492,1.6142,63.7,0.25,2,1,2025-06-06,6
2660,9007,1,197509.74,21.1102,36,PERSONAL,Personal Loan,8960.94,1441797.36,Employed,Education,0.1370,0.0746,43.6,0.15,1,1,2025-05-06,7
2661,9009,0,610114.59,22.9558,48,PERSONAL,Personal Loan,24382.11,1909880.28,Employed,Energy,0.3195,0.1532,49.6,0.13,1,1,2025-07-12,5
2662,9009,0,4825435.25,11.6280,300,MORTGAGE,Mortgage,62843.25,1909880.28,Employed,Energy,2.5266,0.3949,49.5,0.10,1,1,2025-07-02,5
2664,9013,0,6821421.52,10.0273,180,MORTGAGE,Mortgage,94897.15,1082146.08,Employed,Hospitality,6.3036,1.0523,47.8,0.11,2,1,2025-06-12,6
2665,9014,1,867851.53,18.6394,36,PERSONAL,Personal Loan,37587.18,2298587.64,Self-employed,Construction,0.3776,0.1962,53.4,0.04,1,1,2025-08-28,4
2666,9015,0,102752.20,23.1914,48,PERSONAL,Personal Loan,4126.48,437333.04,Employed,Finance,0.2350,0.1132,56.5,0.02,1,1,2025-05-22,7
2667,9015,0,2525033.66,13.2752,180,MORTGAGE,Mortgage,41961.57,437333.04,Employed,Finance,5.7737,1.1514,56.6,0.08,1,1,2025-06-15,6
2668,9021,0,332854.75,20.6427,48,PERSONAL,Personal Loan,12660.32,7866318.48,Employed,Healthcare,0.0423,0.0193,38.8,0.11,1,1,2025-06-25,6
2670,9030,0,6829253.47,13.8322,300,MORTGAGE,Mortgage,101483.84,5406740.28,Employed,Professional Services,1.2631,0.2252,58.3,0.15,1,1,2025-11-03,1
2671,9032,0,819678.93,23.4178,48,PERSONAL,Personal Loan,33072.54,1288990.56,Employed,Manufacturing,0.6359,0.3079,62.1,0.01,1,1,2025-08-04,4
2672,9032,0,2004488.18,11.1476,240,MORTGAGE,Mortgage,26973.06,1288990.56,Employed,Manufacturing,1.5551,0.2511,62.1,0.05,1,1,2025-08-17,4
2673,9033,0,571796.84,20.7687,36,PERSONAL,Personal Loan,25779.48,4049776.92,Self-employed,Healthcare,0.1412,0.0764,35.7,0.02,1,1,2025-07-07,4
2674,9033,0,5429091.12,10.0868,120,MORTGAGE,Mortgage,90877.56,4049776.92,Self-employed,Healthcare,1.3406,0.2693,35.8,0.08,1,1,2025-07-27,5
2676,9047,0,9910913.02,11.3946,240,MORTGAGE,Mortgage,135404.55,1810259.52,Employed,Healthcare,5.4749,0.8976,61.5,0.13,1,1,2025-08-09,4
2677,9048,0,4057704.72,12.0666,240,MORTGAGE,Mortgage,57709.35,1518522.36,Employed,Healthcare,2.6721,0.4560,36.5,0.06,2,1,2025-02-01,11
2678,9053,0,7866485.56,14.2232,120,MORTGAGE,Mortgage,158792.88,552661.56,Student,,14.2338,3.4479,27.5,0.12,1,0,2025-11-16,1
2679,9056,0,571944.74,23.6614,60,PERSONAL,Personal Loan,20809.92,2425060.56,Employed,Manufacturing,0.2358,0.1030,44.5,0.37,1,1,2025-06-05,6
2680,9056,0,7201686.32,10.6912,120,MORTGAGE,Mortgage,124176.28,2425060.56,Employed,Manufacturing,2.9697,0.6145,44.3,0.12,1,1,2025-03-06,8
2681,9059,0,6301659.14,13.9693,180,MORTGAGE,Mortgage,108367.36,1191100.92,Employed,Retail,5.2906,1.0918,57.0,0.14,1,1,2025-07-17,5
2682,9063,1,908360.17,19.1371,24,PERSONAL,Personal Loan,52334.49,2032893.24,Employed,Manufacturing,0.4468,0.3089,60.9,0.01,1,1,2025-04-04,8
2683,9063,1,8243334.73,11.0124,300,MORTGAGE,Mortgage,103126.87,2032893.24,Employed,Manufacturing,4.0550,0.6087,61.0,0.11,1,1,2025-05-08,7
2684,9067,0,719003.70,18.8816,12,PERSONAL,Personal Loan,71230.26,6080039.16,Employed,Manufacturing,0.1183,0.1406,48.0,0.04,1,1,2025-07-25,4
2685,9067,0,4222398.37,11.4555,300,MORTGAGE,Mortgage,54382.73,6080039.16,Employed,Manufacturing,0.6945,0.1073,48.1,0.13,1,1,2025-08-28,4
2686,9073,1,7236680.78,11.8973,180,MORTGAGE,Mortgage,111951.25,1976531.88,Employed,Professional Services,3.6613,0.6797,45.6,0.11,1,1,2025-09-09,3
2687,9078,0,361757.05,20.9581,12,PERSONAL,Personal Loan,36464.54,1425627.36,Employed,Education,0.2538,0.3069,31.9,0.01,1,1,2025-10-21,2
2688,9084,0,586776.10,23.9303,60,PERSONAL,Personal Loan,21481.04,2399669.88,Employed,Healthcare,0.2445,0.1074,48.0,0.01,1,1,2025-01-29,11
2689,9088,0,1084076.13,20.6602,48,PERSONAL,Personal Loan,41249.28,1929312.12,Employed,Transport,0.5619,0.2566,40.4,0.02,1,1,2025-08-08,4
2690,9094,0,850014.08,21.6609,48,PERSONAL,Personal Loan,33052.02,762711.48,Employed,Manufacturing,1.1145,0.5200,28.3,0.03,1,1,2025-08-03,4
2691,9105,0,9508454.22,10.1785,240,MORTGAGE,Mortgage,120270.06,1958768.88,Employed,Hospitality,4.8543,0.7368,48.8,0.12,1,1,2025-06-05,5
2692,9107,0,378602.57,23.5228,24,PERSONAL,Personal Loan,23196.60,471960.00,Student,,0.8022,0.5898,17.6,0.03,1,1,2025-09-30,3
2693,9110,0,1197428.92,23.1711,60,PERSONAL,Personal Loan,43078.60,2037515.16,Employed,Construction,0.5877,0.2537,55.8,0.02,1,1,2025-11-24,1
2695,9118,0,5010858.92,12.3754,120,MORTGAGE,Mortgage,93433.31,6443944.68,Employed,Public Sector,0.7776,0.1740,36.2,0.09,1,1,2025-10-31,2
2696,9128,1,8485413.10,14.3146,240,MORTGAGE,Mortgage,136576.97,1923221.16,Employed,Tech,4.4121,0.8522,40.5,0.08,1,1,2025-04-28,8
2697,9130,1,1103264.28,23.3908,48,PERSONAL,Personal Loan,44489.87,1474975.56,Employed,Education,0.7480,0.3620,64.0,0.09,1,1,2025-06-24,6
2698,9132,1,5220930.75,12.3225,120,MORTGAGE,Mortgage,97120.19,1887600.48,Employed,Finance,2.7659,0.6174,35.4,0.06,1,1,2025-10-04,2
2699,9133,1,465526.62,21.4885,60,PERSONAL,Personal Loan,16095.00,633178.08,Employed,Healthcare,0.7352,0.3050,26.2,0.33,1,1,2025-06-24,6
2700,9141,0,9271988.79,14.2199,300,MORTGAGE,Mortgage,140778.92,1860060.60,Employed,Manufacturing,4.9848,0.9082,25.9,0.05,1,1,2025-06-16,6
2701,9143,0,6136332.05,11.0835,180,MORTGAGE,Mortgage,90767.43,1526530.68,Employed,Healthcare,4.0198,0.7135,28.0,0.09,1,1,2025-10-01,2
2703,9162,1,2032048.84,12.2610,180,MORTGAGE,Mortgage,32051.62,1517169.96,Employed,Finance,1.3394,0.2535,25.5,0.11,1,1,2025-05-13,7
2704,9172,0,1114246.79,22.7970,24,PERSONAL,Personal Loan,67594.85,5625688.20,Employed,Transport,0.1981,0.1442,46.1,0.01,1,1,2025-07-16,5
2705,9177,1,988597.94,20.3845,24,PERSONAL,Personal Loan,57984.98,2216888.28,Self-employed,Tech,0.4459,0.3139,57.7,0.04,1,1,2025-07-21,5
2706,9178,0,167530.51,18.1757,60,PERSONAL,Personal Loan,5329.66,624116.64,Retired,,0.2684,0.1025,75.6,0.31,1,1,2025-06-21,6
2707,9180,0,1469539.53,17.7266,24,PERSONAL,Personal Loan,82939.10,5373145.56,Employed,Education,0.2735,0.1852,48.1,0.14,1,1,2025-05-31,7
2708,9185,0,1052230.54,22.5213,36,PERSONAL,Personal Loan,48976.63,2436167.16,Employed,Energy,0.4319,0.2412,51.5,0.09,1,1,2025-04-11,8
2709,9185,1,3230439.82,12.4767,240,MORTGAGE,Mortgage,47047.86,2436167.16,Employed,Energy,1.3260,0.2317,51.4,0.04,1,1,2025-03-22,9
2710,9189,1,826878.14,17.0429,48,PERSONAL,Personal Loan,28970.30,1857279.24,Employed,Manufacturing,0.4452,0.1872,43.0,0.01,1,1,2025-10-09,2
2711,9191,0,2159674.01,12.5141,180,MORTGAGE,Mortgage,34520.17,1043011.92,Employed,Public Sector,2.0706,0.3972,25.4,0.14,1,1,2025-09-22,3
2712,9193,0,561463.49,18.1800,12,PERSONAL,Personal Loan,55294.80,1145661.60,Employed,Education,0.4901,0.5792,29.4,0.02,1,1,2025-09-08,3
2713,9202,0,724891.48,18.0009,36,PERSONAL,Personal Loan,31009.79,1353734.28,Employed,Transport,0.5355,0.2749,31.4,0.02,1,1,2025-08-07,4
2714,9203,0,340861.70,24.3483,12,PERSONAL,Personal Loan,35321.31,3163235.04,Employed,Construction,0.1078,0.1340,53.8,0.16,2,1,2025-07-05,5
2715,9205,0,8291454.38,12.5285,180,MORTGAGE,Mortgage,132629.87,1268300.28,Employed,Professional Services,6.5375,1.2549,49.2,0.10,1,1,2025-08-02,4
2716,9206,0,1338682.51,23.5057,24,PERSONAL,Personal Loan,82000.66,3418369.44,Employed,Construction,0.3916,0.2879,38.3,0.02,1,1,2025-06-13,6
2717,9206,0,5807457.77,13.5262,180,MORTGAGE,Mortgage,97724.35,3418369.44,Employed,Construction,1.6989,0.3431,38.3,0.08,1,1,2025-07-05,5
2718,9219,0,127594.08,18.7032,60,PERSONAL,Personal Loan,4115.25,2020974.84,Employed,Hospitality,0.0631,0.0244,58.8,0.10,1,1,2025-07-10,5
2719,9240,0,187835.36,24.0991,60,PERSONAL,Personal Loan,6902.81,2117355.24,Employed,Healthcare,0.0887,0.0391,39.7,0.11,1,1,2025-07-10,5
2720,9243,0,749053.29,20.2866,48,PERSONAL,Personal Loan,28268.40,976887.96,Self-employed,Public Sector,0.7668,0.3472,54.5,0.02,1,1,2025-08-04,4
2721,9245,0,141050.70,21.0597,36,PERSONAL,Personal Loan,6393.48,412311.96,Employed,Education,0.3421,0.1861,28.2,0.12,1,1,2025-03-31,9
2722,9252,0,667226.49,21.2200,60,PERSONAL,Personal Loan,22919.23,1373413.08,Employed,Energy,0.4858,0.2003,30.4,0.06,1,1,2025-04-09,8
2723,9252,0,2522512.47,11.1524,300,MORTGAGE,Mortgage,31851.76,1373413.08,Employed,Energy,1.8367,0.2783,30.5,0.12,1,1,2025-04-29,8
2724,9253,0,436850.93,23.6782,12,PERSONAL,Personal Loan,45024.11,2101445.28,Employed,Manufacturing,0.2079,0.2571,26.1,0.01,1,1,2025-08-10,4
2725,9253,0,7955924.60,12.7687,300,MORTGAGE,Mortgage,111175.43,2101445.28,Employed,Manufacturing,3.7859,0.6349,26.1,0.06,1,1,2025-08-27,4
2726,9255,0,1332914.58,18.8824,12,PERSONAL,Personal Loan,132050.07,5558198.40,Employed,Finance,0.2398,0.2851,48.5,0.02,1,1,2025-10-21,2
2727,9256,0,383016.02,24.9631,60,PERSONAL,Personal Loan,14351.32,1507298.04,Employed,Education,0.2541,0.1143,25.9,0.21,2,1,2025-05-28,7
2728,9267,0,198421.06,20.2814,12,PERSONAL,Personal Loan,19888.64,1715487.96,Employed,Transport,0.1157,0.1391,49.0,0.23,2,1,2025-07-05,5
2729,9267,0,9466766.74,13.8152,240,MORTGAGE,Mortgage,148432.59,1715487.96,Employed,Transport,5.5184,1.0383,48.9,0.16,2,1,2025-06-09,6
2730,9268,1,9637963.42,14.7036,180,MORTGAGE,Mortgage,171638.21,1502061.60,Employed,Energy,6.4165,1.3712,46.5,0.10,1,1,2025-02-25,10
2732,9274,1,2341039.82,12.8262,180,MORTGAGE,Mortgage,38027.98,2763377.04,Self-employed,Hospitality,0.8472,0.1651,60.7,0.09,1,0,2025-07-30,5
2733,9277,0,544489.85,21.8348,36,PERSONAL,Personal Loan,25032.07,4514718.12,Self-employed,Construction,0.1206,0.0665,54.3,0.21,1,1,2025-06-08,6
2734,9278,0,716349.61,24.5112,60,PERSONAL,Personal Loan,26571.32,2557003.44,Employed,Professional Services,0.2802,0.1247,23.7,0.02,1,1,2025-08-24,4
2738,9302,1,589668.27,24.7494,36,PERSONAL,Personal Loan,28541.29,1382776.08,Employed,Public Sector,0.4264,0.2477,27.0,0.03,1,1,2025-10-04,1
2740,9310,0,3433036.40,13.3885,240,MORTGAGE,Mortgage,52606.99,4586160.36,Employed,Energy,0.7486,0.1376,44.4,0.09,1,1,2025-02-05,10
2741,9311,0,855098.20,17.1530,60,PERSONAL,Personal Loan,26474.55,4593568.20,Employed,Transport,0.1862,0.0692,34.6,0.29,1,1,2025-07-04,5
2742,9311,0,4978968.04,12.8358,180,MORTGAGE,Mortgage,80918.47,4593568.20,Employed,Transport,1.0839,0.2114,34.4,0.08,1,1,2025-04-19,8
2743,9314,1,404071.76,19.9192,48,PERSONAL,Personal Loan,15125.48,575247.00,Student,,0.7024,0.3155,17.3,0.23,1,1,2025-06-20,6
2744,9319,0,1022271.77,20.2402,48,PERSONAL,Personal Loan,38539.82,1932742.32,Employed,Manufacturing,0.5289,0.2393,33.7,0.02,1,1,2025-09-30,3
2745,9320,0,1104349.39,22.2098,24,PERSONAL,Personal Loan,66454.04,1034474.52,Employed,Finance,1.0675,0.7709,31.8,0.02,2,1,2025-11-05,1
2746,9323,0,128732.66,18.8031,24,PERSONAL,Personal Loan,7381.01,1550657.64,Employed,Construction,0.0830,0.0571,40.2,0.10,1,1,2025-05-20,7
2747,9327,1,264780.61,22.5245,36,PERSONAL,Personal Loan,12325.06,836040.48,Student,,0.3167,0.1769,19.1,0.12,2,1,2025-05-18,7
2748,9330,0,756681.45,21.1399,60,PERSONAL,Personal Loan,25941.50,1456421.28,Employed,Professional Services,0.5195,0.2137,44.5,0.02,1,1,2025-06-03,6
2749,9339,0,2459880.02,10.7775,120,MORTGAGE,Mortgage,42591.80,2168276.40,Employed,Healthcare,1.1345,0.2357,40.6,0.13,1,1,2025-04-28,8
2750,9343,0,778544.99,22.8469,60,PERSONAL,Personal Loan,27798.53,2006703.00,Employed,Healthcare,0.3880,0.1662,26.1,0.03,1,0,2025-09-03,3
2753,9355,0,835460.43,20.7255,60,PERSONAL,Personal Loan,28353.79,1349384.28,Employed,Transport,0.6191,0.2521,57.8,0.14,2,1,2025-05-29,7
2755,9370,1,104652.33,23.0123,36,PERSONAL,Personal Loan,4913.92,3326607.72,Self-employed,Transport,0.0315,0.0177,64.6,0.01,1,1,2025-09-18,3
2756,9371,0,370583.99,20.3390,12,PERSONAL,Personal Loan,37163.09,2064186.36,Employed,Transport,0.1795,0.2160,35.5,0.02,1,1,2025-10-11,2
2757,9372,0,662231.20,23.7466,48,PERSONAL,Personal Loan,26901.27,2054809.80,Employed,Retail,0.3223,0.1571,39.6,0.02,1,1,2025-09-16,3
2758,9373,0,337967.70,16.3883,36,PERSONAL,Personal Loan,14003.59,1592954.28,Employed,Healthcare,0.2122,0.1055,31.6,0.04,1,1,2025-07-17,5
2759,9374,0,518787.10,23.1424,36,PERSONAL,Personal Loan,24415.73,1623078.00,Employed,Manufacturing,0.3196,0.1805,43.0,0.03,1,1,2025-11-28,1
2760,9377,0,8591934.33,12.8655,300,MORTGAGE,Mortgage,120756.06,1302936.00,Employed,Public Sector,6.5943,1.1122,56.4,0.07,1,1,2025-11-27,1
2762,9385,1,189333.76,22.0816,60,PERSONAL,Personal Loan,6639.56,520726.92,Employed,Construction,0.3636,0.1530,46.9,0.03,2,1,2025-09-09,3
2763,9385,0,4713928.82,14.7651,120,MORTGAGE,Mortgage,97284.10,520726.92,Employed,Construction,9.0526,2.2419,47.0,0.13,2,1,2025-10-17,2
2765,9392,0,394982.78,19.2283,36,PERSONAL,Personal Loan,17300.78,4414215.48,Employed,Finance,0.0895,0.0470,43.5,0.05,1,1,2025-06-29,6
2766,9392,0,4397031.88,13.7890,240,MORTGAGE,Mortgage,68846.53,4414215.48,Employed,Finance,0.9961,0.1872,43.6,0.12,1,1,2025-07-25,5
2767,9399,0,142310.23,23.1384,60,PERSONAL,Personal Loan,5115.86,614576.40,Student,,0.2316,0.0999,20.5,0.02,1,1,2025-08-02,4
2768,9400,0,6753446.73,11.2197,240,MORTGAGE,Mortgage,91282.40,3340453.68,Self-employed,Finance,2.0217,0.3279,52.7,0.12,1,1,2025-08-10,3
2769,9401,0,735678.58,18.8606,48,PERSONAL,Personal Loan,26889.42,5266206.60,Employed,Education,0.1397,0.0613,59.3,0.02,1,1,2025-10-14,2
2770,9402,0,386808.35,24.3165,24,PERSONAL,Personal Loan,23955.20,1601351.52,Employed,Finance,0.2416,0.1795,31.2,0.03,2,1,2025-08-29,4
2771,9404,0,524309.40,18.6628,24,PERSONAL,Personal Loan,30000.46,3918156.00,Employed,Energy,0.1338,0.0919,52.6,0.01,1,1,2025-08-11,4
2772,9406,0,522403.17,24.2425,60,PERSONAL,Personal Loan,19260.35,919798.32,Employed,Energy,0.5680,0.2513,30.1,0.03,1,1,2025-11-05,1
2773,9410,0,108054.40,18.8587,48,PERSONAL,Personal Loan,3949.27,553241.64,Employed,Hospitality,0.1953,0.0857,31.0,0.02,1,1,2025-06-17,6
2774,9422,1,115738.94,16.3721,12,PERSONAL,Personal Loan,11223.99,1747284.84,Employed,Retail,0.0662,0.0771,23.4,0.24,1,1,2025-04-09,8
2775,9424,0,4492041.76,12.6682,180,MORTGAGE,Mortgage,72377.52,2989211.40,Employed,Manufacturing,1.5028,0.2906,62.8,0.09,1,1,2025-12-01,1
2776,9429,0,129568.56,23.4348,36,PERSONAL,Personal Loan,6129.47,754147.08,Retired,,0.1718,0.0975,75.3,0.01,1,1,2025-08-03,4
2778,9433,0,711055.87,24.4971,24,PERSONAL,Personal Loan,44143.00,2208810.24,Employed,Public Sector,0.3219,0.2398,64.3,0.04,1,1,2025-07-15,5
2779,9434,0,732643.75,20.8582,60,PERSONAL,Personal Loan,24945.42,2172567.72,Employed,Education,0.3372,0.1378,27.1,0.03,1,1,2025-08-14,4
2780,9436,0,9460959.96,11.1235,240,MORTGAGE,Mortgage,127119.82,5184117.12,Employed,Transport,1.8250,0.2943,56.1,0.06,1,1,2025-05-29,7
2781,9438,0,444881.77,17.9033,36,PERSONAL,Personal Loan,18995.20,1363608.24,Employed,Construction,0.3263,0.1672,26.1,0.02,1,0,2025-09-11,3
2782,9440,0,599876.63,24.5126,48,PERSONAL,Personal Loan,24751.21,970197.48,Employed,Construction,0.6183,0.3061,23.5,0.08,1,1,2025-06-03,5
2783,9443,0,4799268.78,10.0536,180,MORTGAGE,Mortgage,66870.88,2658543.60,Employed,Hospitality,1.8052,0.3018,33.9,0.08,1,1,2025-07-05,5
2784,9446,1,5677965.61,14.0173,120,MORTGAGE,Mortgage,113641.17,2126115.24,Employed,Finance,2.6706,0.6414,58.6,0.07,1,1,2025-10-21,2
2785,9452,1,203963.31,19.4199,60,PERSONAL,Personal Loan,6700.18,1708106.88,Employed,Education,0.1194,0.0471,41.9,0.03,1,1,2025-09-20,3
2787,9458,0,2678740.64,13.0565,300,MORTGAGE,Mortgage,38074.95,3325169.88,Employed,Energy,0.8056,0.1374,56.3,0.10,1,1,2025-08-13,4
2788,9460,0,808030.01,22.9359,60,PERSONAL,Personal Loan,28911.25,1845924.72,Employed,Transport,0.4377,0.1879,38.1,0.02,1,1,2025-09-04,3
2789,9461,0,169357.78,22.7740,36,PERSONAL,Personal Loan,7918.51,511265.40,Retired,,0.3313,0.1859,75.7,0.04,1,1,2025-10-06,2
2790,9463,0,878176.03,23.6603,24,PERSONAL,Personal Loan,53905.59,2528634.96,Employed,Manufacturing,0.3473,0.2558,50.2,0.07,1,0,2025-07-14,5
2793,9482,0,468023.18,17.4619,36,PERSONAL,Personal Loan,19811.12,4041074.76,Employed,Healthcare,0.1158,0.0588,51.3,0.13,1,1,2025-05-09,7
2794,9485,0,998435.62,18.2164,24,PERSONAL,Personal Loan,56758.07,2096528.40,Employed,Manufacturing,0.4762,0.3249,48.9,0.02,1,1,2025-09-17,3
2795,9496,0,9272910.79,14.7880,120,MORTGAGE,Mortgage,191547.43,1712593.08,Employed,Public Sector,5.4145,1.3422,42.1,0.15,1,1,2025-10-20,2
2796,9497,0,752564.62,24.9537,36,PERSONAL,Personal Loan,36553.97,1939429.44,Employed,Construction,0.3880,0.2262,50.6,0.20,1,1,2025-06-11,6
2797,9498,0,794185.31,20.4740,48,PERSONAL,Personal Loan,30095.65,1644124.56,Employed,Retail,0.4830,0.2197,59.3,0.03,1,1,2025-10-03,2
2798,9501,0,4303004.74,13.3762,240,MORTGAGE,Mortgage,65894.06,2624156.64,Employed,Construction,1.6398,0.3013,36.5,0.10,1,1,2025-03-25,8
2799,9508,0,9196859.90,12.7337,180,MORTGAGE,Mortgage,148685.38,2543165.28,Employed,Education,3.6163,0.7016,35.6,0.08,1,1,2025-06-06,6
2800,9511,1,479884.54,18.5068,12,PERSONAL,Personal Loan,47391.32,2088349.68,Employed,Tech,0.2298,0.2723,62.2,0.14,1,1,2025-04-19,8
2801,9512,0,4872734.52,11.3003,300,MORTGAGE,Mortgage,62128.58,839770.56,Employed,Tech,5.8025,0.8878,62.1,0.14,1,1,2025-09-21,3
2803,9519,0,668547.48,16.3227,48,PERSONAL,Personal Loan,23021.82,1958304.96,Employed,Healthcare,0.3414,0.1411,51.0,0.07,1,1,2025-02-05,10
2804,9529,0,538165.13,23.9116,24,PERSONAL,Personal Loan,33147.20,2296401.00,Employed,Retail,0.2344,0.1732,50.2,0.12,1,1,2025-05-01,7
2805,9529,1,4973213.01,13.6898,180,MORTGAGE,Mortgage,84364.20,2296401.00,Employed,Retail,2.1657,0.4409,50.2,0.10,1,1,2025-04-25,8
2806,9539,0,564323.62,20.1568,12,PERSONAL,Personal Loan,56506.10,1317882.84,Employed,Public Sector,0.4282,0.5145,29.8,0.02,1,1,2025-07-14,5
2807,9541,1,4828254.45,10.7458,180,MORTGAGE,Mortgage,70059.85,976167.96,Employed,Tech,4.9461,0.8612,45.6,0.06,1,1,2025-03-10,9
2808,9544,0,4388250.81,13.5164,120,MORTGAGE,Mortgage,85996.55,1863459.48,Employed,Retail,2.3549,0.5538,24.5,0.03,1,1,2025-04-18,8
2810,9547,0,1171428.37,18.5085,60,PERSONAL,Personal Loan,37591.62,1715092.32,Employed,Tech,0.6830,0.2630,36.2,0.04,1,1,2025-02-25,10
2812,9551,1,975943.84,17.0937,24,PERSONAL,Personal Loan,54566.40,5479363.56,Employed,Hospitality,0.1781,0.1195,33.0,0.03,1,1,2025-07-11,5
2814,9574,0,2523192.67,14.0927,120,MORTGAGE,Mortgage,50658.77,1770561.24,Self-employed,Tech,1.4251,0.3433,55.1,0.11,2,1,2025-11-05,1
2815,9576,0,326249.51,23.9564,12,PERSONAL,Personal Loan,33700.60,1656064.44,Employed,Professional Services,0.1970,0.2442,52.8,0.07,1,1,2025-04-19,8
2816,9576,0,4350874.10,13.7025,300,MORTGAGE,Mortgage,64184.46,1656064.44,Employed,Professional Services,2.6272,0.4651,52.7,0.06,1,1,2025-04-14,8
2818,9587,1,1015875.96,24.9374,60,PERSONAL,Personal Loan,38042.35,1565243.16,Employed,Manufacturing,0.6490,0.2917,64.4,0.03,1,1,2025-06-25,6
2819,9588,0,1411599.79,20.7083,12,PERSONAL,Personal Loan,141993.18,2046915.48,Employed,Hospitality,0.6896,0.8324,46.6,0.31,2,1,2025-06-04,6
2820,9591,0,9257219.10,12.3556,240,MORTGAGE,Mortgage,133887.16,1194311.04,Employed,Tech,7.7511,1.3452,60.6,0.10,2,1,2025-11-15,1
2821,9603,0,9605347.99,14.9141,300,MORTGAGE,Mortgage,151397.09,1222114.44,Employed,Public Sector,7.8596,1.4866,47.8,0.14,1,1,2025-05-19,7
2822,9605,0,298993.10,18.4528,48,PERSONAL,Personal Loan,10826.74,1972172.16,Employed,Retail,0.1516,0.0659,43.6,0.04,1,1,2025-07-09,5
2824,9609,1,328231.91,20.6176,60,PERSONAL,Personal Loan,11109.99,2641958.40,Employed,Tech,0.1242,0.0505,57.4,0.40,1,1,2025-05-29,7
2825,9609,1,8085498.10,13.8475,120,MORTGAGE,Mortgage,160682.43,2641958.40,Employed,Tech,3.0604,0.7298,57.1,0.09,1,1,2025-02-03,10
2826,9610,0,245171.72,24.5700,24,PERSONAL,Personal Loan,15235.38,1773660.84,Employed,Professional Services,0.1382,0.1031,33.4,0.02,1,1,2025-07-06,5
2828,9613,0,452571.95,16.7697,48,PERSONAL,Personal Loan,15753.16,4701257.28,Employed,Energy,0.0963,0.0402,62.6,0.40,2,1,2025-07-13,5
2829,9616,0,477323.96,24.4969,12,PERSONAL,Personal Loan,49521.13,4575336.24,Self-employed,Manufacturing,0.1043,0.1299,35.5,0.16,1,1,2025-05-15,7
2830,9618,1,934349.31,16.9889,24,PERSONAL,Personal Loan,52159.19,1832379.96,Employed,Energy,0.5099,0.3416,50.3,0.05,1,1,2025-04-23,8
2832,9626,0,590882.87,16.0882,48,PERSONAL,Personal Loan,20231.93,8476093.68,Employed,Construction,0.0697,0.0286,36.7,0.02,1,1,2025-09-13,3
2833,9627,1,720813.37,17.6545,24,PERSONAL,Personal Loan,40638.56,2592383.04,Employed,Construction,0.2781,0.1881,26.4,0.03,1,1,2025-07-10,5
2834,9632,0,283156.05,21.2452,36,PERSONAL,Personal Loan,12878.53,739620.48,Student,,0.3828,0.2089,22.7,0.10,1,1,2025-07-04,5
2835,9635,0,470722.02,16.1867,12,PERSONAL,Personal Loan,45576.37,2199938.76,Self-employed,Public Sector,0.2140,0.2486,55.2,0.04,1,1,2025-08-29,4
2836,9637,1,1068575.19,21.5950,36,PERSONAL,Personal Loan,48912.55,2263521.60,Employed,Tech,0.4721,0.2593,61.7,0.03,1,1,2025-07-12,5
2837,9641,0,189550.55,18.2541,60,PERSONAL,Personal Loan,6042.57,692431.68,Employed,Construction,0.2737,0.1047,38.5,0.05,1,1,2025-06-16,6
2838,9647,0,5572424.64,13.9291,180,MORTGAGE,Mortgage,95640.30,1351671.84,Employed,Retail,4.1226,0.8491,23.2,0.04,1,1,2025-07-04,5
2839,9648,0,602892.73,21.9906,60,PERSONAL,Personal Loan,21096.52,3226787.40,Self-employed,Transport,0.1868,0.0785,40.8,0.01,1,1,2025-10-24,2
2841,9659,0,105630.67,18.8048,24,PERSONAL,Personal Loan,6056.58,1734261.84,Employed,Education,0.0609,0.0419,41.7,0.01,1,1,2025-10-18,2
2842,9666,0,866168.89,21.3341,48,PERSONAL,Personal Loan,33444.30,2809829.40,Employed,Manufacturing,0.3083,0.1428,56.9,0.02,1,1,2025-11-30,1
2843,9673,1,6267368.85,13.3253,240,MORTGAGE,Mortgage,95709.51,710931.48,Employed,Tech,8.8157,1.6155,26.9,0.15,1,1,2025-03-19,9
2844,9674,1,948690.99,18.0438,36,PERSONAL,Personal Loan,40617.52,1691439.12,Employed,Professional Services,0.5609,0.2882,41.2,0.01,1,1,2025-07-07,5
2845,9675,0,794359.35,21.2142,12,PERSONAL,Personal Loan,80239.69,1672629.36,Employed,Tech,0.4749,0.5757,36.7,0.13,1,1,2025-04-24,8
2846,9675,1,7168116.16,10.0901,300,MORTGAGE,Mortgage,84166.23,1672629.36,Employed,Tech,4.2855,0.6038,36.6,0.07,1,1,2025-04-02,8
2847,9677,1,1054706.44,16.4002,36,PERSONAL,Personal Loan,43711.90,1967070.84,Employed,Retail,0.5362,0.2667,25.9,0.18,1,1,2025-03-28,9
2848,9677,1,9676419.18,12.0261,180,MORTGAGE,Mortgage,150732.54,1967070.84,Employed,Retail,4.9192,0.9195,25.8,0.06,1,1,2025-02-13,10
2849,9683,0,1067524.07,16.2633,12,PERSONAL,Personal Loan,103428.23,4271262.24,Self-employed,Education,0.2499,0.2906,59.3,0.03,1,1,2025-09-25,3
2850,9684,0,2717031.90,13.2118,240,MORTGAGE,Mortgage,41235.03,1062245.76,Employed,Energy,2.5578,0.4658,61.4,0.10,1,1,2025-10-24,2
2851,9688,0,287760.02,17.8005,24,PERSONAL,Personal Loan,16258.56,733773.96,Retired,,0.3922,0.2659,79.0,0.04,1,0,2025-10-18,2
2852,9689,1,166150.53,16.1264,48,PERSONAL,Personal Loan,5694.31,2526129.96,Employed,Tech,0.0658,0.0270,30.7,0.28,1,1,2025-04-22,8
2853,9689,1,5391487.72,12.5164,120,MORTGAGE,Mortgage,101164.08,2526129.96,Employed,Tech,2.1343,0.4806,30.5,0.10,1,1,2025-02-15,10
2854,9690,0,808952.49,24.8679,60,PERSONAL,Personal Loan,30246.67,2151718.68,Employed,Manufacturing,0.3760,0.1687,44.6,0.01,1,1,2025-06-29,6
2855,9691,0,6095647.25,10.1631,240,MORTGAGE,Mortgage,77024.09,2055537.24,Employed,Healthcare,2.9655,0.4497,52.3,0.07,1,1,2025-05-06,7
2856,9693,0,641960.06,20.0254,36,PERSONAL,Personal Loan,28545.15,1583969.04,Employed,Finance,0.4053,0.2163,36.3,0.02,1,1,2025-11-14,1
2857,9695,1,2121762.13,13.7155,300,MORTGAGE,Mortgage,31323.40,2900663.28,Employed,Tech,0.7315,0.1296,54.5,0.06,1,1,2025-04-04,8
2858,9700,1,117167.45,17.1332,48,PERSONAL,Personal Loan,4113.87,1625050.32,Employed,Manufacturing,0.0721,0.0304,63.6,0.02,1,1,2025-08-27,4
2859,9701,0,436625.75,21.0959,36,PERSONAL,Personal Loan,19804.34,1530938.64,Employed,Construction,0.2852,0.1552,24.7,0.02,1,1,2025-09-05,3
2860,9702,0,911990.50,17.9988,36,PERSONAL,Personal Loan,39012.01,1863858.36,Employed,Finance,0.4893,0.2512,38.7,0.03,2,1,2025-10-23,2
2861,9702,0,2193481.30,12.2073,180,MORTGAGE,Mortgage,34499.74,1863858.36,Employed,Finance,1.1768,0.2221,38.7,0.06,2,1,2025-11-02,1
2863,9710,0,965556.02,17.0512,12,PERSONAL,Personal Loan,94182.91,2066510.16,Employed,Education,0.4672,0.5469,56.7,0.02,1,1,2025-11-09,1
2864,9711,0,8618898.42,12.4521,180,MORTGAGE,Mortgage,137318.92,2360912.64,Employed,Finance,3.6507,0.6980,34.3,0.08,1,1,2025-05-07,7
2865,9716,0,428671.96,17.7553,12,PERSONAL,Personal Loan,42065.33,948296.04,Employed,Finance,0.4520,0.5323,33.9,0.11,1,0,2025-02-28,9
2867,9723,0,863426.59,20.0711,48,PERSONAL,Personal Loan,32429.66,2153986.68,Self-employed,Construction,0.4009,0.1807,46.9,0.02,1,1,2025-10-03,2
2868,9723,0,5789925.02,13.4777,180,MORTGAGE,Mortgage,97195.31,2153986.68,Self-employed,Construction,2.6880,0.5415,46.9,0.04,1,1,2025-10-12,2
2869,9726,0,2927299.06,11.1244,300,MORTGAGE,Mortgage,36894.70,1816658.76,Employed,Finance,1.6114,0.2437,32.7,0.10,1,0,2025-10-19,2
2870,9730,1,141236.44,17.8209,12,PERSONAL,Personal Loan,13867.17,1727969.28,Employed,Public Sector,0.0817,0.0963,46.2,0.26,1,1,2025-04-10,8
2871,9731,0,475009.83,19.6340,12,PERSONAL,Personal Loan,47356.11,1051295.76,Employed,Public Sector,0.4518,0.5405,50.6,0.02,1,1,2025-07-17,5
2872,9734,0,8393277.42,12.8191,300,MORTGAGE,Mortgage,117639.48,2072991.00,Employed,Hospitality,4.0489,0.6810,50.3,0.08,1,1,2025-08-28,4
2873,9740,0,4299807.90,11.0062,180,MORTGAGE,Mortgage,63324.94,760048.80,Employed,Energy,5.6573,0.9998,26.6,0.11,1,1,2025-04-02,8
2874,9741,0,818803.77,20.6493,48,PERSONAL,Personal Loan,31148.18,2699329.68,Employed,Public Sector,0.3033,0.1385,30.3,0.15,1,1,2025-05-24,7
2875,9742,1,4412174.70,13.3487,180,MORTGAGE,Mortgage,73592.75,2222984.28,Employed,Construction,1.9848,0.3973,31.4,0.09,1,1,2025-07-26,5
2877,9757,0,9021020.02,11.7841,120,MORTGAGE,Mortgage,163762.34,5190379.92,Employed,Public Sector,1.7380,0.3786,37.4,0.08,1,1,2025-06-16,6
2878,9760,1,6598978.07,14.9851,300,MORTGAGE,Mortgage,104401.88,1634958.72,Employed,Energy,4.0362,0.7663,38.3,0.07,1,0,2025-02-08,10
2880,9768,0,472638.77,16.8915,60,PERSONAL,Personal Loan,14530.29,1700167.44,Employed,Energy,0.2780,0.1026,36.2,0.04,1,1,2025-11-18,1
2882,9769,1,108383.88,16.3861,60,PERSONAL,Personal Loan,3286.39,1384358.16,Employed,Tech,0.0783,0.0285,32.4,0.04,1,0,2025-08-19,4
2883,9772,0,244520.03,23.4364,12,PERSONAL,Personal Loan,25152.23,2307799.68,Employed,Healthcare,0.1060,0.1308,46.6,0.01,1,1,2025-07-12,5
2884,9774,1,1342884.31,21.1478,36,PERSONAL,Personal Loan,60968.22,4445055.48,Self-employed,Retail,0.3021,0.1646,33.2,0.14,1,1,2025-06-27,6
2885,9779,0,532469.99,19.3136,48,PERSONAL,Personal Loan,19663.05,2148483.60,Employed,Public Sector,0.2478,0.1098,29.1,0.37,2,1,2025-07-07,5
2886,9780,0,3362236.64,12.6609,180,MORTGAGE,Mortgage,54153.21,3053342.16,Employed,Hospitality,1.1012,0.2128,48.6,0.13,1,1,2025-07-08,4
2887,9786,1,1074901.87,16.7959,36,PERSONAL,Personal Loan,44903.34,1918869.72,Employed,Transport,0.5602,0.2808,36.4,0.08,1,1,2025-07-15,5
2888,9786,1,4848825.77,12.9773,300,MORTGAGE,Mortgage,68599.97,1918869.72,Employed,Transport,2.5269,0.4290,36.4,0.12,1,1,2025-07-28,5
2889,9788,1,728632.03,21.2690,24,PERSONAL,Personal Loan,43274.06,3625338.48,Employed,Manufacturing,0.2010,0.1432,48.5,0.19,2,1,2025-07-05,5
2890,9788,0,5280750.85,10.2881,180,MORTGAGE,Mortgage,74611.58,3625338.48,Employed,Manufacturing,1.4566,0.2470,48.4,0.10,1,1,2025-06-02,6
2891,9789,0,718417.35,21.4389,60,PERSONAL,Personal Loan,24808.69,1497226.92,Employed,Tech,0.4798,0.1988,24.3,0.22,1,1,2025-06-24,6
2892,9790,0,174549.44,19.5662,36,PERSONAL,Personal Loan,7694.65,441031.92,Retired,,0.3958,0.2094,68.0,0.03,1,1,2025-08-21,4
2893,9791,0,869394.90,22.0934,60,PERSONAL,Personal Loan,30496.49,5044994.64,Employed,Finance,0.1723,0.0725,63.9,0.11,2,1,2025-04-02,8
2895,9798,0,1130549.26,24.3575,24,PERSONAL,Personal Loan,70054.01,2134448.64,Employed,Healthcare,0.5297,0.3938,45.9,0.04,1,0,2025-07-30,5
2896,9801,0,9008496.92,12.8388,240,MORTGAGE,Mortgage,133917.31,3849494.64,Employed,Hospitality,2.3402,0.4175,59.4,0.10,1,1,2025-07-21,5
2897,9806,0,4777651.96,12.0206,120,MORTGAGE,Mortgage,87672.30,5241221.28,Employed,Tech,0.9116,0.2007,42.8,0.09,1,1,2025-09-18,3
2898,9808,1,9516727.96,11.6400,180,MORTGAGE,Mortgage,145182.97,578259.24,Retired,,16.4575,3.0128,77.6,0.05,1,1,2025-08-12,4
2899,9809,0,9550452.79,13.9543,300,MORTGAGE,Mortgage,142893.08,864227.04,Employed,Construction,11.0509,1.9841,27.6,0.07,1,1,2025-04-18,8
2900,9810,0,115743.40,23.9748,36,PERSONAL,Personal Loan,5527.53,2485156.08,Employed,Healthcare,0.0466,0.0267,49.9,0.01,1,0,2025-09-23,3
2901,9816,0,987118.94,22.9971,24,PERSONAL,Personal Loan,60047.35,1432386.12,Employed,Retail,0.6891,0.5031,65.0,0.11,2,1,2025-04-30,8
2902,9833,1,884943.89,22.1672,60,PERSONAL,Personal Loan,31096.34,2661171.48,Employed,Transport,0.3325,0.1402,33.6,0.03,1,1,2025-08-26,4
2903,9838,1,597873.49,19.9373,36,PERSONAL,Personal Loan,26540.92,852244.92,Employed,Professional Services,0.7015,0.3737,58.5,0.16,1,1,2025-04-17,8
2904,9843,0,9510786.72,12.7815,120,MORTGAGE,Mortgage,180558.32,6258508.32,Employed,Tech,1.5197,0.3462,52.3,0.07,1,1,2025-10-12,2
2905,9846,0,366901.00,21.7617,24,PERSONAL,Personal Loan,21941.20,1625285.64,Employed,Tech,0.2257,0.1620,29.4,0.02,1,1,2025-06-23,6
2906,9857,0,2293174.65,13.2877,120,MORTGAGE,Mortgage,44502.30,1505368.32,Employed,Hospitality,1.5233,0.3547,64.8,0.08,1,1,2025-11-05,1
2907,9859,0,4048870.75,12.0960,180,MORTGAGE,Mortgage,63306.34,4435088.16,Employed,Retail,0.9129,0.1713,37.0,0.05,1,1,2025-10-12,2
2908,9866,0,471609.95,18.6008,12,PERSONAL,Personal Loan,46611.10,2541030.60,Employed,Education,0.1856,0.2201,42.4,0.01,1,1,2025-08-27,4
2909,9866,0,7084319.22,14.6034,300,MORTGAGE,Mortgage,109827.02,2541030.60,Employed,Education,2.7880,0.5187,42.5,0.12,1,1,2025-10-05,2
2910,9868,1,103308.50,24.1812,60,PERSONAL,Personal Loan,3803.58,2645557.56,Employed,Energy,0.0390,0.0173,36.5,0.03,1,1,2025-07-10,5
2911,9877,1,215106.72,24.6459,48,PERSONAL,Personal Loan,8899.31,2226030.72,Employed,Healthcare,0.0966,0.0480,29.5,0.11,1,1,2025-03-21,9
2912,9878,0,425598.93,22.4844,48,PERSONAL,Personal Loan,16841.09,1819765.92,Employed,Energy,0.2339,0.1111,64.7,0.11,1,1,2025-07-17,5
2913,9879,0,667412.36,18.3658,12,PERSONAL,Personal Loan,65832.33,6812524.08,Employed,Education,0.0980,0.1160,48.0,0.02,1,1,2025-09-04,3
2915,9885,1,4697616.98,13.6752,120,MORTGAGE,Mortgage,92680.85,1701384.60,Self-employed,Transport,2.7611,0.6537,35.3,0.08,2,1,2025-06-05,6
2916,9886,0,4065679.53,14.1482,120,MORTGAGE,Mortgage,81815.70,1551294.36,Employed,Hospitality,2.6208,0.6329,42.3,0.15,1,1,2025-10-07,2
2917,9887,0,5410021.50,10.3203,240,MORTGAGE,Mortgage,69069.29,1237222.92,Self-employed,Education,4.3727,0.6699,34.3,0.04,1,1,2025-07-09,5
2918,9900,0,1199493.36,22.2947,60,PERSONAL,Personal Loan,42276.84,4422693.96,Employed,Finance,0.2712,0.1147,65.0,0.01,1,1,2025-11-30,1
2922,9912,1,8624279.47,10.3938,180,MORTGAGE,Mortgage,122611.86,2255517.12,Employed,Education,3.8236,0.6523,46.6,0.07,1,1,2025-02-28,10
2923,9914,0,476026.43,19.4579,48,PERSONAL,Personal Loan,17635.95,1128308.28,Employed,Hospitality,0.4219,0.1876,42.0,0.25,2,1,2025-05-06,7
2924,9915,0,7233638.15,10.1778,120,MORTGAGE,Mortgage,121632.42,1245576.36,Employed,Tech,5.8075,1.1718,61.1,0.09,1,1,2025-05-28,7
2925,9917,1,1478824.73,17.3438,24,PERSONAL,Personal Loan,82991.40,2802621.60,Self-employed,Manufacturing,0.5277,0.3553,37.6,0.08,1,1,2025-03-18,9
2927,9942,0,747385.67,21.7544,12,PERSONAL,Personal Loan,75831.24,1337750.52,Employed,Retail,0.5587,0.6802,28.6,0.07,1,1,2025-04-29,8
2928,9947,0,1006208.52,23.1459,36,PERSONAL,Personal Loan,47358.24,3798837.96,Employed,Hospitality,0.2649,0.1496,34.6,0.02,1,1,2025-12-01,1
2929,9951,0,982100.83,24.6151,60,PERSONAL,Personal Loan,36513.77,1350681.96,Employed,Professional Services,0.7271,0.3244,36.2,0.02,1,1,2025-11-05,1
2930,9960,0,607059.98,18.3842,60,PERSONAL,Personal Loan,19417.93,2001486.12,Employed,Manufacturing,0.3033,0.1164,58.9,0.02,1,1,2025-09-25,3
2931,9966,0,589490.53,16.0707,36,PERSONAL,Personal Loan,24269.34,1316274.24,Employed,Energy,0.4478,0.2213,30.0,0.18,2,1,2025-04-24,8
2932,9967,0,303563.20,20.6244,36,PERSONAL,Personal Loan,13649.65,2412191.76,Employed,Construction,0.1258,0.0679,64.3,0.02,1,1,2025-11-02,1
2933,9971,0,9431588.53,12.3995,180,MORTGAGE,Mortgage,149853.53,710153.52,Employed,Tech,13.2811,2.5322,35.8,0.16,2,1,2025-02-28,10
2934,9972,0,379375.08,19.6799,12,PERSONAL,Personal Loan,37836.31,2514213.60,Employed,Transport,0.1509,0.1806,54.5,0.06,1,1,2025-04-15,8
2935,9987,0,486117.14,17.0789,12,PERSONAL,Personal Loan,47428.38,3869863.68,Self-employed,Public Sector,0.1256,0.1471,33.6,0.02,1,1,2025-08-04,4
2936,9990,0,216778.58,23.9977,36,PERSONAL,Personal Loan,10356.78,5335805.88,Employed,Transport,0.0406,0.0233,55.9,0.01,1,1,2025-10-06,2
2937,9992,0,566687.11,19.6716,60,PERSONAL,Personal Loan,18734.49,2369350.68,Employed,Tech,0.2392,0.0949,55.3,0.05,1,1,2025-03-30,9
2938,9992,0,9773008.01,11.6354,180,MORTGAGE,Mortgage,149055.20,2369350.68,Employed,Tech,4.1248,0.7549,55.3,0.09,1,1,2025-04-11,8
2939,9997,0,513050.33,19.0845,60,PERSONAL,Personal Loan,16710.26,1013296.92,Employed,Hospitality,0.5063,0.1979,40.7,0.04,1,0,2025-10-31,2